facility_id,group_id,fold,latitude,longitude,operation_status,state
56216,iowa_cafo_group_0001,2,41.47134,-92.37455,Active,IA
56217,iowa_cafo_group_0002,2,40.92031,-95.67438,Active,IA
56218,iowa_cafo_group_0003,1,42.58492,-92.91373,Active,IA
56219,iowa_cafo_group_0004,2,40.61342,-94.6954,Active,IA
56220,iowa_cafo_group_0005,4,40.77613,-95.61406,Active,IA
56222,iowa_cafo_group_0006,0,42.95344,-96.19602,Active,IA
56223,iowa_cafo_group_0007,2,41.37795,-94.93266,Active,IA
56224,iowa_cafo_group_0006,0,43.00531,-96.00294,Active,IA
56225,iowa_cafo_group_0008,3,41.244,-95.31234,Active,IA
56226,iowa_cafo_group_0009,1,40.74417,-94.72213,Active,IA
56227,iowa_cafo_group_0009,1,40.7576,-94.71637,Active,IA
56228,iowa_cafo_group_0006,0,43.07789,-96.13549,Active,IA
56229,iowa_cafo_group_0010,1,40.73961,-92.58791,Active,IA
56231,iowa_cafo_group_0011,3,42.83741,-96.04854,Active,IA
56232,iowa_cafo_group_0012,3,41.08897,-95.15507,Active,IA
56233,iowa_cafo_group_0013,2,42.29427,-90.96069,Active,IA
56234,iowa_cafo_group_0014,3,41.79169,-95.62612,Active,IA
56235,iowa_cafo_group_0014,3,41.79656,-95.62809,Active,IA
56236,iowa_cafo_group_0015,4,42.25958,-94.89598,Active,IA
56238,iowa_cafo_group_0016,2,42.38481,-94.81839,Active,IA
56239,iowa_cafo_group_0009,1,40.74164,-94.70121,Active,IA
56241,iowa_cafo_group_0017,3,42.07952,-94.73071,Active,IA
56242,iowa_cafo_group_0018,2,42.12201,-94.72371,Active,IA
56243,iowa_cafo_group_0017,3,42.07706,-94.74636,Active,IA
56245,iowa_cafo_group_0019,4,41.40383,-95.1106,Active,IA
56246,iowa_cafo_group_0020,2,42.03791,-93.11553,Active,IA
56249,iowa_cafo_group_0021,1,41.98306,-94.77448,Active,IA
56251,iowa_cafo_group_0022,2,41.68867,-94.71486,Active,IA
56252,iowa_cafo_group_0023,4,42.18706,-94.83106,Active,IA
56253,iowa_cafo_group_0024,3,41.39532,-95.59815,Active,IA
56254,iowa_cafo_group_0025,2,41.53627,-94.91023,Active,IA
56255,iowa_cafo_group_0024,3,41.38971,-95.58994,Active,IA
56257,iowa_cafo_group_0026,2,42.1055,-94.83996,Active,IA
56258,iowa_cafo_group_0027,1,41.91398,-94.8161,Active,IA
56260,iowa_cafo_group_0028,2,41.57473,-94.89539,Active,IA
56261,iowa_cafo_group_0029,1,42.33989,-95.37852,Active,IA
56263,iowa_cafo_group_0026,2,42.12481,-94.83731,Active,IA
56264,iowa_cafo_group_0030,1,41.40195,-94.70577,Active,IA
56265,iowa_cafo_group_0031,1,41.26089,-95.20751,Active,IA
56266,iowa_cafo_group_0032,4,41.28806,-95.23983,Active,IA
56267,iowa_cafo_group_0032,4,41.29146,-95.23167,Active,IA
56268,iowa_cafo_group_0033,2,40.94,-95.44,Active,IA
56269,iowa_cafo_group_0023,4,42.16507,-94.82491,Active,IA
56271,iowa_cafo_group_0006,0,43.1183,-96.34882,Active,IA
56272,iowa_cafo_group_0034,4,42.03133,-94.75948,Active,IA
56273,iowa_cafo_group_0026,2,42.10815,-94.84865,Active,IA
56274,iowa_cafo_group_0023,4,42.10844,-94.90727,Active,IA
56275,iowa_cafo_group_0035,1,41.69606,-95.70267,Active,IA
56276,iowa_cafo_group_0006,0,42.99736,-96.28721,Active,IA
56278,iowa_cafo_group_0036,3,42.54986,-95.09318,Active,IA
56280,iowa_cafo_group_0006,0,43.45591,-96.19663,Active,IA
56281,iowa_cafo_group_0006,0,42.88286,-96.25329,Active,IA
56283,iowa_cafo_group_0037,3,42.42935,-95.51791,Active,IA
56284,iowa_cafo_group_0006,0,43.2152,-96.33869,Active,IA
56285,iowa_cafo_group_0038,1,43.39358,-94.32502,Active,IA
56287,iowa_cafo_group_0039,3,41.92214,-94.88751,Active,IA
56288,iowa_cafo_group_0040,1,43.01,-93.13,Active,IA
56289,iowa_cafo_group_0041,3,42.47538,-95.60744,Active,IA
56290,iowa_cafo_group_0042,2,42.10071,-95.73046,Active,IA
56291,iowa_cafo_group_0043,1,41.91729,-95.56988,Active,IA
56292,iowa_cafo_group_0044,1,40.80334,-95.51968,Active,IA
56294,iowa_cafo_group_0006,0,43.09262,-96.31456,Active,IA
56296,iowa_cafo_group_0006,0,43.08417,-95.93164,Active,IA
56298,iowa_cafo_group_0045,1,41.23311,-95.34391,Active,IA
56299,iowa_cafo_group_0046,4,41.23075,-95.26181,Active,IA
56300,iowa_cafo_group_0021,1,41.95519,-94.82245,Active,IA
56301,iowa_cafo_group_0047,4,41.31465,-95.09642,Active,IA
56302,iowa_cafo_group_0006,0,43.17094,-95.86198,Active,IA
56304,iowa_cafo_group_0048,2,41.52189,-93.23314,Active,IA
56305,iowa_cafo_group_0049,4,41.73087,-94.53069,Active,IA
56306,iowa_cafo_group_0006,0,43.13633,-96.3729,Active,IA
56307,iowa_cafo_group_0050,2,42.0125,-93.95057,Active,IA
56308,iowa_cafo_group_0051,1,41.17578,-95.4592,Active,IA
56310,iowa_cafo_group_0006,0,43.09917,-96.36158,Active,IA
56311,iowa_cafo_group_0052,3,42.4442,-95.31957,Active,IA
56313,iowa_cafo_group_0006,0,43.19074,-96.31597,Active,IA
56314,iowa_cafo_group_0053,1,41.53456,-93.29104,Active,IA
56315,iowa_cafo_group_0054,1,41.02938,-94.42322,Active,IA
56316,iowa_cafo_group_0055,4,41.62438,-94.84848,Active,IA
56317,iowa_cafo_group_0056,1,42.31248,-95.1499,Active,IA
56318,iowa_cafo_group_0057,1,41.79341,-95.73212,Active,IA
56319,iowa_cafo_group_0023,4,42.22884,-94.87821,Active,IA
56320,iowa_cafo_group_0058,1,41.75454,-92.76181,Active,IA
56321,iowa_cafo_group_0059,3,43.14175,-92.45768,Active,IA
56322,iowa_cafo_group_0060,4,43.25164,-92.77557,Active,IA
56323,iowa_cafo_group_0061,1,42.98206,-95.92773,Active,IA
56325,iowa_cafo_group_0062,1,41.98594,-90.91602,Active,IA
56326,iowa_cafo_group_0063,2,40.96562,-91.47582,Active,IA
56330,iowa_cafo_group_0064,3,41.51945,-94.642,Active,IA
56331,iowa_cafo_group_0047,4,41.31042,-95.10565,Active,IA
56332,iowa_cafo_group_0065,0,43.25685,-95.02476,Active,IA
56334,iowa_cafo_group_0066,2,41.76019,-95.16765,Active,IA
56335,iowa_cafo_group_0067,1,41.7929,-95.19153,Active,IA
56336,iowa_cafo_group_0006,0,43.16785,-95.8822,Active,IA
56339,iowa_cafo_group_0068,2,42.40381,-95.20728,Active,IA
56341,iowa_cafo_group_0027,1,41.87825,-94.87092,Active,IA
56342,iowa_cafo_group_0006,0,43.09328,-96.30932,Active,IA
56343,iowa_cafo_group_0069,3,43.29993,-94.58662,Active,IA
56344,iowa_cafo_group_0003,1,42.58547,-92.90456,Active,IA
56346,iowa_cafo_group_0070,3,41.77878,-92.7865,Active,IA
56348,iowa_cafo_group_0006,0,42.98255,-96.30124,Active,IA
56349,iowa_cafo_group_0071,3,41.23449,-94.29775,Active,IA
56350,iowa_cafo_group_0072,0,40.93665,-91.44806,Active,IA
56352,iowa_cafo_group_0073,1,42.93592,-92.39014,Active,IA
56353,iowa_cafo_group_0074,1,42.63862,-91.25789,Active,IA
56354,iowa_cafo_group_0075,1,41.94434,-93.83186,Active,IA
56355,iowa_cafo_group_0076,4,42.05791,-94.78663,Active,IA
56356,iowa_cafo_group_0023,4,42.17595,-94.87991,Active,IA
56357,iowa_cafo_group_0077,2,42.1513,-91.58265,Active,IA
56359,iowa_cafo_group_0078,0,41.85651,-93.94876,Active,IA
56360,iowa_cafo_group_0079,4,41.2027,-95.00231,Active,IA
56361,iowa_cafo_group_0079,4,41.19423,-95.00205,Active,IA
56362,iowa_cafo_group_0068,2,42.35605,-95.24059,Active,IA
56363,iowa_cafo_group_0006,0,43.06154,-96.19542,Active,IA
56364,iowa_cafo_group_0080,2,42.01048,-94.96332,Active,IA
56365,iowa_cafo_group_0081,3,41.17618,-95.52974,Active,IA
56366,iowa_cafo_group_0023,4,42.15644,-94.8805,Active,IA
56367,iowa_cafo_group_0006,0,43.34618,-95.77602,Active,IA
56368,iowa_cafo_group_0082,4,42.80495,-93.40589,Active,IA
56370,iowa_cafo_group_0083,2,43.09862,-94.24033,Active,IA
56371,iowa_cafo_group_0084,4,42.60294,-91.84421,Active,IA
56372,iowa_cafo_group_0085,2,42.123,-91.86376,Active,IA
56373,iowa_cafo_group_0086,2,43.03668,-92.21203,Active,IA
56374,iowa_cafo_group_0087,3,42.95,-94.67707,Active,IA
56376,iowa_cafo_group_0088,1,41.24674,-95.39205,Active,IA
56377,iowa_cafo_group_0089,0,41.2592,-95.47631,Active,IA
56378,iowa_cafo_group_0090,3,41.21108,-91.80793,Active,IA
56379,iowa_cafo_group_0091,3,40.84786,-94.19374,Active,IA
56380,iowa_cafo_group_0092,2,40.81485,-94.18467,Active,IA
56381,iowa_cafo_group_0093,1,42.96406,-92.08063,Active,IA
56382,iowa_cafo_group_0006,0,43.41561,-96.25522,Active,IA
56383,iowa_cafo_group_0094,4,43.16332,-94.04997,Active,IA
56385,iowa_cafo_group_0095,0,42.12706,-93.50361,Active,IA
56388,iowa_cafo_group_0006,0,43.49094,-96.40752,Active,IA
56389,iowa_cafo_group_0096,3,41.31293,-94.54579,Active,IA
56390,iowa_cafo_group_0006,0,43.28839,-96.05547,Active,IA
56392,iowa_cafo_group_0097,1,41.61608,-94.1349,Active,IA
56395,iowa_cafo_group_0006,0,42.95225,-96.26257,Active,IA
56396,iowa_cafo_group_0006,0,43.12395,-96.1383,Active,IA
56397,iowa_cafo_group_0098,3,40.71333,-94.86323,Active,IA
56398,iowa_cafo_group_0099,2,42.9073,-94.71861,Active,IA
56399,iowa_cafo_group_0100,3,42.92111,-94.45619,Active,IA
56400,iowa_cafo_group_0101,3,42.82909,-95.97836,Active,IA
56401,iowa_cafo_group_0102,4,41.55597,-93.13923,Active,IA
56402,iowa_cafo_group_0103,3,41.35485,-95.07401,Active,IA
56403,iowa_cafo_group_0104,3,42.09645,-91.62532,Active,IA
56404,iowa_cafo_group_0105,0,42.10606,-91.59757,Active,IA
56405,iowa_cafo_group_0077,2,42.14726,-91.59796,Active,IA
56406,iowa_cafo_group_0106,2,42.89175,-92.56153,Active,IA
56407,iowa_cafo_group_0107,2,42.41586,-96.21051,Active,IA
56410,iowa_cafo_group_0108,3,42.03285,-94.52382,Active,IA
56412,iowa_cafo_group_0108,3,42.03099,-94.50474,Active,IA
56413,iowa_cafo_group_0109,2,41.31725,-95.36038,Active,IA
56416,iowa_cafo_group_0081,3,41.17479,-95.50476,Active,IA
56417,iowa_cafo_group_0110,2,42.20262,-95.45752,Active,IA
56418,iowa_cafo_group_0111,2,42.45415,-96.21681,Active,IA
56419,iowa_cafo_group_0112,1,42.77774,-94.9986,Active,IA
56420,iowa_cafo_group_0113,0,41.55058,-95.7897,Active,IA
56421,iowa_cafo_group_0114,1,40.70964,-95.13343,Active,IA
56423,iowa_cafo_group_0115,2,41.25748,-94.54596,Active,IA
56424,iowa_cafo_group_0116,2,41.16114,-93.28706,Active,IA
56426,iowa_cafo_group_0117,1,42.00159,-91.26757,Active,IA
56427,iowa_cafo_group_0118,0,42.54657,-95.48449,Active,IA
56428,iowa_cafo_group_0006,0,43.0094,-96.40196,Active,IA
56429,iowa_cafo_group_0119,0,42.16286,-90.38338,Active,IA
56430,iowa_cafo_group_0006,0,43.11359,-96.27748,Active,IA
56431,iowa_cafo_group_0006,0,43.1716,-96.30488,Active,IA
56432,iowa_cafo_group_0120,1,41.98808,-95.93675,Active,IA
56433,iowa_cafo_group_0121,2,43.37337,-95.998,Active,IA
56435,iowa_cafo_group_0006,0,43.24431,-96.28106,Active,IA
56436,iowa_cafo_group_0006,0,43.08848,-96.41283,Active,IA
56437,iowa_cafo_group_0006,0,43.39972,-96.17523,Active,IA
56438,iowa_cafo_group_0122,0,42.80637,-94.2806,Active,IA
56439,iowa_cafo_group_0123,1,43.32123,-91.82511,Active,IA
56440,iowa_cafo_group_0023,4,42.14571,-94.883,Active,IA
56441,iowa_cafo_group_0023,4,42.15375,-94.8641,Active,IA
56442,iowa_cafo_group_0124,2,42.16788,-94.91821,Active,IA
56444,iowa_cafo_group_0125,0,41.57745,-90.88256,Active,IA
56445,iowa_cafo_group_0126,2,41.60843,-90.92177,Active,IA
56446,iowa_cafo_group_0126,2,41.60869,-90.9352,Active,IA
56447,iowa_cafo_group_0127,2,41.38995,-91.88809,Active,IA
56448,iowa_cafo_group_0128,0,41.66067,-92.69005,Active,IA
56449,iowa_cafo_group_0061,1,42.93705,-96.01424,Active,IA
56450,iowa_cafo_group_0129,4,42.06971,-93.46024,Active,IA
56451,iowa_cafo_group_0130,4,42.13684,-95.78722,Active,IA
56453,iowa_cafo_group_0131,1,42.37796,-92.74973,Active,IA
56454,iowa_cafo_group_0132,1,41.22735,-92.72106,Active,IA
56456,iowa_cafo_group_0132,1,41.22834,-92.74192,Active,IA
56457,iowa_cafo_group_0132,1,41.20733,-92.73374,Active,IA
56459,iowa_cafo_group_0133,1,41.92026,-90.8729,Active,IA
56460,iowa_cafo_group_0134,4,42.42174,-95.57565,Active,IA
56461,iowa_cafo_group_0135,2,42.42702,-95.62481,Active,IA
56463,iowa_cafo_group_0136,2,42.27556,-91.03546,Active,IA
56464,iowa_cafo_group_0137,1,40.81777,-93.23956,Active,IA
56466,iowa_cafo_group_0061,1,42.91777,-96.01812,Active,IA
56467,iowa_cafo_group_0042,2,42.11364,-95.68456,Active,IA
56468,iowa_cafo_group_0138,4,42.30896,-93.08244,Active,IA
56470,iowa_cafo_group_0139,4,40.7103,-95.16974,Active,IA
56471,iowa_cafo_group_0140,2,42.80181,-96.40965,Active,IA
56472,iowa_cafo_group_0006,0,42.93484,-96.33034,Active,IA
56473,iowa_cafo_group_0006,0,43.23548,-96.39448,Active,IA
56476,iowa_cafo_group_0006,0,42.94491,-96.48999,Active,IA
56477,iowa_cafo_group_0006,0,43.11523,-96.08234,Active,IA
56478,iowa_cafo_group_0023,4,42.16831,-94.87797,Active,IA
56479,iowa_cafo_group_0141,1,42.48845,-96.05366,Active,IA
56480,iowa_cafo_group_0006,0,42.94638,-96.21414,Active,IA
56481,iowa_cafo_group_0006,0,43.15644,-96.26037,Active,IA
56485,iowa_cafo_group_0006,0,43.09884,-96.20803,Active,IA
56486,iowa_cafo_group_0142,3,41.97123,-95.91315,Active,IA
56487,iowa_cafo_group_0006,0,43.17709,-96.01741,Active,IA
56488,iowa_cafo_group_0006,0,43.14306,-95.99765,Active,IA
56489,iowa_cafo_group_0143,1,41.98445,-94.84859,Active,IA
56490,iowa_cafo_group_0006,0,43.1679,-96.23574,Active,IA
56491,iowa_cafo_group_0006,0,43.27966,-96.27485,Active,IA
56492,iowa_cafo_group_0144,2,43.01396,-95.27391,Active,IA
56493,iowa_cafo_group_0145,3,42.01938,-94.70516,Active,IA
56495,iowa_cafo_group_0146,3,41.08043,-95.21327,Active,IA
56496,iowa_cafo_group_0006,0,43.03833,-96.15246,Active,IA
56497,iowa_cafo_group_0011,3,42.72258,-96.0792,Active,IA
56499,iowa_cafo_group_0147,1,41.40872,-92.85472,Active,IA
56500,iowa_cafo_group_0148,4,41.93376,-92.98104,Active,IA
56501,iowa_cafo_group_0149,3,42.08383,-95.53838,Active,IA
56502,iowa_cafo_group_0150,3,42.06552,-95.09267,Active,IA
56503,iowa_cafo_group_0151,4,42.19575,-91.47702,Active,IA
56504,iowa_cafo_group_0025,2,41.5547,-94.94732,Active,IA
56506,iowa_cafo_group_0006,0,43.26542,-96.46988,Active,IA
56507,iowa_cafo_group_0152,4,42.12798,-95.55447,Active,IA
56508,iowa_cafo_group_0153,3,40.81063,-93.59438,Active,IA
56509,iowa_cafo_group_0154,3,41.42068,-95.79925,Active,IA
56510,iowa_cafo_group_0155,3,42.49149,-94.95624,Active,IA
56511,iowa_cafo_group_0156,3,42.90221,-95.48575,Active,IA
56512,iowa_cafo_group_0136,2,42.26435,-91.04535,Active,IA
56513,iowa_cafo_group_0157,4,42.54826,-96.04608,Active,IA
56515,iowa_cafo_group_0158,1,41.51384,-95.65604,Active,IA
56516,iowa_cafo_group_0159,1,41.96404,-90.24434,Active,IA
56517,iowa_cafo_group_0160,2,43.3226,-94.24504,Active,IA
56519,iowa_cafo_group_0161,3,42.0014,-94.78931,Active,IA
56520,iowa_cafo_group_0162,0,42.6,-95.22,Active,IA
56522,iowa_cafo_group_0163,4,42.31,-95.23143,Active,IA
56523,iowa_cafo_group_0142,3,41.97123,-95.91315,Active,IA
56524,iowa_cafo_group_0164,1,42.28086,-96.09878,Active,IA
56525,iowa_cafo_group_0165,2,42.98303,-94.79583,Active,IA
56528,iowa_cafo_group_0027,1,41.90503,-94.83161,Active,IA
56529,iowa_cafo_group_0166,1,43.29746,-95.17256,Active,IA
56530,iowa_cafo_group_0167,0,42.00967,-93.75874,Active,IA
56531,iowa_cafo_group_0168,1,42.15191,-95.5343,Active,IA
56534,iowa_cafo_group_0169,2,41.93482,-95.71967,Active,IA
56535,iowa_cafo_group_0170,0,42.62221,-94.27087,Active,IA
56536,iowa_cafo_group_0061,1,42.944,-96.01543,Active,IA
56537,iowa_cafo_group_0061,1,42.90887,-96.00314,Active,IA
56538,iowa_cafo_group_0171,2,42.35501,-95.8454,Active,IA
56539,iowa_cafo_group_0172,0,43.28878,-94.81941,Active,IA
56541,iowa_cafo_group_0173,3,42.12645,-95.1865,Active,IA
56542,iowa_cafo_group_0174,4,42.66323,-95.6656,Active,IA
56543,iowa_cafo_group_0006,0,43.36453,-96.1349,Active,IA
56544,iowa_cafo_group_0006,0,43.23036,-96.01757,Active,IA
56545,iowa_cafo_group_0175,2,42.51346,-95.56225,Active,IA
56546,iowa_cafo_group_0006,0,43.13961,-96.2948,Active,IA
56547,iowa_cafo_group_0176,1,42.0679,-91.53943,Active,IA
56548,iowa_cafo_group_0177,3,42.0554,-91.5141,Active,IA
56549,iowa_cafo_group_0177,3,42.05142,-91.50502,Active,IA
56550,iowa_cafo_group_0176,1,42.07449,-91.53629,Active,IA
56551,iowa_cafo_group_0178,3,43.4818,-94.48065,Active,IA
56552,iowa_cafo_group_0023,4,42.14689,-94.85876,Active,IA
56553,iowa_cafo_group_0006,0,42.99773,-96.34721,Active,IA
56554,iowa_cafo_group_0179,2,42.96834,-96.01659,Active,IA
56555,iowa_cafo_group_0006,0,43.04112,-96.34333,Active,IA
56556,iowa_cafo_group_0061,1,42.89985,-95.95584,Active,IA
56557,iowa_cafo_group_0006,0,42.94854,-96.34865,Active,IA
56559,iowa_cafo_group_0180,3,41.5922,-93.31272,Active,IA
56560,iowa_cafo_group_0181,3,40.65727,-92.72229,Active,IA
56561,iowa_cafo_group_0182,4,41.23953,-92.7928,Active,IA
56562,iowa_cafo_group_0183,2,43.24184,-94.38632,Active,IA
56563,iowa_cafo_group_0027,1,41.91094,-94.96617,Active,IA
56564,iowa_cafo_group_0184,1,42.03629,-95.48682,Active,IA
56566,iowa_cafo_group_0006,0,43.09976,-96.22268,Active,IA
56567,iowa_cafo_group_0185,2,43.25553,-96.51193,Active,IA
56569,iowa_cafo_group_0006,0,43.10273,-96.23592,Active,IA
56571,iowa_cafo_group_0151,4,42.20315,-91.45646,Active,IA
56572,iowa_cafo_group_0186,3,42.16376,-91.37313,Active,IA
56573,iowa_cafo_group_0187,2,42.17418,-91.2791,Active,IA
56574,iowa_cafo_group_0186,3,42.13428,-91.3657,Active,IA
56575,iowa_cafo_group_0186,3,42.14783,-91.37492,Active,IA
56576,iowa_cafo_group_0188,2,42.39214,-95.84714,Active,IA
56577,iowa_cafo_group_0189,3,42.75976,-93.81851,Active,IA
56579,iowa_cafo_group_0006,0,43.27367,-96.15888,Active,IA
56580,iowa_cafo_group_0190,2,43.45635,-95.56462,Active,IA
56581,iowa_cafo_group_0191,1,43.44798,-96.11727,Active,IA
56583,iowa_cafo_group_0082,4,42.80154,-93.3229,Active,IA
56584,iowa_cafo_group_0192,1,43.50025,-94.61378,Active,IA
56585,iowa_cafo_group_0193,3,41.46288,-94.22251,Active,IA
56586,iowa_cafo_group_0194,1,42.74147,-93.26305,Active,IA
56587,iowa_cafo_group_0194,1,42.73563,-93.26353,Active,IA
56589,iowa_cafo_group_0195,4,42.2104,-93.69988,Active,IA
56590,iowa_cafo_group_0196,0,40.96935,-93.47532,Active,IA
56591,iowa_cafo_group_0197,4,41.41179,-93.65901,Active,IA
56592,iowa_cafo_group_0198,4,42.44315,-95.50223,Active,IA
56593,iowa_cafo_group_0199,2,42.4733,-95.51576,Active,IA
56594,iowa_cafo_group_0175,2,42.52728,-95.56114,Active,IA
56595,iowa_cafo_group_0175,2,42.51978,-95.55378,Active,IA
56596,iowa_cafo_group_0175,2,42.52182,-95.52675,Active,IA
56597,iowa_cafo_group_0200,2,43.33615,-95.4558,Active,IA
56598,iowa_cafo_group_0006,0,43.12945,-96.38456,Active,IA
56600,iowa_cafo_group_0201,1,41.07459,-93.48218,Active,IA
56601,iowa_cafo_group_0157,4,42.54961,-96.08701,Active,IA
56602,iowa_cafo_group_0202,1,42.64602,-91.7838,Active,IA
56603,iowa_cafo_group_0203,4,42.4759,-95.97547,Active,IA
56604,iowa_cafo_group_0204,4,41.90596,-95.33964,Active,IA
56605,iowa_cafo_group_0205,4,42.35644,-95.69257,Active,IA
56606,iowa_cafo_group_0069,3,43.31868,-94.65715,Active,IA
56607,iowa_cafo_group_0206,0,42.85063,-95.55604,Active,IA
56611,iowa_cafo_group_0006,0,43.49785,-96.3631,Active,IA
56612,iowa_cafo_group_0207,4,41.14538,-94.98348,Active,IA
56613,iowa_cafo_group_0144,2,43.00927,-95.26672,Active,IA
56614,iowa_cafo_group_0006,0,43.40497,-96.34156,Active,IA
56616,iowa_cafo_group_0006,0,43.1785,-96.38849,Active,IA
56617,iowa_cafo_group_0208,3,43.29497,-91.43337,Active,IA
56618,iowa_cafo_group_0209,1,42.44444,-94.8857,Active,IA
56619,iowa_cafo_group_0006,0,43.25288,-96.29378,Active,IA
56621,iowa_cafo_group_0159,1,41.96188,-90.29924,Active,IA
56622,iowa_cafo_group_0210,2,42.0677,-90.31162,Active,IA
56623,iowa_cafo_group_0006,0,43.239,-96.32619,Active,IA
56625,iowa_cafo_group_0006,0,43.30223,-96.15564,Active,IA
56626,iowa_cafo_group_0211,3,41.01792,-91.8891,Active,IA
56627,iowa_cafo_group_0212,1,41.4472,-90.93855,Active,IA
56628,iowa_cafo_group_0213,3,40.9108,-93.90751,Active,IA
56638,iowa_cafo_group_0214,1,43.0945,-92.17865,Active,IA
56639,iowa_cafo_group_0215,4,42.121,-90.76631,Active,IA
56641,iowa_cafo_group_0006,0,43.00007,-96.29325,Active,IA
56642,iowa_cafo_group_0216,3,42.74567,-95.80058,Active,IA
56643,iowa_cafo_group_0217,3,41.46663,-91.13975,Active,IA
56645,iowa_cafo_group_0217,3,41.44542,-91.14545,Active,IA
56646,iowa_cafo_group_0217,3,41.4282,-91.17172,Active,IA
56647,iowa_cafo_group_0217,3,41.45507,-91.14073,Active,IA
56651,iowa_cafo_group_0218,0,41.32201,-92.67358,Active,IA
56652,iowa_cafo_group_0166,1,43.28611,-95.17165,Active,IA
56654,iowa_cafo_group_0219,0,42.3851,-95.92993,Active,IA
56656,iowa_cafo_group_0006,0,43.24442,-96.21481,Active,IA
56657,iowa_cafo_group_0220,4,41.38224,-95.05567,Active,IA
56658,iowa_cafo_group_0006,0,43.30593,-96.17888,Active,IA
56659,iowa_cafo_group_0221,3,40.98053,-94.45297,Active,IA
56662,iowa_cafo_group_0222,1,43.08057,-95.11063,Active,IA
56663,iowa_cafo_group_0223,3,43.07448,-95.24938,Active,IA
56665,iowa_cafo_group_0061,1,42.76474,-95.81731,Active,IA
56667,iowa_cafo_group_0224,2,43.04083,-94.76436,Active,IA
56669,iowa_cafo_group_0225,3,42.81,-94.52,Active,IA
56671,iowa_cafo_group_0006,0,43.14931,-95.87406,Active,IA
56673,iowa_cafo_group_0226,3,41.8286,-91.54452,Active,IA
56674,iowa_cafo_group_0006,0,43.34672,-96.09004,Active,IA
56675,iowa_cafo_group_0227,4,41.30811,-91.63075,Active,IA
56676,iowa_cafo_group_0060,4,43.27037,-92.72085,Active,IA
56678,iowa_cafo_group_0211,3,41.01768,-91.87726,Active,IA
56679,iowa_cafo_group_0060,4,43.26913,-92.7375,Active,IA
56680,iowa_cafo_group_0069,3,43.28322,-94.59673,Active,IA
56681,iowa_cafo_group_0228,2,40.9986,-94.35125,Active,IA
56682,iowa_cafo_group_0229,3,42.4234,-95.08408,Active,IA
56683,iowa_cafo_group_0230,3,41.88221,-95.86603,Active,IA
56684,iowa_cafo_group_0231,1,40.67649,-92.68275,Active,IA
56685,iowa_cafo_group_0232,0,43.43422,-95.06174,Active,IA
56686,iowa_cafo_group_0233,2,41.93181,-90.29987,Active,IA
56689,iowa_cafo_group_0234,1,41.64556,-93.84853,Active,IA
56691,iowa_cafo_group_0037,3,42.4263,-95.51871,Active,IA
56692,iowa_cafo_group_0235,4,41.99119,-92.35847,Active,IA
56693,iowa_cafo_group_0236,3,40.75246,-94.22577,Active,IA
56695,iowa_cafo_group_0237,0,41.91849,-92.15259,Active,IA
56696,iowa_cafo_group_0238,2,42.96087,-95.62585,Active,IA
56698,iowa_cafo_group_0239,4,42.10874,-95.04081,Active,IA
56700,iowa_cafo_group_0240,1,42.3864,-96.00472,Active,IA
56703,iowa_cafo_group_0023,4,42.16092,-94.88032,Active,IA
56705,iowa_cafo_group_0006,0,43.21006,-96.39482,Active,IA
56706,iowa_cafo_group_0023,4,42.13171,-94.87903,Active,IA
56708,iowa_cafo_group_0157,4,42.59575,-96.07398,Active,IA
56711,iowa_cafo_group_0157,4,42.56327,-96.07885,Active,IA
56712,iowa_cafo_group_0157,4,42.57662,-96.08046,Active,IA
56713,iowa_cafo_group_0157,4,42.55926,-96.04942,Active,IA
56715,iowa_cafo_group_0006,0,43.22687,-96.19751,Active,IA
56717,iowa_cafo_group_0006,0,43.20729,-95.92443,Active,IA
56718,iowa_cafo_group_0241,2,41.55548,-92.78793,Active,IA
56719,iowa_cafo_group_0242,1,41.47554,-92.96772,Active,IA
56721,iowa_cafo_group_0027,1,41.90644,-94.83337,Active,IA
56722,iowa_cafo_group_0243,3,42.12233,-95.38643,Active,IA
56723,iowa_cafo_group_0006,0,42.89595,-96.31557,Active,IA
56724,iowa_cafo_group_0244,4,41.56848,-92.38848,Active,IA
56725,iowa_cafo_group_0245,1,41.05822,-95.28508,Active,IA
56728,iowa_cafo_group_0015,4,42.18594,-94.91619,Active,IA
56731,iowa_cafo_group_0006,0,42.99574,-96.41063,Active,IA
56733,iowa_cafo_group_0069,3,43.2857,-94.61954,Active,IA
56734,iowa_cafo_group_0246,3,42.50218,-94.74805,Active,IA
56736,iowa_cafo_group_0006,0,43.05838,-95.87674,Active,IA
56737,iowa_cafo_group_0247,2,43.29521,-95.40943,Active,IA
56738,iowa_cafo_group_0248,4,41.56832,-90.81818,Active,IA
56739,iowa_cafo_group_0249,4,42.99467,-92.5438,Active,IA
56741,iowa_cafo_group_0250,3,43.34917,-94.73161,Active,IA
56742,iowa_cafo_group_0251,0,41.1659,-94.96193,Active,IA
56743,iowa_cafo_group_0252,3,42.44589,-92.49354,Active,IA
56744,iowa_cafo_group_0253,3,42.25667,-95.20356,Active,IA
56746,iowa_cafo_group_0025,2,41.54587,-94.94791,Active,IA
56747,iowa_cafo_group_0254,3,42.08581,-90.38594,Active,IA
56748,iowa_cafo_group_0255,4,42.10479,-94.97737,Active,IA
56749,iowa_cafo_group_0256,4,43.15009,-94.66218,Active,IA
56750,iowa_cafo_group_0161,3,42.02658,-94.78499,Active,IA
56751,iowa_cafo_group_0006,0,43.34481,-96.28583,Active,IA
56752,iowa_cafo_group_0006,0,43.2512,-96.21704,Active,IA
56755,iowa_cafo_group_0257,0,40.9661,-93.86417,Active,IA
56756,iowa_cafo_group_0258,2,40.70216,-92.61363,Active,IA
56757,iowa_cafo_group_0159,1,41.9848,-90.2537,Active,IA
56759,iowa_cafo_group_0171,2,42.3489,-95.85487,Active,IA
56760,iowa_cafo_group_0006,0,43.25814,-96.40793,Active,IA
56762,iowa_cafo_group_0259,2,43.23501,-96.55123,Active,IA
56763,iowa_cafo_group_0260,2,41.7058,-95.45931,Active,IA
56764,iowa_cafo_group_0006,0,43.40459,-96.33516,Active,IA
56766,iowa_cafo_group_0261,3,43.45241,-94.87775,Active,IA
56768,iowa_cafo_group_0262,4,42.72071,-93.16982,Active,IA
56770,iowa_cafo_group_0262,4,42.7222,-93.20171,Active,IA
56772,iowa_cafo_group_0263,1,42.70243,-93.15647,Active,IA
56773,iowa_cafo_group_0264,1,42.53367,-96.20974,Active,IA
56774,iowa_cafo_group_0265,1,42.73903,-93.16921,Active,IA
56775,iowa_cafo_group_0266,4,41.21142,-95.3262,Active,IA
56776,iowa_cafo_group_0006,0,42.86714,-96.15737,Active,IA
56778,iowa_cafo_group_0267,4,41.25985,-95.55896,Active,IA
56779,iowa_cafo_group_0268,2,40.78532,-95.10756,Active,IA
56780,iowa_cafo_group_0006,0,43.31247,-96.17591,Active,IA
56781,iowa_cafo_group_0080,2,41.96747,-94.9591,Active,IA
56782,iowa_cafo_group_0269,1,42.07679,-94.93834,Active,IA
56783,iowa_cafo_group_0006,0,43.49839,-96.3841,Active,IA
56788,iowa_cafo_group_0270,4,42.97262,-92.41647,Active,IA
56789,iowa_cafo_group_0270,4,42.96576,-92.43199,Active,IA
56790,iowa_cafo_group_0025,2,41.54366,-94.93703,Active,IA
56791,iowa_cafo_group_0006,0,43.02694,-96.44515,Active,IA
56792,iowa_cafo_group_0006,0,43.04329,-96.44927,Active,IA
56793,iowa_cafo_group_0061,1,42.79692,-95.80159,Active,IA
56794,iowa_cafo_group_0271,2,40.70567,-93.46407,Active,IA
56795,iowa_cafo_group_0272,4,41.3362,-95.69332,Active,IA
56796,iowa_cafo_group_0273,2,42.03243,-90.54783,Active,IA
56797,iowa_cafo_group_0274,4,42.21064,-91.26291,Active,IA
56798,iowa_cafo_group_0275,2,41.9763,-91.26787,Active,IA
56799,iowa_cafo_group_0276,2,43.43102,-94.91925,Active,IA
56800,iowa_cafo_group_0239,4,42.12228,-95.07175,Active,IA
56801,iowa_cafo_group_0239,4,42.12227,-95.07473,Active,IA
56802,iowa_cafo_group_0277,2,41.53126,-95.00449,Active,IA
56803,iowa_cafo_group_0250,3,43.35173,-94.7093,Active,IA
56804,iowa_cafo_group_0278,2,43.48995,-94.34681,Active,IA
56806,iowa_cafo_group_0080,2,42.01537,-94.9254,Active,IA
56808,iowa_cafo_group_0279,2,42.68052,-94.54057,Active,IA
56809,iowa_cafo_group_0027,1,41.87403,-94.93397,Active,IA
56810,iowa_cafo_group_0280,1,42.08063,-92.63107,Active,IA
56811,iowa_cafo_group_0280,1,42.08846,-92.62846,Active,IA
56812,iowa_cafo_group_0006,0,43.34002,-96.19486,Active,IA
56813,iowa_cafo_group_0281,1,43.14642,-92.33709,Active,IA
56814,iowa_cafo_group_0282,2,42.0076,-94.20636,Active,IA
56816,iowa_cafo_group_0200,2,43.33825,-95.37706,Active,IA
56817,iowa_cafo_group_0061,1,42.89435,-95.9646,Active,IA
56818,iowa_cafo_group_0061,1,42.82352,-95.75498,Active,IA
56819,iowa_cafo_group_0283,3,42.0643,-94.65251,Active,IA
56820,iowa_cafo_group_0284,2,42.33765,-92.23672,Active,IA
56821,iowa_cafo_group_0284,2,42.33015,-92.24156,Active,IA
56823,iowa_cafo_group_0285,3,42.19603,-91.19113,Active,IA
56826,iowa_cafo_group_0286,4,41.52533,-93.32026,Active,IA
56829,iowa_cafo_group_0068,2,42.36417,-95.20383,Active,IA
56833,iowa_cafo_group_0006,0,43.30185,-96.40418,Active,IA
56834,iowa_cafo_group_0006,0,43.21098,-96.36505,Active,IA
56835,iowa_cafo_group_0255,4,42.10677,-94.96884,Active,IA
56836,iowa_cafo_group_0287,4,42.35481,-91.01236,Active,IA
56837,iowa_cafo_group_0068,2,42.38468,-95.22266,Active,IA
56839,iowa_cafo_group_0288,4,42.20829,-94.72817,Active,IA
56840,iowa_cafo_group_0289,0,43.04684,-93.55804,Active,IA
56841,iowa_cafo_group_0290,1,41.58265,-94.78919,Active,IA
56842,iowa_cafo_group_0291,1,40.94374,-95.08015,Active,IA
56843,iowa_cafo_group_0292,4,41.69768,-95.38262,Active,IA
56844,iowa_cafo_group_0006,0,43.3694,-95.87883,Active,IA
56845,iowa_cafo_group_0293,4,42.66691,-95.82016,Active,IA
56848,iowa_cafo_group_0294,4,41.52521,-95.75724,Active,IA
56849,iowa_cafo_group_0295,3,41.98254,-94.9189,Active,IA
56850,iowa_cafo_group_0056,1,42.34158,-95.15148,Active,IA
56851,iowa_cafo_group_0296,2,43.46906,-94.91315,Active,IA
56852,iowa_cafo_group_0297,3,42.28338,-95.69425,Active,IA
56853,iowa_cafo_group_0298,3,42.20201,-95.77942,Active,IA
56855,iowa_cafo_group_0006,0,43.29897,-96.19591,Active,IA
56856,iowa_cafo_group_0068,2,42.37389,-95.26217,Active,IA
56857,iowa_cafo_group_0006,0,43.34654,-96.2647,Active,IA
56859,iowa_cafo_group_0006,0,43.04194,-96.14708,Active,IA
56862,iowa_cafo_group_0006,0,42.92529,-96.20006,Active,IA
56863,iowa_cafo_group_0101,3,42.81371,-95.9535,Active,IA
56865,iowa_cafo_group_0006,0,43.25934,-96.37366,Active,IA
56866,iowa_cafo_group_0299,3,41.60137,-95.43064,Active,IA
56868,iowa_cafo_group_0006,0,43.47883,-95.91531,Active,IA
56871,iowa_cafo_group_0300,3,41.50071,-92.87052,Active,IA
56872,iowa_cafo_group_0300,3,41.50871,-92.88141,Active,IA
56875,iowa_cafo_group_0301,1,41.35011,-95.01876,Active,IA
56876,iowa_cafo_group_0302,4,41.43548,-94.79153,Active,IA
56877,iowa_cafo_group_0303,2,42.0983,-91.84229,Active,IA
56878,iowa_cafo_group_0250,3,43.34475,-94.68831,Active,IA
56882,iowa_cafo_group_0304,4,43.49313,-92.02839,Active,IA
56883,iowa_cafo_group_0200,2,43.35826,-95.34395,Active,IA
56884,iowa_cafo_group_0140,2,42.80647,-96.45166,Active,IA
56885,iowa_cafo_group_0305,3,42.83492,-96.51252,Active,IA
56886,iowa_cafo_group_0006,0,43.11195,-96.37348,Active,IA
56888,iowa_cafo_group_0016,2,42.44373,-94.84264,Active,IA
56889,iowa_cafo_group_0306,1,40.94848,-93.00437,Active,IA
56890,iowa_cafo_group_0307,4,41.55872,-95.38153,Active,IA
56891,iowa_cafo_group_0308,4,42.45829,-94.80817,Active,IA
56892,iowa_cafo_group_0309,2,40.9455,-94.31766,Active,IA
56893,iowa_cafo_group_0306,1,40.94232,-93.01882,Active,IA
56894,iowa_cafo_group_0006,0,43.48993,-96.35236,Active,IA
56895,iowa_cafo_group_0006,0,43.45548,-96.32803,Active,IA
56896,iowa_cafo_group_0310,4,43.04864,-91.63394,Active,IA
56897,iowa_cafo_group_0311,0,41.46171,-93.48235,Active,IA
56898,iowa_cafo_group_0006,0,42.86554,-96.26697,Active,IA
56899,iowa_cafo_group_0312,4,40.67833,-93.76052,Active,IA
56900,iowa_cafo_group_0313,1,42.62896,-96.39,Active,IA
56902,iowa_cafo_group_0314,0,40.65079,-94.19903,Active,IA
56903,iowa_cafo_group_0261,3,43.4604,-94.85603,Active,IA
56904,iowa_cafo_group_0315,3,41.95924,-93.26949,Active,IA
56905,iowa_cafo_group_0316,1,40.98345,-95.17616,Active,IA
56906,iowa_cafo_group_0006,0,43.26431,-96.45086,Active,IA
56907,iowa_cafo_group_0317,0,42.45002,-96.12426,Active,IA
56909,iowa_cafo_group_0318,1,42.02595,-90.60673,Active,IA
56911,iowa_cafo_group_0319,4,40.75597,-91.65021,Active,IA
56912,iowa_cafo_group_0320,4,42.24534,-93.02901,Active,IA
56913,iowa_cafo_group_0006,0,43.07142,-96.39564,Active,IA
56914,iowa_cafo_group_0321,0,41.45634,-94.60442,Active,IA
56915,iowa_cafo_group_0322,4,42.7172,-91.24671,Active,IA
56916,iowa_cafo_group_0323,4,40.75605,-93.40472,Active,IA
56918,iowa_cafo_group_0324,3,40.65835,-93.28184,Active,IA
56919,iowa_cafo_group_0006,0,43.08131,-96.13622,Active,IA
56920,iowa_cafo_group_0325,2,42.51457,-90.98543,Active,IA
56921,iowa_cafo_group_0326,4,42.07528,-90.64712,Active,IA
56924,iowa_cafo_group_0327,3,42.17998,-94.08976,Active,IA
56925,iowa_cafo_group_0006,0,43.41689,-95.97393,Active,IA
56926,iowa_cafo_group_0328,2,42.15872,-94.64984,Active,IA
56927,iowa_cafo_group_0168,1,42.11867,-95.47734,Active,IA
56928,iowa_cafo_group_0329,4,41.01762,-95.33352,Active,IA
56929,iowa_cafo_group_0330,1,42.42263,-94.95289,Active,IA
56932,iowa_cafo_group_0136,2,42.22987,-91.04791,Active,IA
56933,iowa_cafo_group_0331,4,42.53988,-90.91633,Active,IA
56934,iowa_cafo_group_0332,4,42.38182,-93.67359,Active,IA
56935,iowa_cafo_group_0333,1,42.62676,-95.77956,Active,IA
56936,iowa_cafo_group_0006,0,43.173,-96.35325,Active,IA
56938,iowa_cafo_group_0334,0,42.6229,-92.35585,Active,IA
56939,iowa_cafo_group_0335,1,41.46924,-95.17088,Active,IA
56940,iowa_cafo_group_0336,3,41.7001,-95.65657,Active,IA
56941,iowa_cafo_group_0337,4,41.63016,-95.18104,Active,IA
56942,iowa_cafo_group_0338,4,41.09693,-95.25273,Active,IA
56943,iowa_cafo_group_0306,1,40.95395,-92.99944,Active,IA
56944,iowa_cafo_group_0339,2,43.06796,-92.55551,Active,IA
56945,iowa_cafo_group_0340,3,40.6835,-93.33816,Active,IA
56947,iowa_cafo_group_0341,3,43.1448,-95.33079,Active,IA
56948,iowa_cafo_group_0342,2,42.42655,-92.55541,Active,IA
56950,iowa_cafo_group_0006,0,43.15759,-96.25355,Active,IA
56951,iowa_cafo_group_0343,1,41.10979,-93.82465,Active,IA
56952,iowa_cafo_group_0203,4,42.47439,-95.96846,Active,IA
56953,iowa_cafo_group_0006,0,43.4864,-96.43031,Active,IA
56954,iowa_cafo_group_0344,0,41.38893,-94.9831,Active,IA
56955,iowa_cafo_group_0345,1,40.61227,-93.75151,Active,IA
56956,iowa_cafo_group_0346,2,41.21468,-94.66266,Active,IA
56957,iowa_cafo_group_0347,4,41.99346,-92.04845,Active,IA
56958,iowa_cafo_group_0348,0,42.33642,-91.04297,Active,IA
56959,iowa_cafo_group_0349,1,42.49451,-91.91152,Active,IA
56960,iowa_cafo_group_0350,0,42.32522,-95.40367,Active,IA
56962,iowa_cafo_group_0351,0,41.60191,-93.2821,Active,IA
56963,iowa_cafo_group_0352,4,40.94755,-91.73599,Active,IA
56964,iowa_cafo_group_0006,0,43.24849,-96.44996,Active,IA
56966,iowa_cafo_group_0013,2,42.29584,-90.95311,Active,IA
56967,iowa_cafo_group_0353,1,42.01703,-90.24972,Active,IA
56968,iowa_cafo_group_0354,3,43.28173,-94.29118,Active,IA
56969,iowa_cafo_group_0355,1,42.48096,-95.15308,Active,IA
56971,iowa_cafo_group_0108,3,42.02304,-94.50837,Active,IA
56972,iowa_cafo_group_0173,3,42.11807,-95.18924,Active,IA
56974,iowa_cafo_group_0356,0,42.09482,-91.16837,Active,IA
56975,iowa_cafo_group_0357,3,40.76119,-93.60606,Active,IA
56976,iowa_cafo_group_0006,0,43.30037,-96.39485,Active,IA
56977,iowa_cafo_group_0358,3,40.72181,-91.68043,Active,IA
56979,iowa_cafo_group_0359,4,41.91338,-91.32845,Active,IA
56980,iowa_cafo_group_0360,2,42.17643,-92.54077,Active,IA
56981,iowa_cafo_group_0239,4,42.15326,-95.05528,Active,IA
56982,iowa_cafo_group_0361,0,42.86139,-95.44614,Active,IA
56983,iowa_cafo_group_0362,2,42.2193,-94.37988,Active,IA
56984,iowa_cafo_group_0363,1,41.68884,-93.31966,Active,IA
56985,iowa_cafo_group_0364,3,41.6619,-92.84201,Active,IA
56986,iowa_cafo_group_0365,3,40.82375,-92.35998,Active,IA
56987,iowa_cafo_group_0366,3,41.17235,-95.31725,Active,IA
56988,iowa_cafo_group_0367,4,41.77646,-93.56855,Active,IA
56991,iowa_cafo_group_0368,2,41.92185,-93.79937,Active,IA
56992,iowa_cafo_group_0369,2,40.81304,-94.06365,Active,IA
56993,iowa_cafo_group_0370,0,42.91191,-92.37797,Active,IA
56995,iowa_cafo_group_0371,2,42.04348,-93.16464,Active,IA
56996,iowa_cafo_group_0372,4,41.80806,-91.96378,Active,IA
56999,iowa_cafo_group_0373,1,41.00648,-93.00913,Active,IA
57000,iowa_cafo_group_0374,4,42.10625,-94.7803,Active,IA
57001,iowa_cafo_group_0375,0,41.04248,-92.70075,Active,IA
57003,iowa_cafo_group_0376,0,42.85748,-91.61404,Active,IA
57005,iowa_cafo_group_0377,0,43.03182,-92.29929,Active,IA
57007,iowa_cafo_group_0378,3,40.58357,-95.30483,Active,IA
57010,iowa_cafo_group_0379,1,42.28439,-95.51195,Active,IA
57012,iowa_cafo_group_0380,3,41.08606,-94.40096,Active,IA
57014,iowa_cafo_group_0052,3,42.43032,-95.29828,Active,IA
57015,iowa_cafo_group_0052,3,42.43402,-95.30499,Active,IA
57016,iowa_cafo_group_0056,1,42.32693,-95.14244,Active,IA
57017,iowa_cafo_group_0026,2,42.12028,-94.81628,Active,IA
57019,iowa_cafo_group_0056,1,42.32468,-95.15806,Active,IA
57021,iowa_cafo_group_0006,0,43.13471,-96.2761,Active,IA
57025,iowa_cafo_group_0381,1,41.92089,-95.85883,Active,IA
57026,iowa_cafo_group_0381,1,41.91352,-95.86549,Active,IA
57027,iowa_cafo_group_0382,1,41.14253,-94.56799,Active,IA
57028,iowa_cafo_group_0383,1,42.33317,-90.97062,Active,IA
57029,iowa_cafo_group_0384,4,42.09626,-95.45543,Active,IA
57030,iowa_cafo_group_0385,3,43.36537,-92.56797,Active,IA
57031,iowa_cafo_group_0386,1,40.65866,-94.01629,Active,IA
57032,iowa_cafo_group_0387,3,43.16664,-95.44805,Active,IA
57033,iowa_cafo_group_0388,2,42.54221,-92.97607,Active,IA
57035,iowa_cafo_group_0389,3,43.27449,-96.50218,Active,IA
57036,iowa_cafo_group_0006,0,43.21686,-96.45257,Active,IA
57037,iowa_cafo_group_0390,2,40.87169,-95.65121,Active,IA
57038,iowa_cafo_group_0391,2,41.45047,-92.9293,Active,IA
57039,iowa_cafo_group_0069,3,43.3124,-94.67573,Active,IA
57040,iowa_cafo_group_0392,3,40.88386,-94.59316,Active,IA
57041,iowa_cafo_group_0393,2,41.54102,-91.72162,Active,IA
57042,iowa_cafo_group_0394,2,41.3771,-93.63279,Active,IA
57043,iowa_cafo_group_0395,4,42.15683,-95.22787,Active,IA
57044,iowa_cafo_group_0135,2,42.41533,-95.62082,Active,IA
57045,iowa_cafo_group_0396,1,42.41979,-91.88777,Active,IA
57046,iowa_cafo_group_0397,4,42.15584,-95.5717,Active,IA
57047,iowa_cafo_group_0217,3,41.45306,-91.1609,Active,IA
57051,iowa_cafo_group_0398,3,41.33223,-94.59313,Active,IA
57052,iowa_cafo_group_0399,2,42.95062,-94.43867,Active,IA
57053,iowa_cafo_group_0400,2,42.47241,-94.71789,Active,IA
57054,iowa_cafo_group_0006,0,43.21549,-96.45709,Active,IA
57055,iowa_cafo_group_0113,0,41.53707,-95.78628,Active,IA
57056,iowa_cafo_group_0401,3,41.83907,-92.85952,Active,IA
57057,iowa_cafo_group_0402,0,40.73974,-94.09237,Active,IA
57058,iowa_cafo_group_0293,4,42.67382,-95.79947,Active,IA
57060,iowa_cafo_group_0403,0,40.75246,-93.29946,Active,IA
57061,iowa_cafo_group_0404,2,43.30692,-94.72418,Active,IA
57062,iowa_cafo_group_0168,1,42.15386,-95.53199,Active,IA
57063,iowa_cafo_group_0152,4,42.13308,-95.54226,Active,IA
57064,iowa_cafo_group_0243,3,42.13204,-95.38368,Active,IA
57065,iowa_cafo_group_0061,1,42.79216,-95.68303,Active,IA
57066,iowa_cafo_group_0405,2,43.06867,-95.74863,Active,IA
57067,iowa_cafo_group_0406,1,42.39377,-95.51899,Active,IA
57068,iowa_cafo_group_0217,3,41.44291,-91.16537,Active,IA
57069,iowa_cafo_group_0407,4,42.59366,-94.6428,Active,IA
57070,iowa_cafo_group_0408,3,41.9659,-95.74187,Active,IA
57071,iowa_cafo_group_0006,0,43.31507,-96.36102,Active,IA
57072,iowa_cafo_group_0409,4,41.36562,-95.66339,Active,IA
57073,iowa_cafo_group_0410,0,40.69921,-91.81532,Active,IA
57074,iowa_cafo_group_0203,4,42.46734,-95.98837,Active,IA
57076,iowa_cafo_group_0411,0,41.53541,-95.53199,Active,IA
57077,iowa_cafo_group_0412,3,42.92806,-91.98243,Active,IA
57078,iowa_cafo_group_0413,0,42.80039,-92.43426,Active,IA
57079,iowa_cafo_group_0414,4,42.91198,-95.22963,Active,IA
57080,iowa_cafo_group_0415,0,41.52739,-92.24059,Active,IA
57081,iowa_cafo_group_0416,1,41.2289,-94.52824,Active,IA
57082,iowa_cafo_group_0417,1,42.67984,-91.25044,Active,IA
57083,iowa_cafo_group_0418,3,41.90594,-95.17186,Active,IA
57084,iowa_cafo_group_0419,4,42.92651,-92.45767,Active,IA
57085,iowa_cafo_group_0006,0,43.36102,-96.05876,Active,IA
57086,iowa_cafo_group_0420,4,42.98349,-92.18982,Active,IA
57088,iowa_cafo_group_0421,1,42.25406,-96.08678,Active,IA
57089,iowa_cafo_group_0422,3,41.90314,-93.16266,Active,IA
57090,iowa_cafo_group_0423,0,41.96605,-95.62058,Active,IA
57091,iowa_cafo_group_0115,2,41.25991,-94.55613,Active,IA
57092,iowa_cafo_group_0424,2,41.88537,-91.76472,Active,IA
57093,iowa_cafo_group_0425,3,42.69484,-93.00751,Active,IA
57094,iowa_cafo_group_0426,4,42.00644,-92.29909,Active,IA
57095,iowa_cafo_group_0006,0,43.32797,-96.21531,Active,IA
57096,iowa_cafo_group_0427,4,42.33775,-92.69359,Active,IA
57097,iowa_cafo_group_0428,2,42.40642,-91.08178,Active,IA
57098,iowa_cafo_group_0429,1,42.31192,-95.06304,Active,IA
57099,iowa_cafo_group_0379,1,42.24411,-95.48128,Active,IA
57100,iowa_cafo_group_0430,3,41.61079,-92.49887,Active,IA
57101,iowa_cafo_group_0174,4,42.66153,-95.67693,Active,IA
57102,iowa_cafo_group_0431,1,42.08478,-92.3178,Active,IA
57103,iowa_cafo_group_0432,2,41.06659,-94.81651,Active,IA
57104,iowa_cafo_group_0433,4,40.84207,-93.53859,Active,IA
57106,iowa_cafo_group_0434,4,41.49502,-93.17578,Active,IA
57107,iowa_cafo_group_0435,2,41.89696,-94.60791,Active,IA
57108,iowa_cafo_group_0061,1,42.8917,-95.95594,Active,IA
57109,iowa_cafo_group_0432,2,41.06095,-94.81559,Active,IA
57110,iowa_cafo_group_0006,0,43.41228,-96.50608,Active,IA
57111,iowa_cafo_group_0436,1,40.93252,-94.74001,Active,IA
57113,iowa_cafo_group_0437,1,43.42576,-91.84009,Active,IA
57114,iowa_cafo_group_0006,0,43.44797,-96.29238,Active,IA
57116,iowa_cafo_group_0140,2,42.7815,-96.43855,Active,IA
57117,iowa_cafo_group_0438,0,42.8031,-92.39576,Active,IA
57118,iowa_cafo_group_0439,3,42.82168,-92.37645,Active,IA
57119,iowa_cafo_group_0060,4,43.24174,-92.7419,Active,IA
57120,iowa_cafo_group_0440,4,42.19676,-94.75619,Active,IA
57121,iowa_cafo_group_0441,0,42.15878,-90.59651,Active,IA
57122,iowa_cafo_group_0136,2,42.28272,-91.04712,Active,IA
57126,iowa_cafo_group_0442,4,41.67146,-90.39589,Active,IA
57127,iowa_cafo_group_0443,3,43.31468,-95.55467,Active,IA
57128,iowa_cafo_group_0444,4,42.42013,-92.46721,Active,IA
57129,iowa_cafo_group_0445,4,42.63227,-95.31815,Active,IA
57130,iowa_cafo_group_0446,3,42.7473,-95.25968,Active,IA
57131,iowa_cafo_group_0026,2,42.1066,-94.83083,Active,IA
57132,iowa_cafo_group_0447,2,42.5155,-94.6183,Active,IA
57134,iowa_cafo_group_0175,2,42.55691,-95.56327,Active,IA
57135,iowa_cafo_group_0448,3,40.97985,-94.6921,Active,IA
57136,iowa_cafo_group_0448,3,40.97001,-94.68149,Active,IA
57137,iowa_cafo_group_0080,2,41.94933,-95.02332,Active,IA
57138,iowa_cafo_group_0449,4,43.26123,-94.81971,Active,IA
57139,iowa_cafo_group_0450,4,43.44568,-94.95661,Active,IA
57140,iowa_cafo_group_0451,1,42.48352,-95.56566,Active,IA
57141,iowa_cafo_group_0451,1,42.49025,-95.57233,Active,IA
57142,iowa_cafo_group_0452,3,42.04774,-94.19195,Active,IA
57143,iowa_cafo_group_0453,2,42.44865,-96.25821,Active,IA
57144,iowa_cafo_group_0454,2,42.716,-92.73057,Active,IA
57145,iowa_cafo_group_0297,3,42.27374,-95.70788,Active,IA
57146,iowa_cafo_group_0455,2,42.37732,-91.93696,Active,IA
57148,iowa_cafo_group_0148,4,41.93412,-92.95939,Active,IA
57149,iowa_cafo_group_0456,3,41.73258,-93.32709,Active,IA
57151,iowa_cafo_group_0159,1,41.97279,-90.24641,Active,IA
57153,iowa_cafo_group_0457,3,41.11971,-92.95212,Active,IA
57154,iowa_cafo_group_0458,4,42.29679,-94.84311,Active,IA
57155,iowa_cafo_group_0061,1,42.80314,-95.70139,Active,IA
57158,iowa_cafo_group_0459,2,42.56,-91.17,Active,IA
57159,iowa_cafo_group_0460,4,42.4415,-91.22842,Active,IA
57160,iowa_cafo_group_0460,4,42.44544,-91.21862,Active,IA
57164,iowa_cafo_group_0461,4,43.31867,-95.11064,Active,IA
57165,iowa_cafo_group_0462,3,42.91348,-94.88435,Active,IA
57166,iowa_cafo_group_0006,0,43.03883,-96.40532,Active,IA
57167,iowa_cafo_group_0463,2,42.47616,-92.88692,Active,IA
57168,iowa_cafo_group_0464,4,42.56806,-90.99679,Active,IA
57170,iowa_cafo_group_0006,0,43.37643,-96.43269,Active,IA
57171,iowa_cafo_group_0185,2,43.22162,-96.51265,Active,IA
57172,iowa_cafo_group_0465,3,43.41981,-93.00636,Active,IA
57173,iowa_cafo_group_0466,1,42.34381,-95.71624,Active,IA
57174,iowa_cafo_group_0467,2,43.2239,-94.8753,Active,IA
57175,iowa_cafo_group_0082,4,42.823,-93.38146,Active,IA
57177,iowa_cafo_group_0006,0,42.96585,-96.13631,Active,IA
57179,iowa_cafo_group_0468,1,41.48367,-92.73918,Active,IA
57180,iowa_cafo_group_0469,0,43.00767,-92.77163,Active,IA
57181,iowa_cafo_group_0470,0,42.96344,-92.18687,Active,IA
57182,iowa_cafo_group_0459,2,42.56645,-91.13507,Active,IA
57183,iowa_cafo_group_0061,1,42.81469,-95.91641,Active,IA
57184,iowa_cafo_group_0379,1,42.2822,-95.50682,Active,IA
57185,iowa_cafo_group_0471,4,42.26481,-94.51453,Active,IA
57186,iowa_cafo_group_0014,3,41.80473,-95.60952,Active,IA
57187,iowa_cafo_group_0472,0,41.783,-95.5787,Active,IA
57188,iowa_cafo_group_0473,1,41.41801,-95.42485,Active,IA
57189,iowa_cafo_group_0474,2,42.12505,-92.63077,Active,IA
57190,iowa_cafo_group_0475,4,41.98238,-93.18075,Active,IA
57191,iowa_cafo_group_0373,1,41.00012,-93.01978,Active,IA
57192,iowa_cafo_group_0032,4,41.31883,-95.23438,Active,IA
57193,iowa_cafo_group_0476,1,41.56914,-91.96498,Active,IA
57194,iowa_cafo_group_0477,3,42.55573,-93.03081,Active,IA
57196,iowa_cafo_group_0478,1,41.17711,-92.608,Active,IA
57197,iowa_cafo_group_0479,3,41.63056,-91.89846,Active,IA
57198,iowa_cafo_group_0480,1,41.13717,-91.7402,Active,IA
57200,iowa_cafo_group_0006,0,43.13363,-96.09539,Active,IA
57201,iowa_cafo_group_0003,1,42.61309,-92.99924,Active,IA
57204,iowa_cafo_group_0481,0,42.52006,-94.20764,Active,IA
57206,iowa_cafo_group_0482,0,40.94507,-93.06302,Active,IA
57207,iowa_cafo_group_0483,4,42.95185,-95.75466,Active,IA
57208,iowa_cafo_group_0484,4,41.90019,-95.13226,Active,IA
57209,iowa_cafo_group_0485,4,42.42235,-91.05198,Active,IA
57210,iowa_cafo_group_0486,2,42.08182,-95.65839,Active,IA
57211,iowa_cafo_group_0487,4,43.1274,-94.76787,Active,IA
57212,iowa_cafo_group_0353,1,42.02558,-90.25338,Active,IA
57213,iowa_cafo_group_0006,0,43.20957,-96.39095,Active,IA
57214,iowa_cafo_group_0310,4,43.03163,-91.66615,Active,IA
57215,iowa_cafo_group_0488,2,41.90815,-92.03168,Active,IA
57216,iowa_cafo_group_0489,4,42.17269,-90.54065,Active,IA
57217,iowa_cafo_group_0490,4,42.36375,-91.18505,Active,IA
57218,iowa_cafo_group_0491,2,43.33491,-94.20359,Active,IA
57219,iowa_cafo_group_0492,1,40.68077,-94.24616,Active,IA
57220,iowa_cafo_group_0011,3,42.7779,-96.00489,Active,IA
57221,iowa_cafo_group_0270,4,42.9793,-92.42156,Active,IA
57222,iowa_cafo_group_0493,1,42.55351,-93.00248,Active,IA
57223,iowa_cafo_group_0494,2,43.11415,-95.6851,Active,IA
57224,iowa_cafo_group_0495,0,43.05121,-94.28763,Active,IA
57225,iowa_cafo_group_0486,2,42.01425,-95.61219,Active,IA
57226,iowa_cafo_group_0496,1,42.80332,-94.48486,Active,IA
57227,iowa_cafo_group_0497,1,41.2749,-95.38109,Active,IA
57228,iowa_cafo_group_0224,2,43.03036,-94.80482,Active,IA
57229,iowa_cafo_group_0224,2,43.01797,-94.78882,Active,IA
57230,iowa_cafo_group_0498,3,42.67,-93.56,Active,IA
57231,iowa_cafo_group_0499,3,41.40576,-95.49585,Active,IA
57234,iowa_cafo_group_0500,2,41.37703,-95.75772,Active,IA
57235,iowa_cafo_group_0500,2,41.37443,-95.75364,Active,IA
57236,iowa_cafo_group_0025,2,41.54119,-94.92726,Active,IA
57238,iowa_cafo_group_0501,2,43.18909,-94.4607,Active,IA
57239,iowa_cafo_group_0477,3,42.55927,-93.0257,Active,IA
57240,iowa_cafo_group_0025,2,41.54505,-94.92798,Active,IA
57242,iowa_cafo_group_0039,3,41.90729,-94.86839,Active,IA
57243,iowa_cafo_group_0409,4,41.35346,-95.66977,Active,IA
57244,iowa_cafo_group_0502,4,42.31295,-95.57574,Active,IA
57245,iowa_cafo_group_0503,4,42.13814,-94.79099,Active,IA
57246,iowa_cafo_group_0504,1,41.79015,-95.53415,Active,IA
57247,iowa_cafo_group_0505,4,41.46298,-94.35727,Active,IA
57248,iowa_cafo_group_0161,3,42.00987,-94.80137,Active,IA
57249,iowa_cafo_group_0161,3,42.0097,-94.80299,Active,IA
57252,iowa_cafo_group_0506,2,42.23225,-92.82696,Active,IA
57253,iowa_cafo_group_0507,2,41.14926,-92.35377,Active,IA
57254,iowa_cafo_group_0508,1,41.88726,-90.38653,Active,IA
57255,iowa_cafo_group_0509,4,41.87322,-90.43286,Active,IA
57256,iowa_cafo_group_0159,1,41.94592,-90.33423,Active,IA
57258,iowa_cafo_group_0510,3,43.38481,-92.61196,Active,IA
57259,iowa_cafo_group_0511,2,41.49122,-95.1732,Active,IA
57260,iowa_cafo_group_0512,3,41.96131,-94.90185,Active,IA
57263,iowa_cafo_group_0513,2,41.98519,-93.7194,Active,IA
57264,iowa_cafo_group_0514,2,41.34641,-92.41054,Active,IA
57265,iowa_cafo_group_0003,1,42.58264,-92.94332,Active,IA
57266,iowa_cafo_group_0134,4,42.42901,-95.54496,Active,IA
57268,iowa_cafo_group_0136,2,42.29175,-91.11086,Active,IA
57269,iowa_cafo_group_0515,2,42.56626,-95.48782,Active,IA
57271,iowa_cafo_group_0516,2,42.09414,-95.88341,Active,IA
57272,iowa_cafo_group_0516,2,42.06631,-95.87426,Active,IA
57273,iowa_cafo_group_0023,4,42.18164,-94.86442,Active,IA
57274,iowa_cafo_group_0023,4,42.1893,-94.86073,Active,IA
57275,iowa_cafo_group_0517,4,42.21817,-93.16861,Active,IA
57277,iowa_cafo_group_0500,2,41.37469,-95.74669,Active,IA
57278,iowa_cafo_group_0518,2,41.07149,-94.93618,Active,IA
57279,iowa_cafo_group_0519,3,42.61864,-94.87788,Active,IA
57280,iowa_cafo_group_0006,0,43.46712,-96.34805,Active,IA
57281,iowa_cafo_group_0520,3,43.3,-94.86,Active,IA
57282,iowa_cafo_group_0521,2,43.39459,-91.67275,Active,IA
57284,iowa_cafo_group_0006,0,43.11408,-96.26304,Active,IA
57285,iowa_cafo_group_0522,1,43.13181,-95.36945,Active,IA
57286,iowa_cafo_group_0523,4,41.50244,-94.34063,Active,IA
57287,iowa_cafo_group_0524,1,42.44686,-95.26572,Active,IA
57289,iowa_cafo_group_0006,0,43.42684,-96.27591,Active,IA
57290,iowa_cafo_group_0525,1,43.19044,-92.29978,Active,IA
57291,iowa_cafo_group_0526,2,41.89825,-95.61356,Active,IA
57293,iowa_cafo_group_0527,0,42.70483,-94.60307,Active,IA
57294,iowa_cafo_group_0528,1,42.30068,-92.16312,Active,IA
57296,iowa_cafo_group_0529,1,43.25004,-95.30964,Active,IA
57298,iowa_cafo_group_0530,1,41.1288,-95.02597,Active,IA
57299,iowa_cafo_group_0130,4,42.14628,-95.7874,Active,IA
57301,iowa_cafo_group_0055,4,41.61749,-94.83956,Active,IA
57302,iowa_cafo_group_0531,1,43.05339,-94.72836,Active,IA
57303,iowa_cafo_group_0532,4,41.15509,-94.63367,Active,IA
57304,iowa_cafo_group_0216,3,42.74287,-95.84104,Active,IA
57305,iowa_cafo_group_0042,2,42.08502,-95.73125,Active,IA
57307,iowa_cafo_group_0533,0,42.65419,-93.99053,Active,IA
57308,iowa_cafo_group_0159,1,41.98319,-90.28347,Active,IA
57309,iowa_cafo_group_0159,1,42.00525,-90.2835,Active,IA
57310,iowa_cafo_group_0159,1,42.00069,-90.28767,Active,IA
57311,iowa_cafo_group_0006,0,43.06866,-96.21633,Active,IA
57312,iowa_cafo_group_0534,1,41.21738,-94.57605,Active,IA
57315,iowa_cafo_group_0535,3,41.64701,-90.4244,Active,IA
57316,iowa_cafo_group_0138,4,42.29031,-93.05881,Active,IA
57317,iowa_cafo_group_0536,2,42.58059,-91.68606,Active,IA
57318,iowa_cafo_group_0537,4,43.31737,-92.73083,Active,IA
57319,iowa_cafo_group_0538,1,42.16376,-90.43206,Active,IA
57320,iowa_cafo_group_0539,2,42.81748,-94.04767,Active,IA
57322,iowa_cafo_group_0540,1,42.31378,-92.73005,Active,IA
57323,iowa_cafo_group_0006,0,43.25886,-96.15747,Active,IA
57327,iowa_cafo_group_0541,2,42.48451,-95.4276,Active,IA
57328,iowa_cafo_group_0087,3,42.94868,-94.72864,Active,IA
57329,iowa_cafo_group_0542,3,41.91316,-93.37384,Active,IA
57330,iowa_cafo_group_0543,4,41.43312,-95.63249,Active,IA
57331,iowa_cafo_group_0006,0,43.23647,-96.39136,Active,IA
57332,iowa_cafo_group_0544,1,42.68655,-94.21552,Active,IA
57333,iowa_cafo_group_0006,0,43.13858,-95.96104,Active,IA
57334,iowa_cafo_group_0080,2,42.03215,-95.03322,Active,IA
57335,iowa_cafo_group_0374,4,42.10341,-94.7967,Active,IA
57336,iowa_cafo_group_0545,4,42.32072,-93.3675,Active,IA
57337,iowa_cafo_group_0546,3,42.34973,-95.7501,Active,IA
57339,iowa_cafo_group_0547,3,41.30332,-94.34987,Active,IA
57340,iowa_cafo_group_0006,0,42.98964,-96.29132,Active,IA
57341,iowa_cafo_group_0548,1,43.39655,-92.21652,Active,IA
57342,iowa_cafo_group_0061,1,42.79239,-95.88269,Active,IA
57343,iowa_cafo_group_0006,0,43.05522,-95.86779,Active,IA
57344,iowa_cafo_group_0006,0,43.27274,-95.91852,Active,IA
57345,iowa_cafo_group_0549,2,42.74958,-95.34355,Active,IA
57346,iowa_cafo_group_0550,4,42.77902,-95.27746,Active,IA
57347,iowa_cafo_group_0551,4,42.53186,-96.27491,Active,IA
57349,iowa_cafo_group_0552,3,43.20297,-91.78505,Active,IA
57350,iowa_cafo_group_0553,1,43.44565,-91.39553,Active,IA
57351,iowa_cafo_group_0027,1,41.92163,-94.81969,Active,IA
57353,iowa_cafo_group_0554,1,41.79594,-94.64932,Active,IA
57354,iowa_cafo_group_0555,2,41.53781,-93.0283,Active,IA
57355,iowa_cafo_group_0556,0,42.18199,-93.91115,Active,IA
57356,iowa_cafo_group_0557,0,41.25613,-95.02014,Active,IA
57357,iowa_cafo_group_0558,2,41.39329,-95.45819,Active,IA
57359,iowa_cafo_group_0559,1,42.1659,-94.96652,Active,IA
57360,iowa_cafo_group_0545,4,42.29195,-93.28993,Active,IA
57361,iowa_cafo_group_0560,4,42.75046,-94.81178,Active,IA
57362,iowa_cafo_group_0252,3,42.44359,-92.47873,Active,IA
57363,iowa_cafo_group_0006,0,43.33206,-96.43839,Active,IA
57366,iowa_cafo_group_0561,1,43.09938,-95.60911,Active,IA
57367,iowa_cafo_group_0136,2,42.27416,-91.07893,Active,IA
57368,iowa_cafo_group_0136,2,42.25269,-91.04238,Active,IA
57369,iowa_cafo_group_0562,1,42.09811,-92.0499,Active,IA
57370,iowa_cafo_group_0393,2,41.55567,-91.72548,Active,IA
57371,iowa_cafo_group_0563,2,42.09346,-93.60436,Active,IA
57372,iowa_cafo_group_0564,0,42.21087,-93.51688,Active,IA
57373,iowa_cafo_group_0006,0,43.11115,-96.25408,Active,IA
57374,iowa_cafo_group_0565,4,41.52655,-95.62221,Active,IA
57377,iowa_cafo_group_0006,0,42.96787,-96.2493,Active,IA
57378,iowa_cafo_group_0566,4,40.64306,-94.10895,Active,IA
57379,iowa_cafo_group_0567,1,43.34176,-93.96455,Active,IA
57383,iowa_cafo_group_0568,1,41.57537,-92.1174,Active,IA
57384,iowa_cafo_group_0569,1,41.59489,-90.75582,Active,IA
57385,iowa_cafo_group_0570,4,40.773,-95.14207,Active,IA
57386,iowa_cafo_group_0571,0,41.72447,-95.63276,Active,IA
57387,iowa_cafo_group_0159,1,41.97935,-90.26546,Active,IA
57388,iowa_cafo_group_0047,4,41.31869,-95.07503,Active,IA
57389,iowa_cafo_group_0572,2,41.32736,-95.55677,Active,IA
57390,iowa_cafo_group_0006,0,43.08075,-96.09491,Active,IA
57391,iowa_cafo_group_0573,2,43.09414,-92.66791,Active,IA
57392,iowa_cafo_group_0159,1,41.96888,-90.26034,Active,IA
57393,iowa_cafo_group_0006,0,43.34678,-96.25071,Active,IA
57394,iowa_cafo_group_0574,2,43.39098,-93.00546,Active,IA
57395,iowa_cafo_group_0575,0,41.43301,-93.93331,Active,IA
57397,iowa_cafo_group_0576,4,42.71506,-91.89482,Active,IA
57398,iowa_cafo_group_0577,1,43.20617,-92.77758,Active,IA
57400,iowa_cafo_group_0578,0,41.22247,-94.92584,Active,IA
57401,iowa_cafo_group_0579,4,42.08616,-93.01035,Active,IA
57402,iowa_cafo_group_0580,1,40.97616,-91.09797,Active,IA
57403,iowa_cafo_group_0581,4,42.09197,-94.43195,Active,IA
57406,iowa_cafo_group_0582,1,42.38538,-96.05093,Active,IA
57407,iowa_cafo_group_0583,2,42.31231,-95.90768,Active,IA
57408,iowa_cafo_group_0584,4,42.72975,-96.51038,Active,IA
57409,iowa_cafo_group_0190,2,43.46013,-95.50197,Active,IA
57410,iowa_cafo_group_0006,0,43.10195,-96.17752,Active,IA
57411,iowa_cafo_group_0003,1,42.58589,-92.96659,Active,IA
57412,iowa_cafo_group_0585,0,41.39544,-95.79241,Active,IA
57413,iowa_cafo_group_0042,2,42.11028,-95.71141,Active,IA
57414,iowa_cafo_group_0586,1,43.03671,-91.69062,Active,IA
57415,iowa_cafo_group_0586,1,43.03811,-91.70783,Active,IA
57416,iowa_cafo_group_0158,1,41.49062,-95.65916,Active,IA
57417,iowa_cafo_group_0554,1,41.81172,-94.70415,Active,IA
57418,iowa_cafo_group_0006,0,43.32054,-96.39265,Active,IA
57419,iowa_cafo_group_0081,3,41.17508,-95.53362,Active,IA
57421,iowa_cafo_group_0587,1,42.74847,-94.1421,Active,IA
57422,iowa_cafo_group_0588,4,43.35245,-92.87128,Active,IA
57423,iowa_cafo_group_0165,2,42.96742,-94.79151,Active,IA
57424,iowa_cafo_group_0589,4,41.02794,-92.63795,Active,IA
57425,iowa_cafo_group_0443,3,43.33056,-95.57703,Active,IA
57426,iowa_cafo_group_0254,3,42.07675,-90.36312,Active,IA
57428,iowa_cafo_group_0006,0,43.40591,-96.31403,Active,IA
57429,iowa_cafo_group_0443,3,43.25378,-95.64371,Active,IA
57431,iowa_cafo_group_0590,0,42.01355,-90.39878,Active,IA
57432,iowa_cafo_group_0591,0,43.32797,-92.92607,Active,IA
57433,iowa_cafo_group_0006,0,43.13625,-96.07449,Active,IA
57435,iowa_cafo_group_0592,1,42.96651,-95.84065,Active,IA
57436,iowa_cafo_group_0483,4,42.96702,-95.69684,Active,IA
57437,iowa_cafo_group_0006,0,43.21474,-96.35772,Active,IA
57438,iowa_cafo_group_0310,4,43.02354,-91.64714,Active,IA
57439,iowa_cafo_group_0593,1,42.89344,-94.12119,Active,IA
57440,iowa_cafo_group_0554,1,41.8044,-94.6913,Active,IA
57441,iowa_cafo_group_0594,0,42.73346,-94.17643,Active,IA
57442,iowa_cafo_group_0595,1,40.65981,-92.22016,Active,IA
57443,iowa_cafo_group_0596,1,41.69645,-92.24164,Active,IA
57444,iowa_cafo_group_0597,1,43.2655,-92.65227,Active,IA
57446,iowa_cafo_group_0256,4,43.15034,-94.68373,Active,IA
57447,iowa_cafo_group_0598,4,42.28633,-95.08869,Active,IA
57448,iowa_cafo_group_0134,4,42.40055,-95.6065,Active,IA
57450,iowa_cafo_group_0599,3,41.6624,-90.81198,Active,IA
57451,iowa_cafo_group_0600,4,42.85944,-95.52629,Active,IA
57453,iowa_cafo_group_0600,4,42.86924,-95.52636,Active,IA
57454,iowa_cafo_group_0601,2,41.85525,-95.15142,Active,IA
57457,iowa_cafo_group_0602,3,41.75963,-94.53693,Active,IA
57458,iowa_cafo_group_0097,1,41.60112,-94.12644,Active,IA
57459,iowa_cafo_group_0159,1,41.98397,-90.28509,Active,IA
57460,iowa_cafo_group_0603,1,42.31486,-93.67841,Active,IA
57461,iowa_cafo_group_0604,2,43.17453,-95.28813,Active,IA
57462,iowa_cafo_group_0603,1,42.31486,-93.67841,Active,IA
57463,iowa_cafo_group_0061,1,42.82341,-95.91294,Active,IA
57464,iowa_cafo_group_0605,3,41.89589,-90.46769,Active,IA
57465,iowa_cafo_group_0006,0,43.13771,-96.25398,Active,IA
57466,iowa_cafo_group_0606,3,41.36412,-94.18306,Active,IA
57467,iowa_cafo_group_0607,0,42.85518,-94.18014,Active,IA
57468,iowa_cafo_group_0608,0,41.098,-92.59956,Active,IA
57469,iowa_cafo_group_0609,0,42.24366,-91.50994,Active,IA
57470,iowa_cafo_group_0610,2,41.04971,-93.87991,Active,IA
57472,iowa_cafo_group_0611,1,42.45771,-92.1094,Active,IA
57473,iowa_cafo_group_0612,3,42.39798,-94.66289,Active,IA
57474,iowa_cafo_group_0613,3,42.1527,-93.81959,Active,IA
57475,iowa_cafo_group_0614,2,42.45668,-94.40172,Active,IA
57477,iowa_cafo_group_0607,0,42.85938,-94.17959,Active,IA
57478,iowa_cafo_group_0615,2,43.03002,-92.014,Active,IA
57479,iowa_cafo_group_0616,4,42.24709,-95.41896,Active,IA
57481,iowa_cafo_group_0159,1,41.96005,-90.30064,Active,IA
57485,iowa_cafo_group_0006,0,43.01271,-96.10679,Active,IA
57488,iowa_cafo_group_0006,0,42.92935,-96.19532,Active,IA
57489,iowa_cafo_group_0617,2,41.63647,-92.04472,Active,IA
57490,iowa_cafo_group_0006,0,43.12127,-96.07603,Active,IA
57491,iowa_cafo_group_0618,1,43.28788,-92.35856,Active,IA
57495,iowa_cafo_group_0619,1,42.14543,-94.07075,Active,IA
57496,iowa_cafo_group_0619,1,42.13723,-94.08181,Active,IA
57497,iowa_cafo_group_0597,1,43.25436,-92.6623,Active,IA
57498,iowa_cafo_group_0256,4,43.14331,-94.67983,Active,IA
57499,iowa_cafo_group_0080,2,42.03627,-95.03261,Active,IA
57500,iowa_cafo_group_0134,4,42.42474,-95.5538,Active,IA
57501,iowa_cafo_group_0620,3,42.23882,-95.60058,Active,IA
57502,iowa_cafo_group_0006,0,43.06774,-96.35563,Active,IA
57503,iowa_cafo_group_0621,3,42.01458,-94.64642,Active,IA
57504,iowa_cafo_group_0622,1,40.78308,-94.41411,Active,IA
57505,iowa_cafo_group_0623,2,42.36152,-91.27747,Active,IA
57506,iowa_cafo_group_0624,3,42.5721,-94.24441,Active,IA
57507,iowa_cafo_group_0593,1,42.87814,-94.1159,Active,IA
57508,iowa_cafo_group_0625,1,41.68246,-92.08648,Active,IA
57509,iowa_cafo_group_0006,0,43.28789,-96.07186,Active,IA
57510,iowa_cafo_group_0626,2,40.62755,-94.40376,Active,IA
57511,iowa_cafo_group_0626,2,40.62755,-94.40376,Active,IA
57512,iowa_cafo_group_0627,1,42.31042,-91.38799,Active,IA
57513,iowa_cafo_group_0627,1,42.31124,-91.39422,Active,IA
57514,iowa_cafo_group_0628,2,41.31695,-95.64533,Active,IA
57515,iowa_cafo_group_0629,0,42.07799,-95.80021,Active,IA
57516,iowa_cafo_group_0630,2,41.75621,-95.30953,Active,IA
57517,iowa_cafo_group_0006,0,43.41718,-96.35427,Active,IA
57518,iowa_cafo_group_0341,3,43.14006,-95.34049,Active,IA
57519,iowa_cafo_group_0631,2,42.09997,-90.30714,Active,IA
57520,iowa_cafo_group_0006,0,43.08533,-96.10941,Active,IA
57521,iowa_cafo_group_0353,1,42.0504,-90.28707,Active,IA
57522,iowa_cafo_group_0536,2,42.58716,-91.72981,Active,IA
57524,iowa_cafo_group_0158,1,41.49942,-95.6515,Active,IA
57525,iowa_cafo_group_0632,0,42.07137,-90.27228,Active,IA
57526,iowa_cafo_group_0279,2,42.69124,-94.54451,Active,IA
57527,iowa_cafo_group_0633,4,41.3154,-94.9794,Active,IA
57528,iowa_cafo_group_0634,4,42.29275,-90.46205,Active,IA
57529,iowa_cafo_group_0635,4,42.96903,-91.8396,Active,IA
57531,iowa_cafo_group_0636,0,43.3114,-95.00079,Active,IA
57533,iowa_cafo_group_0637,3,41.90456,-93.46204,Active,IA
57534,iowa_cafo_group_0638,2,41.87106,-94.81187,Active,IA
57535,iowa_cafo_group_0639,3,42.05649,-92.81189,Active,IA
57536,iowa_cafo_group_0159,1,41.96888,-90.26034,Active,IA
57537,iowa_cafo_group_0353,1,42.03671,-90.28835,Active,IA
57538,iowa_cafo_group_0006,0,43.44797,-96.26927,Active,IA
57539,iowa_cafo_group_0006,0,43.21637,-96.00401,Active,IA
57540,iowa_cafo_group_0640,1,43.04928,-94.83732,Active,IA
57541,iowa_cafo_group_0641,0,41.94881,-90.20794,Active,IA
57542,iowa_cafo_group_0642,0,43.02719,-95.4216,Active,IA
57543,iowa_cafo_group_0397,4,42.15256,-95.5771,Active,IA
57545,iowa_cafo_group_0643,3,43.44601,-95.42871,Active,IA
57548,iowa_cafo_group_0006,0,43.07088,-96.128,Active,IA
57549,iowa_cafo_group_0644,1,42.34,-94.92,Active,IA
57551,iowa_cafo_group_0645,2,42.30868,-90.86088,Active,IA
57552,iowa_cafo_group_0006,0,43.12814,-96.24862,Active,IA
57555,iowa_cafo_group_0646,2,41.74454,-91.91388,Active,IA
57556,iowa_cafo_group_0600,4,42.86401,-95.50895,Active,IA
57558,iowa_cafo_group_0647,0,41.1003,-92.56563,Active,IA
57559,iowa_cafo_group_0500,2,41.37417,-95.76382,Active,IA
57560,iowa_cafo_group_0006,0,43.49042,-96.38531,Active,IA
57561,iowa_cafo_group_0270,4,42.9497,-92.43558,Active,IA
57562,iowa_cafo_group_0634,4,42.28788,-90.46886,Active,IA
57563,iowa_cafo_group_0648,4,41.59321,-93.1613,Active,IA
57564,iowa_cafo_group_0238,2,42.95924,-95.63028,Active,IA
57566,iowa_cafo_group_0649,3,41.89286,-91.57561,Active,IA
57570,iowa_cafo_group_0650,3,42.99682,-95.42966,Active,IA
57571,iowa_cafo_group_0651,3,43.22862,-92.77093,Active,IA
57572,iowa_cafo_group_0652,1,42.92156,-95.39531,Active,IA
57573,iowa_cafo_group_0653,4,42.3991,-91.66391,Active,IA
57574,iowa_cafo_group_0389,3,43.27712,-96.51592,Active,IA
57575,iowa_cafo_group_0654,2,43.16483,-92.45618,Active,IA
57577,iowa_cafo_group_0655,4,42.15953,-92.67249,Active,IA
57580,iowa_cafo_group_0656,0,41.89729,-95.83919,Active,IA
57581,iowa_cafo_group_0006,0,43.39032,-96.07526,Active,IA
57582,iowa_cafo_group_0651,3,43.23323,-92.7673,Active,IA
57583,iowa_cafo_group_0190,2,43.46088,-95.48859,Active,IA
57584,iowa_cafo_group_0657,1,42.47604,-96.17098,Active,IA
57585,iowa_cafo_group_0658,2,42.59165,-95.57159,Active,IA
57586,iowa_cafo_group_0006,0,43.24427,-96.25798,Active,IA
57587,iowa_cafo_group_0659,4,42.71288,-95.40602,Active,IA
57588,iowa_cafo_group_0660,3,41.45,-95.06,Active,IA
57589,iowa_cafo_group_0061,1,42.78816,-95.82246,Active,IA
57590,iowa_cafo_group_0011,3,42.76648,-96.02022,Active,IA
57591,iowa_cafo_group_0661,0,41.58201,-91.03215,Active,IA
57592,iowa_cafo_group_0662,4,43.00707,-95.15967,Active,IA
57593,iowa_cafo_group_0663,2,41.58168,-90.9943,Active,IA
57595,iowa_cafo_group_0006,0,43.49971,-96.49076,Active,IA
57596,iowa_cafo_group_0664,3,40.64067,-91.53165,Active,IA
57598,iowa_cafo_group_0665,2,41.92135,-93.08226,Active,IA
57599,iowa_cafo_group_0006,0,43.02685,-95.95418,Active,IA
57601,iowa_cafo_group_0666,2,40.9885,-92.79109,Active,IA
57602,iowa_cafo_group_0667,2,41.72701,-92.98119,Active,IA
57603,iowa_cafo_group_0006,0,43.26196,-96.11916,Active,IA
57605,iowa_cafo_group_0668,4,42.023,-94.13892,Active,IA
57606,iowa_cafo_group_0006,0,43.31757,-96.36052,Active,IA
57608,iowa_cafo_group_0006,0,43.03544,-95.95898,Active,IA
57611,iowa_cafo_group_0669,2,42.75625,-95.38582,Active,IA
57613,iowa_cafo_group_0670,3,41.31432,-95.7715,Active,IA
57614,iowa_cafo_group_0659,4,42.71227,-95.41167,Active,IA
57615,iowa_cafo_group_0671,2,41.05356,-95.17433,Active,IA
57617,iowa_cafo_group_0672,2,42.19774,-95.66125,Active,IA
57618,iowa_cafo_group_0673,1,42.61927,-95.59525,Active,IA
57619,iowa_cafo_group_0006,0,43.25596,-96.15935,Active,IA
57621,iowa_cafo_group_0674,1,42.24492,-96.0374,Active,IA
57622,iowa_cafo_group_0675,3,42.88383,-95.72365,Active,IA
57623,iowa_cafo_group_0676,1,41.62927,-91.94166,Active,IA
57625,iowa_cafo_group_0006,0,43.41749,-96.38413,Active,IA
57626,iowa_cafo_group_0677,2,42.31671,-91.17758,Active,IA
57627,iowa_cafo_group_0678,1,42.9679,-93.67012,Active,IA
57628,iowa_cafo_group_0006,0,43.01077,-96.00168,Active,IA
57630,iowa_cafo_group_0679,0,42.60575,-96.31764,Active,IA
57632,iowa_cafo_group_0680,4,42.98783,-95.99619,Active,IA
57633,iowa_cafo_group_0159,1,42.00847,-90.29765,Active,IA
57634,iowa_cafo_group_0006,0,43.31228,-95.85995,Active,IA
57635,iowa_cafo_group_0681,3,42.39675,-93.17905,Active,IA
57636,iowa_cafo_group_0190,2,43.46223,-95.52217,Active,IA
57639,iowa_cafo_group_0173,3,42.11634,-95.20515,Active,IA
57640,iowa_cafo_group_0682,4,42.45594,-95.46202,Active,IA
57641,iowa_cafo_group_0683,1,41.16372,-92.72221,Active,IA
57642,iowa_cafo_group_0684,2,41.39963,-93.4628,Active,IA
57643,iowa_cafo_group_0685,3,41.68318,-93.18469,Active,IA
57644,iowa_cafo_group_0686,2,42.39663,-92.37823,Active,IA
57645,iowa_cafo_group_0687,3,43.04131,-91.96115,Active,IA
57646,iowa_cafo_group_0037,3,42.41826,-95.51483,Active,IA
57648,iowa_cafo_group_0596,1,41.70329,-92.24667,Active,IA
57649,iowa_cafo_group_0143,1,42.02319,-94.87707,Active,IA
57651,iowa_cafo_group_0143,1,42.02039,-94.89268,Active,IA
57652,iowa_cafo_group_0080,2,41.94875,-94.96014,Active,IA
57653,iowa_cafo_group_0080,2,41.94976,-94.96248,Active,IA
57654,iowa_cafo_group_0080,2,41.94195,-94.9951,Active,IA
57655,iowa_cafo_group_0688,3,41.90452,-95.04776,Active,IA
57657,iowa_cafo_group_0689,2,41.92184,-95.10079,Active,IA
57658,iowa_cafo_group_0690,4,43.15652,-93.84982,Active,IA
57659,iowa_cafo_group_0691,1,42.12509,-95.45041,Active,IA
57660,iowa_cafo_group_0692,1,41.2596,-95.59752,Active,IA
57661,iowa_cafo_group_0693,4,40.91341,-91.05475,Active,IA
57662,iowa_cafo_group_0089,0,41.2741,-95.47191,Active,IA
57665,iowa_cafo_group_0694,4,42.10627,-92.87052,Active,IA
57666,iowa_cafo_group_0695,4,41.70852,-94.87603,Active,IA
57668,iowa_cafo_group_0006,0,43.05203,-95.86835,Active,IA
57669,iowa_cafo_group_0080,2,42.04741,-95.00692,Active,IA
57670,iowa_cafo_group_0696,1,41.86503,-95.21674,Active,IA
57671,iowa_cafo_group_0572,2,41.30698,-95.55536,Active,IA
57672,iowa_cafo_group_0418,3,41.90785,-95.16201,Active,IA
57673,iowa_cafo_group_0697,3,42.41537,-95.35712,Active,IA
57674,iowa_cafo_group_0006,0,43.05428,-96.11824,Active,IA
57675,iowa_cafo_group_0698,2,42.39723,-95.41563,Active,IA
57676,iowa_cafo_group_0161,3,42.02607,-94.80115,Active,IA
57677,iowa_cafo_group_0023,4,42.20718,-94.89177,Active,IA
57678,iowa_cafo_group_0699,1,42.16064,-91.77971,Active,IA
57679,iowa_cafo_group_0006,0,42.94059,-96.13825,Active,IA
57681,iowa_cafo_group_0700,0,42.79205,-91.46896,Active,IA
57682,iowa_cafo_group_0701,4,43.26067,-96.54611,Active,IA
57683,iowa_cafo_group_0702,1,41.87551,-95.28692,Active,IA
57684,iowa_cafo_group_0703,1,41.07867,-92.04567,Active,IA
57685,iowa_cafo_group_0080,2,41.9796,-94.96762,Active,IA
57687,iowa_cafo_group_0704,0,41.27199,-94.58612,Active,IA
57689,iowa_cafo_group_0006,0,43.05332,-96.28694,Active,IA
57690,iowa_cafo_group_0705,2,41.98327,-94.02953,Active,IA
57692,iowa_cafo_group_0706,2,41.9351,-90.54628,Active,IA
57693,iowa_cafo_group_0707,0,41.82136,-95.40504,Active,IA
57694,iowa_cafo_group_0006,0,43.1279,-96.14972,Active,IA
57695,iowa_cafo_group_0171,2,42.36968,-95.83267,Active,IA
57696,iowa_cafo_group_0708,2,42.55195,-91.53127,Active,IA
57697,iowa_cafo_group_0006,0,43.15765,-96.09051,Active,IA
57698,iowa_cafo_group_0617,2,41.63754,-92.06551,Active,IA
57699,iowa_cafo_group_0709,1,42.57891,-93.043,Active,IA
57700,iowa_cafo_group_0588,4,43.37175,-92.88932,Active,IA
57703,iowa_cafo_group_0710,0,43.09984,-92.26857,Active,IA
57704,iowa_cafo_group_0711,0,43.20233,-92.157,Active,IA
57705,iowa_cafo_group_0073,1,42.93592,-92.39014,Active,IA
57706,iowa_cafo_group_0712,3,43.13421,-92.54759,Active,IA
57707,iowa_cafo_group_0270,4,42.99388,-92.43011,Active,IA
57708,iowa_cafo_group_0270,4,42.98102,-92.40592,Active,IA
57710,iowa_cafo_group_0713,3,42.92187,-92.14502,Active,IA
57711,iowa_cafo_group_0714,2,43.06932,-92.06073,Active,IA
57712,iowa_cafo_group_0715,1,42.91,-91.69,Active,IA
57713,iowa_cafo_group_0716,4,42.94594,-91.88531,Active,IA
57714,iowa_cafo_group_0717,4,43.07556,-92.17507,Active,IA
57715,iowa_cafo_group_0093,1,42.97891,-92.05175,Active,IA
57716,iowa_cafo_group_0718,3,43.41647,-92.52763,Active,IA
57717,iowa_cafo_group_0719,2,43.32119,-92.53591,Active,IA
57718,iowa_cafo_group_0720,4,43.41583,-92.44555,Active,IA
57719,iowa_cafo_group_0721,2,43.22824,-92.23658,Active,IA
57720,iowa_cafo_group_0722,1,43.42972,-92.46261,Active,IA
57721,iowa_cafo_group_0437,1,43.43167,-91.82691,Active,IA
57722,iowa_cafo_group_0723,1,43.22373,-92.03799,Active,IA
57723,iowa_cafo_group_0724,1,43.47093,-91.76278,Active,IA
57725,iowa_cafo_group_0725,2,43.45913,-91.85067,Active,IA
57727,iowa_cafo_group_0726,3,42.6325,-92.69154,Active,IA
57728,iowa_cafo_group_0726,3,42.63616,-92.71105,Active,IA
57729,iowa_cafo_group_0727,1,42.71411,-92.64373,Active,IA
57730,iowa_cafo_group_0728,1,42.86239,-92.76311,Active,IA
57731,iowa_cafo_group_0729,3,42.85495,-92.79916,Active,IA
57732,iowa_cafo_group_0730,0,42.86227,-92.8311,Active,IA
57733,iowa_cafo_group_0731,0,42.64173,-92.66175,Active,IA
57734,iowa_cafo_group_0732,1,42.70953,-92.84283,Active,IA
57735,iowa_cafo_group_0733,1,42.98089,-93.08565,Active,IA
57736,iowa_cafo_group_0734,4,43.06727,-93.01542,Active,IA
57737,iowa_cafo_group_0735,2,42.97944,-92.75292,Active,IA
57738,iowa_cafo_group_0736,4,42.76302,-93.1199,Active,IA
57741,iowa_cafo_group_0737,3,42.68599,-93.31516,Active,IA
57742,iowa_cafo_group_0738,3,42.57134,-93.34654,Active,IA
57743,iowa_cafo_group_0738,3,42.56577,-93.32594,Active,IA
57744,iowa_cafo_group_0082,4,42.79362,-93.28204,Active,IA
57745,iowa_cafo_group_0739,1,42.58611,-93.1856,Active,IA
57746,iowa_cafo_group_0740,3,42.76254,-93.48124,Active,IA
57747,iowa_cafo_group_0738,3,42.62348,-93.41628,Active,IA
57748,iowa_cafo_group_0741,3,42.81279,-93.12769,Active,IA
57749,iowa_cafo_group_0737,3,42.64269,-93.27243,Active,IA
57750,iowa_cafo_group_0742,3,42.66477,-93.11054,Active,IA
57751,iowa_cafo_group_0743,4,42.65892,-93.16464,Active,IA
57752,iowa_cafo_group_0744,1,42.6222,-93.11742,Active,IA
57753,iowa_cafo_group_0745,2,42.45487,-93.03796,Active,IA
57754,iowa_cafo_group_0746,2,42.51795,-92.84848,Active,IA
57755,iowa_cafo_group_0747,1,42.51219,-92.90938,Active,IA
57756,iowa_cafo_group_0748,1,42.3552,-92.98205,Active,IA
57757,iowa_cafo_group_0332,4,42.38046,-93.66426,Active,IA
57759,iowa_cafo_group_0749,4,42.44449,-93.5394,Active,IA
57760,iowa_cafo_group_0332,4,42.33902,-93.66829,Active,IA
57761,iowa_cafo_group_0750,4,42.31728,-93.49923,Active,IA
57762,iowa_cafo_group_0749,4,42.44194,-93.53162,Active,IA
57763,iowa_cafo_group_0332,4,42.38572,-93.67077,Active,IA
57764,iowa_cafo_group_0603,1,42.305,-93.69664,Active,IA
57765,iowa_cafo_group_0332,4,42.3841,-93.63781,Active,IA
57767,iowa_cafo_group_0751,4,43.14352,-93.71742,Active,IA
57769,iowa_cafo_group_0752,1,42.91386,-93.67664,Active,IA
57773,iowa_cafo_group_0753,4,43.06791,-93.81971,Active,IA
57775,iowa_cafo_group_0545,4,42.40816,-93.27559,Active,IA
57776,iowa_cafo_group_0545,4,42.41496,-93.3009,Active,IA
57777,iowa_cafo_group_0738,3,42.52876,-93.34142,Active,IA
57778,iowa_cafo_group_0754,1,42.28905,-93.40388,Active,IA
57779,iowa_cafo_group_0755,4,42.47729,-93.43813,Active,IA
57780,iowa_cafo_group_0756,4,42.48474,-93.33925,Active,IA
57781,iowa_cafo_group_0756,4,42.47862,-93.33285,Active,IA
57782,iowa_cafo_group_0756,4,42.47868,-93.3395,Active,IA
57783,iowa_cafo_group_0755,4,42.52514,-93.4217,Active,IA
57786,iowa_cafo_group_0755,4,42.48492,-93.43216,Active,IA
57787,iowa_cafo_group_0737,3,42.64335,-93.29024,Active,IA
57788,iowa_cafo_group_0742,3,42.68,-93.07667,Active,IA
57789,iowa_cafo_group_0757,1,42.78919,-93.00429,Active,IA
57790,iowa_cafo_group_0454,2,42.74253,-92.74759,Active,IA
57791,iowa_cafo_group_0545,4,42.39627,-93.31648,Active,IA
57793,iowa_cafo_group_0545,4,42.47887,-93.39958,Active,IA
57794,iowa_cafo_group_0545,4,42.26239,-93.23087,Active,IA
57795,iowa_cafo_group_0728,1,42.85764,-92.7425,Active,IA
57796,iowa_cafo_group_0545,4,42.40466,-93.42529,Active,IA
57798,iowa_cafo_group_0758,1,42.71157,-94.30384,Active,IA
57800,iowa_cafo_group_0759,4,42.83448,-94.44115,Active,IA
57801,iowa_cafo_group_0094,4,43.14036,-94.04834,Active,IA
57802,iowa_cafo_group_0278,2,43.48697,-94.32547,Active,IA
57803,iowa_cafo_group_0760,1,43.12705,-94.43148,Active,IA
57804,iowa_cafo_group_0491,2,43.34398,-94.1813,Active,IA
57805,iowa_cafo_group_0761,4,43.0972,-94.3334,Active,IA
57806,iowa_cafo_group_0762,0,42.98856,-94.23012,Active,IA
57807,iowa_cafo_group_0763,1,43.28455,-94.24177,Active,IA
57808,iowa_cafo_group_0764,2,43.1417,-94.11773,Active,IA
57809,iowa_cafo_group_0765,0,43.10643,-94.30949,Active,IA
57810,iowa_cafo_group_0766,1,43.03615,-94.04896,Active,IA
57811,iowa_cafo_group_0767,2,43.44463,-94.05889,Active,IA
57812,iowa_cafo_group_0094,4,43.12703,-94.08064,Active,IA
57813,iowa_cafo_group_0718,3,43.4153,-92.56822,Active,IA
57815,iowa_cafo_group_0768,3,42.232,-94.32327,Active,IA
57816,iowa_cafo_group_0769,3,42.31006,-94.01034,Active,IA
57817,iowa_cafo_group_0770,1,42.23879,-94.03779,Active,IA
57818,iowa_cafo_group_0771,4,42.43532,-93.92893,Active,IA
57819,iowa_cafo_group_0772,2,42.36817,-94.35204,Active,IA
57820,iowa_cafo_group_0773,1,42.48376,-94.08003,Active,IA
57821,iowa_cafo_group_0774,3,42.35993,-93.92242,Active,IA
57823,iowa_cafo_group_0775,0,42.56613,-94.2843,Active,IA
57824,iowa_cafo_group_0776,3,43.36974,-93.52343,Active,IA
57825,iowa_cafo_group_0777,0,42.87666,-93.96202,Active,IA
57826,iowa_cafo_group_0778,4,42.70297,-93.87953,Active,IA
57827,iowa_cafo_group_0779,0,42.86415,-93.50678,Active,IA
57828,iowa_cafo_group_0780,1,42.77135,-93.78623,Active,IA
57830,iowa_cafo_group_0781,1,42.84939,-93.78944,Active,IA
57832,iowa_cafo_group_0782,2,42.69115,-95.09937,Active,IA
57833,iowa_cafo_group_0783,1,42.62561,-95.15559,Active,IA
57834,iowa_cafo_group_0782,2,42.6044,-94.98417,Active,IA
57835,iowa_cafo_group_0784,0,42.58,-91.34,Active,IA
57836,iowa_cafo_group_0149,3,42.09433,-95.55407,Active,IA
57837,iowa_cafo_group_0782,2,42.64779,-95.00176,Active,IA
57838,iowa_cafo_group_0782,2,42.59304,-94.99123,Active,IA
57840,iowa_cafo_group_0782,2,42.74581,-94.99541,Active,IA
57841,iowa_cafo_group_0782,2,42.69023,-94.98288,Active,IA
57842,iowa_cafo_group_0782,2,42.68807,-95.1362,Active,IA
57843,iowa_cafo_group_0785,2,42.77468,-95.25026,Active,IA
57844,iowa_cafo_group_0786,1,42.74631,-94.91469,Active,IA
57845,iowa_cafo_group_0782,2,42.56029,-95.01698,Active,IA
57847,iowa_cafo_group_0787,1,42.23694,-94.80508,Active,IA
57848,iowa_cafo_group_0788,1,42.53577,-94.73843,Active,IA
57849,iowa_cafo_group_0789,3,41.21474,-91.42387,Active,IA
57850,iowa_cafo_group_0790,2,42.4869,-94.56628,Active,IA
57853,iowa_cafo_group_0791,1,42.30995,-94.81565,Active,IA
57854,iowa_cafo_group_0612,3,42.39971,-94.6846,Active,IA
57856,iowa_cafo_group_0792,2,42.32367,-94.7023,Active,IA
57857,iowa_cafo_group_0788,1,42.52674,-94.73828,Active,IA
57858,iowa_cafo_group_0793,1,42.77807,-95.34938,Active,IA
57859,iowa_cafo_group_0675,3,42.87444,-95.71762,Active,IA
57860,iowa_cafo_group_0794,3,42.60382,-95.42812,Active,IA
57862,iowa_cafo_group_0795,1,42.62077,-95.85875,Active,IA
57864,iowa_cafo_group_0782,2,42.65488,-94.97367,Active,IA
57865,iowa_cafo_group_0793,1,42.80581,-95.38526,Active,IA
57866,iowa_cafo_group_0293,4,42.7076,-95.74938,Active,IA
57867,iowa_cafo_group_0796,4,42.9092,-95.57735,Active,IA
57868,iowa_cafo_group_0797,1,42.92499,-94.94432,Active,IA
57870,iowa_cafo_group_0069,3,43.31214,-94.57928,Active,IA
57871,iowa_cafo_group_0798,4,43.39351,-94.51981,Active,IA
57872,iowa_cafo_group_0799,1,43.26798,-94.45862,Active,IA
57873,iowa_cafo_group_0800,1,43.37038,-94.4989,Active,IA
57875,iowa_cafo_group_0801,3,43.36578,-94.58165,Active,IA
57876,iowa_cafo_group_0799,1,43.30316,-94.44145,Active,IA
57877,iowa_cafo_group_0802,3,42.41308,-95.47035,Active,IA
57878,iowa_cafo_group_0029,1,42.32646,-95.36507,Active,IA
57880,iowa_cafo_group_0006,0,43.29371,-96.13612,Active,IA
57881,iowa_cafo_group_0006,0,43.33924,-96.38861,Active,IA
57882,iowa_cafo_group_0006,0,43.27358,-95.88258,Active,IA
57883,iowa_cafo_group_0006,0,43.26905,-95.90055,Active,IA
57884,iowa_cafo_group_0006,0,43.34,-96.06,Active,IA
57886,iowa_cafo_group_0006,0,43.33053,-96.37359,Active,IA
57890,iowa_cafo_group_0803,4,43.01227,-95.65261,Active,IA
57891,iowa_cafo_group_0443,3,43.25936,-95.63068,Active,IA
57892,iowa_cafo_group_0804,1,43.28757,-95.80719,Active,IA
57893,iowa_cafo_group_0190,2,43.45464,-95.50215,Active,IA
57895,iowa_cafo_group_0805,4,43.40064,-95.68077,Active,IA
57896,iowa_cafo_group_0006,0,43.29928,-95.7632,Active,IA
57897,iowa_cafo_group_0006,0,43.28627,-95.84189,Active,IA
57898,iowa_cafo_group_0006,0,43.40201,-95.81287,Active,IA
57899,iowa_cafo_group_0006,0,43.46265,-95.74234,Active,IA
57900,iowa_cafo_group_0806,0,43.4988,-95.6163,Active,IA
57901,iowa_cafo_group_0807,1,43.33987,-92.63027,Active,IA
57903,iowa_cafo_group_0006,0,43.3449,-95.85347,Active,IA
57904,iowa_cafo_group_0443,3,43.38728,-95.60395,Active,IA
57905,iowa_cafo_group_0006,0,43.3464,-95.79062,Active,IA
57906,iowa_cafo_group_0808,2,42.99558,-94.29469,Active,IA
57907,iowa_cafo_group_0006,0,43.40107,-95.88131,Active,IA
57909,iowa_cafo_group_0487,4,43.15604,-94.80981,Active,IA
57910,iowa_cafo_group_0809,4,43.08234,-94.67302,Active,IA
57911,iowa_cafo_group_0810,2,43.16449,-94.5032,Active,IA
57912,iowa_cafo_group_0811,3,43.15929,-94.44379,Active,IA
57913,iowa_cafo_group_0087,3,42.93866,-94.62717,Active,IA
57916,iowa_cafo_group_0760,1,43.10788,-94.48315,Active,IA
57917,iowa_cafo_group_0812,3,43.19805,-94.4051,Active,IA
57919,iowa_cafo_group_0813,0,42.62225,-95.94902,Active,IA
57920,iowa_cafo_group_0011,3,42.66638,-96.09489,Active,IA
57921,iowa_cafo_group_0584,4,42.77835,-96.52521,Active,IA
57922,iowa_cafo_group_0496,1,42.7899,-94.46143,Active,IA
57923,iowa_cafo_group_0814,0,42.68455,-94.60054,Active,IA
57924,iowa_cafo_group_0068,2,42.33545,-95.23825,Active,IA
57925,iowa_cafo_group_0815,2,42.2755,-94.85924,Active,IA
57926,iowa_cafo_group_0229,3,42.40107,-95.08836,Active,IA
57927,iowa_cafo_group_0056,1,42.3742,-95.13004,Active,IA
57928,iowa_cafo_group_0068,2,42.37047,-95.19638,Active,IA
57930,iowa_cafo_group_0056,1,42.29793,-95.14296,Active,IA
57931,iowa_cafo_group_0056,1,42.29795,-95.15512,Active,IA
57932,iowa_cafo_group_0056,1,42.34009,-95.13103,Active,IA
57933,iowa_cafo_group_0816,0,42.44308,-95.2064,Active,IA
57934,iowa_cafo_group_0229,3,42.39296,-95.12921,Active,IA
57935,iowa_cafo_group_0355,1,42.48943,-95.15653,Active,IA
57937,iowa_cafo_group_0644,1,42.30977,-94.93197,Active,IA
57938,iowa_cafo_group_0253,3,42.26619,-95.18654,Active,IA
57939,iowa_cafo_group_0782,2,42.54758,-94.92374,Active,IA
57941,iowa_cafo_group_0006,0,43.00675,-96.27157,Active,IA
57942,iowa_cafo_group_0006,0,42.98053,-96.35002,Active,IA
57943,iowa_cafo_group_0006,0,43.17442,-96.41141,Active,IA
57944,iowa_cafo_group_0006,0,43.08547,-95.86117,Active,IA
57945,iowa_cafo_group_0006,0,43.25407,-95.91333,Active,IA
57946,iowa_cafo_group_0006,0,43.12663,-96.19961,Active,IA
57948,iowa_cafo_group_0006,0,43.12813,-95.87197,Active,IA
57949,iowa_cafo_group_0006,0,43.04863,-95.99882,Active,IA
57953,iowa_cafo_group_0006,0,43.15074,-96.27505,Active,IA
57954,iowa_cafo_group_0006,0,43.10253,-96.2159,Active,IA
57955,iowa_cafo_group_0006,0,43.08196,-96.01843,Active,IA
57956,iowa_cafo_group_0006,0,43.24428,-96.2874,Active,IA
57958,iowa_cafo_group_0006,0,43.10686,-96.01743,Active,IA
57959,iowa_cafo_group_0006,0,43.02202,-96.19589,Active,IA
57961,iowa_cafo_group_0006,0,43.02568,-96.37084,Active,IA
57962,iowa_cafo_group_0817,3,42.49973,-95.97958,Active,IA
57963,iowa_cafo_group_0818,0,42.22934,-96.16364,Active,IA
57964,iowa_cafo_group_0819,4,42.2554,-95.66393,Active,IA
57965,iowa_cafo_group_0820,3,41.17296,-94.56854,Active,IA
57966,iowa_cafo_group_0821,2,41.13993,-94.75908,Active,IA
57967,iowa_cafo_group_0532,4,41.15414,-94.64983,Active,IA
57968,iowa_cafo_group_0822,2,41.72222,-94.99684,Active,IA
57969,iowa_cafo_group_0823,4,41.68602,-94.74098,Active,IA
57972,iowa_cafo_group_0824,2,41.67603,-94.97725,Active,IA
57973,iowa_cafo_group_0825,1,42.09262,-94.69662,Active,IA
57974,iowa_cafo_group_0255,4,42.0846,-94.9942,Active,IA
57975,iowa_cafo_group_0161,3,42.03952,-94.79259,Active,IA
57976,iowa_cafo_group_0080,2,42.00133,-95.03302,Active,IA
57977,iowa_cafo_group_0239,4,42.16957,-95.04452,Active,IA
57978,iowa_cafo_group_0239,4,42.13746,-95.06291,Active,IA
57979,iowa_cafo_group_0826,4,41.96848,-95.1136,Active,IA
57980,iowa_cafo_group_0787,1,42.20454,-94.81387,Active,IA
57981,iowa_cafo_group_0161,3,42.00817,-94.77927,Active,IA
57982,iowa_cafo_group_0827,3,42.09367,-95.2543,Active,IA
57983,iowa_cafo_group_0828,3,41.42929,-92.06265,Active,IA
57985,iowa_cafo_group_0829,1,42.02038,-95.55534,Active,IA
57989,iowa_cafo_group_0830,1,42.08429,-94.22116,Active,IA
57990,iowa_cafo_group_0831,2,41.92031,-94.56991,Active,IA
57992,iowa_cafo_group_0832,4,42.19515,-94.41407,Active,IA
57994,iowa_cafo_group_0833,2,42.0302,-94.33011,Active,IA
57995,iowa_cafo_group_0834,1,42.06395,-94.52517,Active,IA
57996,iowa_cafo_group_0830,1,42.08721,-94.18504,Active,IA
57998,iowa_cafo_group_0835,1,41.40282,-95.63378,Active,IA
57999,iowa_cafo_group_0836,2,40.68215,-94.43213,Active,IA
58000,iowa_cafo_group_0837,2,40.89508,-94.33764,Active,IA
58001,iowa_cafo_group_0630,2,41.75388,-95.31132,Active,IA
58002,iowa_cafo_group_0838,0,41.99828,-94.16366,Active,IA
58003,iowa_cafo_group_0839,3,41.86416,-93.77421,Active,IA
58004,iowa_cafo_group_0840,0,41.93681,-94.04364,Active,IA
58005,iowa_cafo_group_0841,2,42.07137,-93.77547,Active,IA
58006,iowa_cafo_group_0842,3,41.80464,-94.25881,Active,IA
58007,iowa_cafo_group_0843,1,41.74563,-94.21044,Active,IA
58008,iowa_cafo_group_0844,0,41.75394,-94.27858,Active,IA
58009,iowa_cafo_group_0845,1,41.78797,-94.22094,Active,IA
58010,iowa_cafo_group_0846,4,40.80346,-93.99359,Active,IA
58011,iowa_cafo_group_0847,4,40.64742,-93.73719,Active,IA
58012,iowa_cafo_group_0848,3,41.79047,-93.06257,Active,IA
58013,iowa_cafo_group_0849,0,41.83468,-92.99463,Active,IA
58014,iowa_cafo_group_0434,4,41.52372,-93.15162,Active,IA
58015,iowa_cafo_group_0850,4,41.39316,-92.57445,Active,IA
58016,iowa_cafo_group_0851,1,41.43538,-92.52105,Active,IA
58017,iowa_cafo_group_0850,4,41.42339,-92.54658,Active,IA
58018,iowa_cafo_group_0851,1,41.43894,-92.47467,Active,IA
58019,iowa_cafo_group_0852,4,41.95017,-92.93237,Active,IA
58020,iowa_cafo_group_0853,3,42.17957,-93.13952,Active,IA
58021,iowa_cafo_group_0854,4,42.06269,-93.08913,Active,IA
58022,iowa_cafo_group_0855,3,41.63915,-92.39318,Active,IA
58024,iowa_cafo_group_0856,3,41.61899,-91.38459,Active,IA
58025,iowa_cafo_group_0857,2,41.69211,-91.03987,Active,IA
58027,iowa_cafo_group_0858,1,41.77078,-90.93178,Active,IA
58028,iowa_cafo_group_0859,1,41.75045,-90.9551,Active,IA
58029,iowa_cafo_group_0860,3,40.85317,-92.54586,Active,IA
58030,iowa_cafo_group_0860,3,40.85859,-92.56627,Active,IA
58031,iowa_cafo_group_0861,1,40.80042,-92.24952,Active,IA
58032,iowa_cafo_group_0862,4,40.81582,-92.31422,Active,IA
58034,iowa_cafo_group_0595,1,40.66133,-92.21636,Active,IA
58035,iowa_cafo_group_0863,2,40.75958,-92.18711,Active,IA
58036,iowa_cafo_group_0864,2,40.65511,-92.43078,Active,IA
58037,iowa_cafo_group_0865,1,40.62455,-92.35192,Active,IA
58040,iowa_cafo_group_0866,1,41.11348,-91.6854,Active,IA
58041,iowa_cafo_group_0867,3,41.16981,-91.78694,Active,IA
58042,iowa_cafo_group_0227,4,41.09025,-91.63091,Active,IA
58043,iowa_cafo_group_0868,1,41.60483,-92.05345,Active,IA
58044,iowa_cafo_group_0869,4,41.69583,-90.89769,Active,IA
58048,iowa_cafo_group_0870,2,41.10517,-92.32288,Active,IA
58050,iowa_cafo_group_0227,4,41.25745,-91.6018,Active,IA
58052,iowa_cafo_group_0871,1,43.0017,-93.48054,Active,IA
58053,iowa_cafo_group_0872,1,43.05,-94.53,Active,IA
58054,iowa_cafo_group_0873,4,42.51296,-92.69332,Active,IA
58055,iowa_cafo_group_0874,2,42.50972,-92.73204,Active,IA
58056,iowa_cafo_group_0872,1,43.04973,-94.55954,Active,IA
58057,iowa_cafo_group_0449,4,43.2527,-94.83619,Active,IA
58058,iowa_cafo_group_0875,4,42.4332,-91.46927,Active,IA
58059,iowa_cafo_group_0876,0,43.00992,-94.08013,Active,IA
58060,iowa_cafo_group_0877,3,41.71814,-94.27073,Active,IA
58061,iowa_cafo_group_0006,0,43.17,-96.03822,Active,IA
58062,iowa_cafo_group_0878,1,42.99602,-95.83496,Active,IA
58063,iowa_cafo_group_0006,0,43.33872,-96.41601,Active,IA
58064,iowa_cafo_group_0879,3,41.79279,-95.08573,Active,IA
58066,iowa_cafo_group_0015,4,42.28127,-94.90849,Active,IA
58067,iowa_cafo_group_0446,3,42.73471,-95.20102,Active,IA
58068,iowa_cafo_group_0446,3,42.73497,-95.23869,Active,IA
58069,iowa_cafo_group_0446,3,42.71806,-95.21886,Active,IA
58070,iowa_cafo_group_0880,2,42.31854,-94.96539,Active,IA
58071,iowa_cafo_group_0881,4,41.74891,-95.04587,Active,IA
58073,iowa_cafo_group_0006,0,43.12846,-95.98954,Active,IA
58074,iowa_cafo_group_0738,3,42.58016,-93.35358,Active,IA
58075,iowa_cafo_group_0882,1,42.37969,-93.24053,Active,XX
58076,iowa_cafo_group_0883,1,42.36822,-94.96283,Active,IA
58077,iowa_cafo_group_0884,2,42.36941,-94.83311,Active,IA
58078,iowa_cafo_group_0885,4,42.82605,-92.65231,Active,IA
58079,iowa_cafo_group_0886,3,42.38381,-93.58959,Active,IA
58080,iowa_cafo_group_0887,3,42.87064,-93.71485,Active,IA
58081,iowa_cafo_group_0023,4,42.23899,-94.86742,Active,IA
58082,iowa_cafo_group_0886,3,42.39035,-93.6001,Active,IA
58083,iowa_cafo_group_0888,2,41.75591,-93.93097,Active,IA
58084,iowa_cafo_group_0889,3,42.81917,-93.49956,Active,IA
58085,iowa_cafo_group_0491,2,43.35649,-94.18456,Active,IA
58087,iowa_cafo_group_0890,4,43.49796,-95.3278,Active,IA
58088,iowa_cafo_group_0006,0,43.34498,-95.81835,Active,IA
58090,iowa_cafo_group_0891,2,43.18058,-95.22886,Active,IA
58091,iowa_cafo_group_0892,3,42.69867,-95.89803,Active,IA
58092,iowa_cafo_group_0893,1,43.35689,-94.32339,Active,IA
58093,iowa_cafo_group_0894,4,42.92224,-92.56041,Active,IA
58094,iowa_cafo_group_0895,3,40.60198,-92.41044,Active,IA
58095,iowa_cafo_group_0545,4,42.25195,-93.32993,Active,IA
58096,iowa_cafo_group_0738,3,42.55812,-93.34191,Active,IA
58098,iowa_cafo_group_0896,2,42.88882,-92.62416,Active,IA
58099,iowa_cafo_group_0545,4,42.38991,-93.34777,Active,IA
58100,iowa_cafo_group_0897,2,42.21532,-93.10789,Active,IA
58102,iowa_cafo_group_0738,3,42.53815,-93.32894,Active,IA
58103,iowa_cafo_group_0782,2,42.6913,-95.11753,Active,IA
58104,iowa_cafo_group_0735,2,42.9658,-92.74089,Active,IA
58105,iowa_cafo_group_0898,4,42.26735,-95.23563,Active,IA
58106,iowa_cafo_group_0872,1,43.04939,-94.49242,Active,IA
58107,iowa_cafo_group_0899,2,42.90753,-93.36098,Active,IA
58108,iowa_cafo_group_0900,3,42.63315,-91.5093,Active,IA
58110,iowa_cafo_group_0901,0,42.95118,-91.9326,Active,IA
58111,iowa_cafo_group_0902,2,43.25669,-92.109,Active,IA
58112,iowa_cafo_group_0903,0,43.00698,-92.06674,Active,IA
58114,iowa_cafo_group_0904,2,43.04521,-95.07232,Active,IA
58115,iowa_cafo_group_0753,4,43.08216,-93.82692,Active,IA
58116,iowa_cafo_group_0379,1,42.25471,-95.48016,Active,IA
58117,iowa_cafo_group_0905,4,42.37481,-93.14541,Active,IA
58118,iowa_cafo_group_0906,1,41.00057,-91.41992,Active,IA
58120,iowa_cafo_group_0907,3,43.30172,-91.53631,Active,IA
58121,iowa_cafo_group_0908,4,42.49683,-93.11141,Active,IA
58122,iowa_cafo_group_0909,3,40.61921,-92.3783,Active,IA
58124,iowa_cafo_group_0910,4,40.61073,-92.18812,Active,IA
58125,iowa_cafo_group_0741,3,42.80235,-93.13225,Active,IA
58126,iowa_cafo_group_0911,2,42.86421,-94.05627,Active,IA
58127,iowa_cafo_group_0912,2,42.35777,-93.5997,Active,IA
58128,iowa_cafo_group_0913,4,42.90769,-92.44941,Active,IA
58129,iowa_cafo_group_0882,1,42.36859,-93.24111,Active,IA
58131,iowa_cafo_group_0914,1,42.27775,-93.67796,Active,IA
58132,iowa_cafo_group_0915,4,41.90307,-93.71517,Active,IA
58133,iowa_cafo_group_0897,2,42.20944,-93.0994,Active,IA
58134,iowa_cafo_group_0916,0,43.34463,-94.78334,Active,IA
58135,iowa_cafo_group_0917,3,42.92507,-95.60584,Active,IA
58136,iowa_cafo_group_0483,4,43.01115,-95.69402,Active,IA
58137,iowa_cafo_group_0006,0,43.01203,-95.90426,Active,IA
58138,iowa_cafo_group_0561,1,43.11298,-95.52643,Active,IA
58140,iowa_cafo_group_0701,4,43.25462,-96.54736,Active,IA
58141,iowa_cafo_group_0918,1,42.86931,-95.62388,Active,IA
58142,iowa_cafo_group_0919,3,43.21878,-91.63541,Active,IA
58143,iowa_cafo_group_0920,2,43.49936,-91.85384,Active,IA
58144,iowa_cafo_group_0414,4,42.94542,-95.18707,Active,IA
58146,iowa_cafo_group_0921,3,42.49515,-95.23044,Active,IA
58148,iowa_cafo_group_0922,3,42.89743,-92.86817,Active,IA
58149,iowa_cafo_group_0923,2,42.76823,-92.8868,Active,IA
58150,iowa_cafo_group_0742,3,42.65106,-93.1191,Active,IA
58151,iowa_cafo_group_0740,3,42.77072,-93.42522,Active,IA
58152,iowa_cafo_group_0924,1,42.52274,-93.18396,Active,IA
58153,iowa_cafo_group_0925,2,42.64549,-92.2569,Active,IA
58154,iowa_cafo_group_0545,4,42.44189,-93.41529,Active,IA
58155,iowa_cafo_group_0926,0,41.27244,-95.07248,Active,IA
58157,iowa_cafo_group_0927,4,42.72471,-94.34345,Active,IA
58158,iowa_cafo_group_0168,1,42.17866,-95.47495,Active,IA
58159,iowa_cafo_group_0928,2,41.50729,-90.91812,Active,IA
58160,iowa_cafo_group_0929,4,41.83523,-94.49711,Active,IA
58161,iowa_cafo_group_0127,2,41.43021,-91.79618,Active,IA
58162,iowa_cafo_group_0755,4,42.49263,-93.49907,Active,IA
58163,iowa_cafo_group_0087,3,42.93724,-94.61873,Active,IA
58164,iowa_cafo_group_0872,1,43.06658,-94.53938,Active,IA
58165,iowa_cafo_group_0872,1,43.03762,-94.45366,Active,IA
58166,iowa_cafo_group_0930,0,42.57631,-92.81913,Active,IA
58167,iowa_cafo_group_0931,1,42.67887,-96.22419,Active,IA
58168,iowa_cafo_group_0006,0,43.17237,-96.05242,Active,IA
58169,iowa_cafo_group_0932,4,42.73073,-93.49799,Active,IA
58170,iowa_cafo_group_0250,3,43.35512,-94.75096,Active,IA
58171,iowa_cafo_group_0933,3,41.47477,-91.865,Active,IA
58172,iowa_cafo_group_0934,0,41.85903,-91.19482,Active,IA
58173,iowa_cafo_group_0935,3,42.56321,-94.75719,Active,IA
58174,iowa_cafo_group_0782,2,42.58074,-95.01443,Active,IA
58175,iowa_cafo_group_0155,3,42.46415,-94.95583,Active,IA
58177,iowa_cafo_group_0936,2,42.90763,-93.41286,Active,IA
58178,iowa_cafo_group_0937,2,42.66381,-95.15431,Active,IA
58179,iowa_cafo_group_0938,4,43.45265,-94.32613,Active,IA
58180,iowa_cafo_group_0739,1,42.5579,-93.18925,Active,IA
58181,iowa_cafo_group_0900,3,42.65505,-91.43625,Active,IA
58182,iowa_cafo_group_0939,4,41.79805,-94.18243,Active,IA
58183,iowa_cafo_group_0940,1,41.6682,-94.88566,Active,IA
58184,iowa_cafo_group_0293,4,42.72883,-95.76212,Active,IA
58185,iowa_cafo_group_0227,4,41.33754,-91.71839,Active,IA
58186,iowa_cafo_group_0941,1,42.66477,-92.75065,Active,IA
58187,iowa_cafo_group_0942,2,42.7794,-93.93112,Active,IA
58188,iowa_cafo_group_0003,1,42.58496,-92.99309,Active,IA
58189,iowa_cafo_group_0337,4,41.64746,-95.20562,Active,IA
58190,iowa_cafo_group_0943,1,43.38587,-91.37464,Active,IA
58191,iowa_cafo_group_0900,3,42.63305,-91.48957,Active,IA
58192,iowa_cafo_group_0006,0,42.84583,-96.29029,Active,IA
58193,iowa_cafo_group_0454,2,42.72294,-92.75267,Active,IA
58194,iowa_cafo_group_0944,2,42.34015,-94.79728,Active,IA
58195,iowa_cafo_group_0945,4,42.30926,-93.81188,Active,IA
58196,iowa_cafo_group_0946,2,42.92238,-92.70326,Active,IA
58197,iowa_cafo_group_0947,4,43.11671,-91.61183,Active,IA
58198,iowa_cafo_group_0948,1,43.12821,-91.58998,Active,IA
58199,iowa_cafo_group_0443,3,43.34622,-95.67679,Active,IA
58200,iowa_cafo_group_0140,2,42.82105,-96.45012,Active,IA
58201,iowa_cafo_group_0949,1,42.89068,-93.79888,Active,IA
58202,iowa_cafo_group_0006,0,43.3658,-96.11682,Active,IA
58203,iowa_cafo_group_0149,3,42.07959,-95.55744,Active,IA
58204,iowa_cafo_group_0950,2,42.13666,-93.52711,Active,IA
58205,iowa_cafo_group_0951,4,41.81918,-95.10336,Active,IA
58206,iowa_cafo_group_0952,3,41.31125,-95.1653,Active,IA
58207,iowa_cafo_group_0953,3,41.20942,-94.0555,Active,IA
58208,iowa_cafo_group_0954,0,43.09807,-95.47186,Active,IA
58209,iowa_cafo_group_0914,1,42.26064,-93.71916,Active,IA
58210,iowa_cafo_group_0955,3,42.35462,-94.16319,Active,IA
58211,iowa_cafo_group_0956,2,42.54369,-93.69651,Active,IA
58212,iowa_cafo_group_0957,2,42.89413,-95.06386,Active,IA
58213,iowa_cafo_group_0069,3,43.29696,-94.65841,Active,IA
58214,iowa_cafo_group_0764,2,43.15494,-94.11961,Active,IA
58215,iowa_cafo_group_0958,2,41.36215,-95.20623,Active,IA
58216,iowa_cafo_group_0908,4,42.50548,-93.06714,Active,IA
58217,iowa_cafo_group_0959,1,42.23784,-93.11639,Active,IA
58218,iowa_cafo_group_0960,3,42.3253,-95.11064,Active,IA
58220,iowa_cafo_group_0754,1,42.23755,-93.4544,Active,IA
58221,iowa_cafo_group_0961,2,42.84976,-94.74658,Active,IA
58222,iowa_cafo_group_0962,3,41.76332,-90.38325,Active,IA
58223,iowa_cafo_group_0364,3,41.6878,-92.83826,Active,IA
58224,iowa_cafo_group_0738,3,42.60216,-93.35507,Active,IA
58226,iowa_cafo_group_0938,4,43.45995,-94.28503,Active,IA
58227,iowa_cafo_group_0963,3,42.67836,-92.78195,Active,IA
58228,iowa_cafo_group_0964,3,42.80474,-93.89301,Active,IA
58229,iowa_cafo_group_0965,4,42.22341,-95.06159,Active,IA
58230,iowa_cafo_group_0726,3,42.60801,-92.73048,Active,IA
58231,iowa_cafo_group_0006,0,43.33208,-96.06284,Active,IA
58232,iowa_cafo_group_0966,3,42.00694,-94.03451,Active,IA
58233,iowa_cafo_group_0967,1,41.63643,-90.75256,Active,IA
58236,iowa_cafo_group_0968,0,42.39566,-95.16821,Active,IA
58237,iowa_cafo_group_0739,1,42.55913,-93.25165,Active,IA
58239,iowa_cafo_group_0253,3,42.2548,-95.19319,Active,IA
58240,iowa_cafo_group_0602,3,41.75375,-94.52308,Active,IA
58241,iowa_cafo_group_0951,4,41.82947,-95.11147,Active,IA
58242,iowa_cafo_group_0969,2,42.20943,-94.17225,Active,IA
58243,iowa_cafo_group_0970,4,41.23544,-94.22191,Active,IA
58244,iowa_cafo_group_0971,3,41.23006,-94.17632,Active,IA
58245,iowa_cafo_group_0972,4,42.97889,-92.85064,Active,IA
58247,iowa_cafo_group_0973,3,43.31164,-92.62656,Active,IA
58248,iowa_cafo_group_0277,2,41.53387,-95.0216,Active,IA
58249,iowa_cafo_group_0034,4,42.01168,-94.74717,Active,IA
58251,iowa_cafo_group_0974,2,42.15118,-94.61578,Active,IA
58252,iowa_cafo_group_0454,2,42.72806,-92.74265,Active,IA
58253,iowa_cafo_group_0731,0,42.62615,-92.65158,Active,IA
58254,iowa_cafo_group_0975,4,43.03874,-92.24101,Active,IA
58255,iowa_cafo_group_0200,2,43.38553,-95.50691,Active,IA
58256,iowa_cafo_group_0976,4,41.92084,-94.69836,Active,IA
58257,iowa_cafo_group_0545,4,42.22937,-93.2384,Active,IA
58258,iowa_cafo_group_0977,1,41.94449,-94.7444,Active,IA
58259,iowa_cafo_group_0545,4,42.25929,-93.34201,Active,IA
58260,iowa_cafo_group_0021,1,41.97,-94.76,Active,IA
58261,iowa_cafo_group_0978,2,42.09347,-93.74781,Active,IA
58262,iowa_cafo_group_0006,0,43.17188,-95.91528,Active,IA
58263,iowa_cafo_group_0080,2,42.02334,-94.99132,Active,IA
58264,iowa_cafo_group_0979,3,41.82668,-94.53167,Active,IA
58265,iowa_cafo_group_0980,2,41.90751,-94.64285,Active,IA
58266,iowa_cafo_group_0981,4,42.89087,-93.32374,Active,IA
58267,iowa_cafo_group_0982,4,41.90919,-92.83061,Active,IA
58268,iowa_cafo_group_0983,4,42.07006,-94.39871,Active,IA
58269,iowa_cafo_group_0984,3,41.82285,-94.59118,Active,IA
58270,iowa_cafo_group_0015,4,42.20361,-94.93719,Active,IA
58271,iowa_cafo_group_0985,3,41.98515,-95.14553,Active,IA
58272,iowa_cafo_group_0545,4,42.37087,-93.4429,Active,IA
58274,iowa_cafo_group_0986,2,41.26834,-91.27135,Active,IA
58275,iowa_cafo_group_0675,3,42.89642,-95.66511,Active,IA
58276,iowa_cafo_group_0987,4,42.84997,-94.70939,Active,IA
58277,iowa_cafo_group_0988,3,42.86891,-92.65209,Active,IA
58278,iowa_cafo_group_0989,1,43.22252,-95.46588,Active,IA
58280,iowa_cafo_group_0990,1,40.67126,-95.49136,Active,IA
58281,iowa_cafo_group_0006,0,43.21123,-96.15835,Active,IA
58282,iowa_cafo_group_0991,4,41.03169,-91.43432,Active,IA
58283,iowa_cafo_group_0992,2,42.20863,-93.27929,Active,IA
58285,iowa_cafo_group_0993,2,40.68325,-94.16214,Active,IA
58289,iowa_cafo_group_0112,1,42.82638,-94.95871,Active,IA
58290,iowa_cafo_group_0737,3,42.6124,-93.30018,Active,IA
58291,iowa_cafo_group_0994,1,42.84903,-93.44964,Active,IA
58292,iowa_cafo_group_0545,4,42.28224,-93.34885,Active,IA
58293,iowa_cafo_group_0995,2,41.26105,-94.71571,Active,IA
58295,iowa_cafo_group_0996,2,41.18526,-93.05722,Active,IA
58296,iowa_cafo_group_0854,4,42.07087,-93.11573,Active,IA
58297,iowa_cafo_group_0020,2,42.03499,-93.13284,Active,IA
58299,iowa_cafo_group_0997,4,42.00961,-95.12854,Active,IA
58301,iowa_cafo_group_0998,2,42.71088,-95.52741,Active,IA
58302,iowa_cafo_group_0999,2,42.7252,-92.67185,Active,IA
58303,iowa_cafo_group_1000,4,42.61697,-93.27262,Active,IA
58304,iowa_cafo_group_0006,0,43.44817,-95.6773,Active,IA
58305,iowa_cafo_group_0908,4,42.48489,-93.06288,Active,IA
58306,iowa_cafo_group_1001,4,42.6121,-90.94348,Active,IA
58308,iowa_cafo_group_0191,1,43.43913,-96.09704,Active,IA
58309,iowa_cafo_group_1002,4,42.13785,-96.2271,Active,IA
58311,iowa_cafo_group_0006,0,43.18013,-96.42979,Active,IA
58312,iowa_cafo_group_1003,2,42.43176,-94.61072,Active,IA
58313,iowa_cafo_group_1004,4,41.01547,-94.55965,Active,IA
58314,iowa_cafo_group_1005,1,42.33485,-93.16824,Active,IA
58315,iowa_cafo_group_1006,3,41.9932,-95.69238,Active,IA
58316,iowa_cafo_group_0545,4,42.48284,-93.40133,Active,IA
58317,iowa_cafo_group_1007,0,40.65964,-92.57015,Active,IA
58318,iowa_cafo_group_1008,3,42.01106,-96.12631,Active,IA
58319,iowa_cafo_group_1009,3,42.92082,-91.27408,Active,IA
58320,iowa_cafo_group_0789,3,41.20158,-91.39302,Active,IA
58321,iowa_cafo_group_0545,4,42.44236,-93.36717,Active,IA
58322,iowa_cafo_group_1010,4,42.59285,-93.57694,Active,IA
58323,iowa_cafo_group_0749,4,42.43822,-93.49959,Active,IA
58324,iowa_cafo_group_0545,4,42.41872,-93.35487,Active,IA
58325,iowa_cafo_group_1011,4,42.42324,-93.2309,Active,IA
58326,iowa_cafo_group_0545,4,42.36667,-93.33315,Active,IA
58327,iowa_cafo_group_1012,4,42.7277,-92.98671,Active,IA
58331,iowa_cafo_group_1013,4,42.23229,-93.64071,Active,IA
58332,iowa_cafo_group_1014,4,43.36734,-92.94424,Active,IA
58333,iowa_cafo_group_1015,2,40.60802,-91.99617,Active,IA
58334,iowa_cafo_group_0959,1,42.2384,-93.09776,Active,IA
58335,iowa_cafo_group_0545,4,42.4511,-93.40577,Active,IA
58336,iowa_cafo_group_1016,1,42.40399,-93.233,Active,IA
58337,iowa_cafo_group_0994,1,42.84938,-93.43736,Active,IA
58339,iowa_cafo_group_0545,4,42.24141,-93.36514,Active,IA
58340,iowa_cafo_group_0946,2,42.92,-92.69,Active,IA
58341,iowa_cafo_group_0454,2,42.72188,-92.73092,Active,IA
58343,iowa_cafo_group_1017,4,42.66052,-94.60852,Active,IA
58345,iowa_cafo_group_0545,4,42.38873,-93.32276,Active,IA
58347,iowa_cafo_group_0963,3,42.68547,-92.76995,Active,IA
58353,iowa_cafo_group_1018,1,42.80743,-95.44126,Active,IA
58354,iowa_cafo_group_1019,2,41.55,-93.07,Active,IA
58355,iowa_cafo_group_1020,1,42.30167,-93.23098,Active,IA
58356,iowa_cafo_group_0023,4,42.22975,-94.84147,Active,IA
58357,iowa_cafo_group_1021,4,43.37055,-92.99764,Active,IA
58358,iowa_cafo_group_0056,1,42.35571,-95.11851,Active,IA
58359,iowa_cafo_group_0545,4,42.24579,-93.27169,Active,IA
58360,iowa_cafo_group_0545,4,42.24813,-93.25991,Active,IA
58361,iowa_cafo_group_1022,0,42.34109,-94.9947,Active,IA
58362,iowa_cafo_group_1023,2,42.76979,-94.69744,Active,IA
58363,iowa_cafo_group_1024,1,42.75123,-94.73865,Active,IA
58364,iowa_cafo_group_0006,0,43.05033,-96.03465,Active,IA
58365,iowa_cafo_group_1025,4,43.05111,-91.66646,Active,IA
58367,iowa_cafo_group_1026,2,42.80905,-91.55973,Active,IA
58368,iowa_cafo_group_0981,4,42.85501,-93.37851,Active,IA
58369,iowa_cafo_group_1027,1,42.55732,-95.17616,Active,IA
58370,iowa_cafo_group_1028,2,41.08389,-91.43374,Active,IA
58371,iowa_cafo_group_0011,3,42.77073,-96.09837,Active,IA
58373,iowa_cafo_group_1029,1,42.22006,-95.97657,Active,IA
58374,iowa_cafo_group_1030,0,42.51824,-92.16214,Active,IA
58375,iowa_cafo_group_0494,2,43.14765,-95.66498,Active,IA
58376,iowa_cafo_group_1031,2,41.04521,-94.53246,Active,IA
58377,iowa_cafo_group_0209,1,42.44492,-94.92184,Active,IA
58378,iowa_cafo_group_0006,0,43.17233,-96.06987,Active,IA
58380,iowa_cafo_group_1032,3,40.96879,-91.02042,Active,IA
58381,iowa_cafo_group_1033,2,43.13361,-94.34346,Active,IA
58382,iowa_cafo_group_1034,2,41.7214,-94.79883,Active,IA
58383,iowa_cafo_group_1035,2,42.30285,-94.47624,Active,IA
58384,iowa_cafo_group_0993,2,40.6926,-94.1808,Active,IA
58385,iowa_cafo_group_1036,1,42.69215,-95.46061,Active,IA
58386,iowa_cafo_group_1037,2,42.81599,-94.89638,Active,IA
58387,iowa_cafo_group_1038,4,42.82552,-94.65777,Active,IA
58388,iowa_cafo_group_1031,2,41.05888,-94.52273,Active,IA
58390,iowa_cafo_group_1039,3,43.14171,-95.55375,Active,IA
58391,iowa_cafo_group_0379,1,42.26851,-95.49341,Active,IA
58392,iowa_cafo_group_1040,1,42.2253,-94.67454,Active,IA
58393,iowa_cafo_group_0887,3,42.87746,-93.72458,Active,IA
58394,iowa_cafo_group_0155,3,42.48811,-94.96779,Active,IA
58395,iowa_cafo_group_0749,4,42.44045,-93.50971,Active,IA
58396,iowa_cafo_group_0782,2,42.55975,-94.88954,Active,IA
58397,iowa_cafo_group_0487,4,43.14043,-94.75874,Active,IA
58398,iowa_cafo_group_1041,3,43.40055,-94.58485,Active,IA
58399,iowa_cafo_group_1042,2,43.11825,-94.01087,Active,IA
58401,iowa_cafo_group_0545,4,42.25044,-93.2432,Active,IA
58402,iowa_cafo_group_0545,4,42.33901,-93.35727,Active,IA
58403,iowa_cafo_group_1043,4,40.79179,-94.11063,Active,IA
58404,iowa_cafo_group_1043,4,40.79628,-94.11289,Active,IA
58405,iowa_cafo_group_1044,3,40.94521,-94.9316,Active,IA
58406,iowa_cafo_group_1045,1,42.26685,-93.07321,Active,IA
58407,iowa_cafo_group_0981,4,42.87607,-93.30594,Active,IA
58408,iowa_cafo_group_0742,3,42.67545,-93.02719,Active,IA
58409,iowa_cafo_group_0224,2,43.0521,-94.75838,Active,IA
58410,iowa_cafo_group_0006,0,43.1058,-96.1372,Active,IA
58414,iowa_cafo_group_1037,2,42.81122,-94.91294,Active,IA
58415,iowa_cafo_group_1046,2,42.62543,-95.13028,Active,IA
58416,iowa_cafo_group_1047,1,43.36829,-94.14987,Active,IA
58417,iowa_cafo_group_1048,1,42.96198,-95.0939,Active,IA
58418,iowa_cafo_group_0653,4,42.42841,-91.60311,Active,IA
58420,iowa_cafo_group_0061,1,42.92178,-96.01627,Active,IA
58423,iowa_cafo_group_0069,3,43.29095,-94.6639,Active,IA
58424,iowa_cafo_group_1049,0,43.3884,-95.3149,Active,IA
58426,iowa_cafo_group_0003,1,42.60889,-92.98388,Active,IA
58427,iowa_cafo_group_1050,3,43.49028,-95.57358,Active,IA
58428,iowa_cafo_group_0414,4,42.94025,-95.25831,Active,IA
58429,iowa_cafo_group_0782,2,42.6876,-95.01272,Active,IA
58430,iowa_cafo_group_0529,1,43.27041,-95.33723,Active,IA
58432,iowa_cafo_group_1051,1,41.87653,-95.75074,Active,IA
58433,iowa_cafo_group_0006,0,42.96951,-96.09121,Active,IA
58434,iowa_cafo_group_0101,3,42.80125,-95.93897,Active,IA
58435,iowa_cafo_group_0168,1,42.12483,-95.49866,Active,IA
58436,iowa_cafo_group_0006,0,43.39709,-96.01927,Active,IA
58437,iowa_cafo_group_1052,4,40.86407,-93.17215,Active,IA
58438,iowa_cafo_group_1053,2,42.03737,-95.25906,Active,IA
58439,iowa_cafo_group_0782,2,42.66919,-94.99332,Active,IA
58441,iowa_cafo_group_1054,2,42.98353,-93.39799,Active,IA
58442,iowa_cafo_group_0011,3,42.6571,-96.07197,Active,IA
58443,iowa_cafo_group_1055,3,43.05318,-94.88525,Active,IA
58444,iowa_cafo_group_1056,4,43.00921,-94.88977,Active,IA
58446,iowa_cafo_group_1056,4,42.99152,-94.8584,Active,IA
58447,iowa_cafo_group_0011,3,42.74488,-96.09785,Active,IA
58448,iowa_cafo_group_1009,3,42.92576,-91.22943,Active,IA
58450,iowa_cafo_group_1009,3,42.87175,-91.26114,Active,IA
58451,iowa_cafo_group_0006,0,43.02729,-96.13898,Active,IA
58452,iowa_cafo_group_0011,3,42.83751,-96.11998,Active,IA
58453,iowa_cafo_group_1056,4,43.0088,-94.86674,Active,IA
58454,iowa_cafo_group_0603,1,42.32993,-93.79509,Active,IA
58455,iowa_cafo_group_0603,1,42.30286,-93.75608,Active,IA
58456,iowa_cafo_group_0603,1,42.35916,-93.81413,Active,IA
58457,iowa_cafo_group_1057,4,42.27682,-93.81489,Active,IA
58458,iowa_cafo_group_1009,3,42.88884,-91.24798,Active,IA
58459,iowa_cafo_group_0011,3,42.69854,-96.08317,Active,IA
58461,iowa_cafo_group_1058,2,41.59397,-95.28984,Active,IA
58462,iowa_cafo_group_0011,3,42.71702,-96.05669,Active,IA
58463,iowa_cafo_group_0006,0,43.12092,-96.27546,Active,IA
58465,iowa_cafo_group_1059,4,43.41668,-94.46397,Active,IA
58466,iowa_cafo_group_1060,2,42.71913,-94.53158,Active,IA
58467,iowa_cafo_group_1061,3,42.89218,-94.55139,Active,IA
58468,iowa_cafo_group_0957,2,42.85185,-95.00803,Active,IA
58469,iowa_cafo_group_0443,3,43.25853,-95.7841,Active,IA
58471,iowa_cafo_group_0414,4,42.96875,-95.27859,Active,IA
58472,iowa_cafo_group_1062,4,41.14307,-94.0244,Active,IA
58473,iowa_cafo_group_0443,3,43.20556,-95.74325,Active,IA
58474,iowa_cafo_group_0922,3,42.90642,-92.87003,Active,IA
58475,iowa_cafo_group_0006,0,42.96075,-96.3117,Active,IA
58476,iowa_cafo_group_0011,3,42.83081,-96.03647,Active,IA
58477,iowa_cafo_group_0782,2,42.5354,-95.00362,Active,IA
58478,iowa_cafo_group_0006,0,43.02687,-96.35022,Active,IA
58479,iowa_cafo_group_1063,4,42.68462,-96.48788,Active,IA
58480,iowa_cafo_group_0006,0,43.1141,-96.24797,Active,IA
58481,iowa_cafo_group_0061,1,42.95076,-95.97819,Active,IA
58482,iowa_cafo_group_0545,4,42.41314,-93.42629,Active,IA
58484,iowa_cafo_group_0068,2,42.3853,-95.20052,Active,IA
58486,iowa_cafo_group_1064,3,42.61219,-95.50659,Active,IA
58487,iowa_cafo_group_0011,3,42.7486,-96.01524,Active,IA
58490,iowa_cafo_group_0006,0,43.35345,-96.44372,Active,IA
58491,iowa_cafo_group_0782,2,42.70177,-95.06056,Active,IA
58492,iowa_cafo_group_0006,0,43.25903,-96.40416,Active,IA
58493,iowa_cafo_group_0069,3,43.22037,-94.50381,Active,IA
58494,iowa_cafo_group_0069,3,43.27981,-94.63212,Active,IA
58496,iowa_cafo_group_1065,3,43.31226,-94.32572,Active,IA
58497,iowa_cafo_group_1066,0,43.32812,-91.93043,Active,IA
58500,iowa_cafo_group_0006,0,43.32216,-95.9001,Active,IA
58501,iowa_cafo_group_0959,1,42.24658,-93.08842,Active,IA
58503,iowa_cafo_group_1056,4,42.99624,-94.86842,Active,IA
58505,iowa_cafo_group_0006,0,43.11581,-96.29532,Active,IA
58506,iowa_cafo_group_1067,4,41.66707,-94.29067,Active,IA
58508,iowa_cafo_group_1068,2,42.27185,-93.77408,Active,IA
58510,iowa_cafo_group_1069,1,41.439,-91.23653,Active,IA
58513,iowa_cafo_group_1070,3,43.4112,-94.37241,Active,IA
58514,iowa_cafo_group_1071,4,43.32765,-93.65763,Active,IA
58515,iowa_cafo_group_1071,4,43.31759,-93.65778,Active,IA
58516,iowa_cafo_group_1072,1,42.04145,-93.99785,Active,IA
58517,iowa_cafo_group_1073,1,42.6353,-92.09919,Active,IA
58518,iowa_cafo_group_1074,2,43.47052,-92.57439,Active,IA
58519,iowa_cafo_group_1074,2,43.46569,-92.57443,Active,IA
58520,iowa_cafo_group_1075,1,43.41382,-92.3272,Active,IA
58521,iowa_cafo_group_1075,1,43.41288,-92.35725,Active,IA
58522,iowa_cafo_group_1076,1,42.30589,-91.50167,Active,IA
58523,iowa_cafo_group_1077,2,42.87804,-96.03679,Active,IA
58524,iowa_cafo_group_0006,0,42.93918,-96.2753,Active,IA
58525,iowa_cafo_group_0944,2,42.32535,-94.77392,Active,IA
58526,iowa_cafo_group_1078,3,42.23905,-94.43769,Active,IA
58527,iowa_cafo_group_0011,3,42.77152,-96.00225,Active,IA
58528,iowa_cafo_group_1079,0,41.73647,-90.80223,Active,IA
58529,iowa_cafo_group_1080,4,42.54156,-95.19175,Active,IA
58530,iowa_cafo_group_0957,2,42.82026,-95.07376,Active,IA
58531,iowa_cafo_group_0782,2,42.73466,-95.00965,Active,IA
58532,iowa_cafo_group_0782,2,42.57577,-94.95281,Active,IA
58533,iowa_cafo_group_0782,2,42.55977,-94.95011,Active,IA
58535,iowa_cafo_group_1081,3,42.804,-93.09048,Active,IA
58536,iowa_cafo_group_1082,1,41.80999,-94.86148,Active,IA
58537,iowa_cafo_group_1083,2,42.68627,-92.01226,Active,IA
58538,iowa_cafo_group_1084,2,41.62532,-92.86426,Active,IA
58539,iowa_cafo_group_0355,1,42.50964,-95.1484,Active,IA
58542,iowa_cafo_group_0061,1,42.89588,-95.96921,Active,IA
58543,iowa_cafo_group_1085,2,42.81903,-96.34937,Active,IA
58545,iowa_cafo_group_0061,1,42.91626,-96.05465,Active,IA
58546,iowa_cafo_group_1086,4,43.052,-95.62534,Active,IA
58547,iowa_cafo_group_0006,0,42.96906,-96.16101,Active,IA
58548,iowa_cafo_group_1087,4,42.95705,-91.71096,Active,IA
58549,iowa_cafo_group_1088,4,42.95138,-92.0547,Active,IA
58551,iowa_cafo_group_0006,0,43.42801,-96.27251,Active,IA
58552,iowa_cafo_group_0006,0,43.21833,-96.11444,Active,IA
58553,iowa_cafo_group_0006,0,43.17746,-96.13547,Active,IA
58554,iowa_cafo_group_0140,2,42.79629,-96.42607,Active,IA
58555,iowa_cafo_group_0782,2,42.55508,-94.89578,Active,IA
58556,iowa_cafo_group_0537,4,43.29968,-92.71885,Active,IA
58557,iowa_cafo_group_1089,1,42.24814,-94.46744,Active,IA
58558,iowa_cafo_group_0006,0,43.22193,-96.08088,Active,IA
58561,iowa_cafo_group_1090,3,42.75831,-92.00008,Active,IA
58562,iowa_cafo_group_1091,3,41.4519,-91.94442,Active,IA
58565,iowa_cafo_group_0754,1,42.2622,-93.44509,Active,IA
58567,iowa_cafo_group_1075,1,43.432,-92.33498,Active,IA
58568,iowa_cafo_group_0036,3,42.47554,-95.04869,Active,IA
58570,iowa_cafo_group_1092,2,42.42812,-95.1498,Active,IA
58571,iowa_cafo_group_1093,0,43.01093,-95.08383,Active,IA
58572,iowa_cafo_group_1094,3,41.71289,-91.40924,Active,IA
58573,iowa_cafo_group_1095,2,42.64388,-95.97678,Active,IA
58574,iowa_cafo_group_0678,1,43.009,-93.69631,Active,IA
58575,iowa_cafo_group_0127,2,41.41606,-91.89033,Active,IA
58576,iowa_cafo_group_0127,2,41.39383,-91.86136,Active,IA
58577,iowa_cafo_group_0737,3,42.70108,-93.27226,Active,IA
58579,iowa_cafo_group_0908,4,42.47065,-93.05284,Active,IA
58580,iowa_cafo_group_0006,0,43.15872,-96.26093,Active,IA
58581,iowa_cafo_group_1096,4,42.56409,-94.72023,Active,IA
58582,iowa_cafo_group_0782,2,42.53169,-95.01465,Active,IA
58583,iowa_cafo_group_0782,2,42.51893,-94.99832,Active,IA
58584,iowa_cafo_group_1097,2,42.96211,-94.26438,Active,IA
58585,iowa_cafo_group_1098,3,41.58921,-91.85674,Active,IA
58586,iowa_cafo_group_1099,3,42.48995,-91.66839,Active,IA
58587,iowa_cafo_group_1100,2,42.76072,-96.26435,Active,IA
58588,iowa_cafo_group_1101,0,42.81909,-94.23559,Active,IA
58589,iowa_cafo_group_1102,3,41.63014,-90.72522,Active,IA
58591,iowa_cafo_group_0061,1,42.9521,-95.87786,Active,IA
58592,iowa_cafo_group_0981,4,42.84843,-93.36071,Active,IA
58593,iowa_cafo_group_1103,1,42.87217,-92.00162,Active,IA
58594,iowa_cafo_group_0190,2,43.47523,-95.52532,Active,IA
58595,iowa_cafo_group_0558,2,41.38971,-95.47951,Active,IA
58596,iowa_cafo_group_1104,4,41.52515,-92.32755,Active,IA
58597,iowa_cafo_group_1105,0,43.10013,-92.12239,Active,IA
58598,iowa_cafo_group_0006,0,43.18477,-96.3914,Active,IA
58600,iowa_cafo_group_0850,4,41.4012,-92.57555,Active,IA
58602,iowa_cafo_group_0872,1,43.06762,-94.44512,Active,IA
58603,iowa_cafo_group_0749,4,42.38985,-93.49719,Active,IA
58604,iowa_cafo_group_0749,4,42.38768,-93.5196,Active,IA
58606,iowa_cafo_group_0299,3,41.61747,-95.4545,Active,IA
58608,iowa_cafo_group_1106,3,43.18937,-94.57123,Active,IA
58609,iowa_cafo_group_1107,2,41.57248,-93.17991,Active,IA
58610,iowa_cafo_group_1108,2,40.78492,-91.65111,Active,IA
58611,iowa_cafo_group_0908,4,42.48599,-93.0847,Active,IA
58613,iowa_cafo_group_1109,1,42.49242,-92.86781,Active,IA
58614,iowa_cafo_group_1110,2,42.62779,-93.06678,Active,IA
58615,iowa_cafo_group_0082,4,42.81864,-93.34149,Active,IA
58616,iowa_cafo_group_0739,1,42.55806,-93.08188,Active,IA
58617,iowa_cafo_group_0082,4,42.80205,-93.41779,Active,IA
58618,iowa_cafo_group_1111,3,41.29406,-91.81522,Active,IA
58619,iowa_cafo_group_1112,0,41.74719,-93.2489,Active,IA
58620,iowa_cafo_group_1113,2,43.06899,-93.59451,Active,IA
58621,iowa_cafo_group_1114,1,43.02115,-95.38719,Active,IA
58623,iowa_cafo_group_0006,0,43.41898,-95.91546,Active,IA
58624,iowa_cafo_group_0006,0,43.0112,-96.25837,Active,IA
58625,iowa_cafo_group_1115,4,43.33628,-92.21179,Active,IA
58626,iowa_cafo_group_0112,1,42.77664,-95.03447,Active,IA
58627,iowa_cafo_group_0112,1,42.80772,-94.96711,Active,IA
58629,iowa_cafo_group_1009,3,42.90587,-91.25826,Active,IA
58630,iowa_cafo_group_1116,4,42.81692,-91.19031,Active,IA
58631,iowa_cafo_group_1117,3,42.8649,-91.29221,Active,IA
58632,iowa_cafo_group_1118,2,43.16272,-91.92222,Active,IA
58633,iowa_cafo_group_1111,3,41.29382,-91.80723,Active,IA
58634,iowa_cafo_group_1119,4,42.55289,-92.07606,Active,IA
58637,iowa_cafo_group_1120,0,40.80872,-94.49097,Active,IA
58639,iowa_cafo_group_1121,4,43.31337,-93.60783,Active,IA
58640,iowa_cafo_group_1122,4,42.09924,-91.43022,Active,IA
58641,iowa_cafo_group_0227,4,41.1555,-91.59492,Active,IA
58642,iowa_cafo_group_1123,4,41.13929,-91.01089,Active,IA
58643,iowa_cafo_group_0545,4,42.39834,-93.29197,Active,IA
58644,iowa_cafo_group_0127,2,41.32156,-91.89013,Active,IA
58645,iowa_cafo_group_0147,1,41.40654,-92.83878,Active,IA
58646,iowa_cafo_group_1124,1,42.96369,-95.14134,Active,IA
58647,iowa_cafo_group_1125,2,42.9083,-95.52638,Active,IA
58650,iowa_cafo_group_1126,2,40.62094,-94.52736,Active,IA
58651,iowa_cafo_group_0009,1,40.75504,-94.69428,Active,IA
58652,iowa_cafo_group_1127,4,40.75162,-94.77207,Active,IA
58653,iowa_cafo_group_1128,1,40.9031,-94.23919,Active,IA
58654,iowa_cafo_group_1129,2,41.12164,-94.53991,Active,IA
58656,iowa_cafo_group_1130,0,41.09109,-94.14649,Active,IA
58657,iowa_cafo_group_1131,1,40.81237,-94.74322,Active,IA
58658,iowa_cafo_group_1132,1,41.06954,-94.18469,Active,IA
58659,iowa_cafo_group_1133,3,41.08779,-94.32578,Active,IA
58660,iowa_cafo_group_1134,2,41.24043,-92.55248,Active,IA
58661,iowa_cafo_group_1135,3,43.31223,-92.27735,Active,IA
58662,iowa_cafo_group_0922,3,42.89168,-92.84526,Active,IA
58663,iowa_cafo_group_1136,3,42.56549,-91.82843,Active,IA
58664,iowa_cafo_group_1137,2,40.89651,-95.03302,Active,IA
58666,iowa_cafo_group_1138,2,42.93426,-95.15038,Active,IA
58667,iowa_cafo_group_1139,3,41.68561,-94.01911,Active,IA
58668,iowa_cafo_group_0938,4,43.45965,-94.29773,Active,IA
58669,iowa_cafo_group_1140,4,43.41519,-93.76467,Active,IA
58670,iowa_cafo_group_1141,2,41.3448,-92.61151,Active,IA
58671,iowa_cafo_group_0282,2,42.01363,-94.1868,Active,IA
58672,iowa_cafo_group_0038,1,43.43657,-94.3453,Active,IA
58673,iowa_cafo_group_1142,4,42.73112,-93.05451,Active,IA
58674,iowa_cafo_group_1143,3,42.71555,-93.35603,Active,IA
58675,iowa_cafo_group_1087,4,42.94132,-91.70647,Active,IA
58676,iowa_cafo_group_1144,4,43.19933,-92.09001,Active,IA
58677,iowa_cafo_group_1145,4,41.89368,-95.26939,Active,IA
58678,iowa_cafo_group_0006,0,43.06869,-96.28742,Active,IA
58679,iowa_cafo_group_1146,3,41.24996,-94.20308,Active,IA
58680,iowa_cafo_group_1147,1,41.81466,-91.11537,Active,IA
58681,iowa_cafo_group_1000,4,42.62061,-93.27256,Active,IA
58682,iowa_cafo_group_1148,1,42.26461,-91.70008,Active,IA
58683,iowa_cafo_group_1149,4,42.76979,-92.42566,Active,IA
58684,iowa_cafo_group_0227,4,41.3476,-91.69449,Active,IA
58685,iowa_cafo_group_0084,4,42.5907,-91.79693,Active,IA
58686,iowa_cafo_group_1150,1,41.5935,-91.45872,Active,IA
58687,iowa_cafo_group_1151,1,41.71924,-93.81915,Active,IA
58688,iowa_cafo_group_0740,3,42.77489,-93.42999,Active,IA
58689,iowa_cafo_group_1152,0,42.36436,-92.41589,Active,IA
58690,iowa_cafo_group_1153,4,42.44288,-91.96941,Active,IA
58691,iowa_cafo_group_0200,2,43.3441,-95.39562,Active,IA
58692,iowa_cafo_group_1154,4,43.45444,-93.05809,Active,IA
58693,iowa_cafo_group_0082,4,42.80651,-93.26045,Active,IA
58694,iowa_cafo_group_1155,1,42.94633,-91.80739,Active,IA
58696,iowa_cafo_group_0006,0,43.03716,-96.1578,Active,IA
58698,iowa_cafo_group_1156,3,43.35952,-94.80861,Active,IA
58699,iowa_cafo_group_1157,2,43.36924,-92.17084,Active,IA
58700,iowa_cafo_group_0127,2,41.41005,-91.8282,Active,IA
58701,iowa_cafo_group_0414,4,42.92842,-95.23114,Active,IA
58702,iowa_cafo_group_0755,4,42.5315,-93.40318,Active,IA
58705,iowa_cafo_group_1158,3,42.55452,-94.55777,Active,IA
58706,iowa_cafo_group_0310,4,43.03881,-91.64723,Active,IA
58707,iowa_cafo_group_0535,3,41.64701,-90.4244,Active,IA
58708,iowa_cafo_group_0850,4,41.37966,-92.4768,Active,IA
58709,iowa_cafo_group_0006,0,42.99796,-96.13786,Active,IA
58710,iowa_cafo_group_0265,1,42.75634,-93.16421,Active,IA
58711,iowa_cafo_group_1159,4,41.91605,-91.09818,Active,IA
58712,iowa_cafo_group_1159,4,41.92414,-91.11112,Active,IA
58713,iowa_cafo_group_0127,2,41.39663,-91.76803,Active,IA
58714,iowa_cafo_group_1160,3,42.5,-93.81,Active,IA
58715,iowa_cafo_group_1161,3,42.88491,-94.89476,Active,IA
58716,iowa_cafo_group_0075,1,41.94434,-93.83186,Active,IA
58717,iowa_cafo_group_0738,3,42.59121,-93.34729,Active,IA
58718,iowa_cafo_group_1162,1,41.50051,-93.02703,Active,IA
58719,iowa_cafo_group_0006,0,43.07276,-96.2548,Active,IA
58720,iowa_cafo_group_1163,1,41.8195,-95.80007,Active,IA
58721,iowa_cafo_group_0742,3,42.66556,-93.08349,Active,IA
58722,iowa_cafo_group_0754,1,42.24091,-93.58244,Active,IA
58723,iowa_cafo_group_1164,1,40.98257,-91.45957,Active,IA
58724,iowa_cafo_group_1165,2,43.18379,-93.57248,Active,IA
58725,iowa_cafo_group_1166,1,42.74837,-92.20633,Active,IA
58726,iowa_cafo_group_1167,1,42.93635,-92.16498,Active,IA
58727,iowa_cafo_group_0127,2,41.35392,-91.83154,Active,IA
58728,iowa_cafo_group_0443,3,43.32915,-95.578,Active,IA
58729,iowa_cafo_group_1168,2,41.82059,-94.28153,Active,IA
58730,iowa_cafo_group_1169,1,42.83989,-92.94738,Active,IA
58731,iowa_cafo_group_0006,0,42.9461,-96.19626,Active,IA
58732,iowa_cafo_group_1170,3,42.49927,-93.30189,Active,IA
58733,iowa_cafo_group_1171,1,42.39725,-93.70146,Active,IA
58734,iowa_cafo_group_1172,3,43.24131,-95.88341,Active,IA
58736,iowa_cafo_group_0986,2,41.26576,-91.3079,Active,IA
58737,iowa_cafo_group_1173,4,41.3503,-93.47507,Active,IA
58738,iowa_cafo_group_1174,2,42.6688,-90.91939,Active,IA
58740,iowa_cafo_group_1175,1,42.86402,-94.44349,Active,IA
58742,iowa_cafo_group_0512,3,41.96799,-94.89985,Active,IA
58744,iowa_cafo_group_1176,4,40.9459,-91.78059,Active,IA
58746,iowa_cafo_group_0754,1,42.25785,-93.40609,Active,IA
58747,iowa_cafo_group_1177,3,42.91972,-94.33246,Active,IA
58749,iowa_cafo_group_0882,1,42.36369,-93.23284,Active,IA
58750,iowa_cafo_group_1178,2,42.39174,-92.60963,Active,IA
58751,iowa_cafo_group_0227,4,41.29663,-91.64737,Active,IA
58752,iowa_cafo_group_0227,4,41.24468,-91.63065,Active,IA
58755,iowa_cafo_group_0443,3,43.24429,-95.66028,Active,IA
58756,iowa_cafo_group_0650,3,42.97441,-95.39884,Active,IA
58759,iowa_cafo_group_1179,1,42.63447,-95.02957,Active,IA
58760,iowa_cafo_group_1180,2,43.39252,-95.6419,Active,IA
58761,iowa_cafo_group_0127,2,41.39463,-91.78774,Active,IA
58762,iowa_cafo_group_0809,4,43.07648,-94.62067,Active,IA
58763,iowa_cafo_group_1181,4,41.27562,-91.51492,Active,IA
58764,iowa_cafo_group_1182,2,43.15156,-91.85549,Active,IA
58765,iowa_cafo_group_1183,0,41.70401,-95.5145,Active,IA
58767,iowa_cafo_group_1184,0,42.30273,-92.7075,Active,IA
58768,iowa_cafo_group_0127,2,41.43577,-91.74782,Active,IA
58769,iowa_cafo_group_1185,4,42.10865,-93.45588,Active,IA
58770,iowa_cafo_group_1186,0,42.47307,-94.48416,Active,IA
58771,iowa_cafo_group_1187,1,42.37485,-93.90755,Active,IA
58772,iowa_cafo_group_1188,1,41.2568,-91.95176,Active,IA
58774,iowa_cafo_group_1039,3,43.18682,-95.50503,Active,IA
58775,iowa_cafo_group_0006,0,43.33068,-96.40834,Active,IA
58777,iowa_cafo_group_1189,3,42.28078,-93.49005,Active,IA
58778,iowa_cafo_group_0227,4,41.21579,-91.57175,Active,IA
58779,iowa_cafo_group_0006,0,43.33202,-96.38022,Active,IA
58780,iowa_cafo_group_0227,4,41.10337,-91.5915,Active,IA
58781,iowa_cafo_group_1013,4,42.21774,-93.61899,Active,IA
58782,iowa_cafo_group_0483,4,42.93504,-95.77749,Active,IA
58783,iowa_cafo_group_1171,1,42.44571,-93.72064,Active,IA
58784,iowa_cafo_group_0006,0,42.99091,-96.07878,Active,IA
58785,iowa_cafo_group_0966,3,42.01,-94.05,Active,IA
58786,iowa_cafo_group_0653,4,42.41626,-91.67077,Active,IA
58788,iowa_cafo_group_0006,0,43.24525,-96.39443,Active,IA
58789,iowa_cafo_group_1111,3,41.29386,-91.8498,Active,IA
58790,iowa_cafo_group_0419,4,42.93488,-92.45669,Active,IA
58792,iowa_cafo_group_1190,4,41.36059,-92.46571,Active,IA
58793,iowa_cafo_group_1191,2,40.92704,-93.09666,Active,IA
58794,iowa_cafo_group_0886,3,42.4401,-93.59836,Active,IA
58795,iowa_cafo_group_1091,3,41.44386,-91.94697,Active,IA
58797,iowa_cafo_group_1192,2,42.52498,-93.5793,Active,IA
58798,iowa_cafo_group_0789,3,41.20053,-91.36918,Active,IA
58799,iowa_cafo_group_0006,0,43.10572,-95.97595,Active,IA
58800,iowa_cafo_group_0755,4,42.50945,-93.39008,Active,IA
58802,iowa_cafo_group_0006,0,43.04701,-95.88073,Active,IA
58803,iowa_cafo_group_0006,0,43.05521,-95.91243,Active,IA
58804,iowa_cafo_group_1193,1,41.62431,-92.01364,Active,IA
58805,iowa_cafo_group_1194,2,42.74369,-92.11842,Active,IA
58806,iowa_cafo_group_1195,0,43.35877,-93.49062,Active,IA
58807,iowa_cafo_group_1196,1,41.17665,-92.5007,Active,IA
58808,iowa_cafo_group_0653,4,42.38435,-91.60667,Active,IA
58809,iowa_cafo_group_1197,4,42.86569,-92.31944,Active,IA
58810,iowa_cafo_group_0300,3,41.50884,-92.86322,Active,IA
58812,iowa_cafo_group_1198,3,42.36806,-93.73714,Active,IA
58813,iowa_cafo_group_1198,3,42.35808,-93.7532,Active,IA
58814,iowa_cafo_group_1199,0,42.62058,-95.40031,Active,IA
58815,iowa_cafo_group_1200,1,42.12478,-95.15813,Active,IA
58817,iowa_cafo_group_1169,1,42.84276,-92.94443,Active,IA
58818,iowa_cafo_group_1201,1,42.81825,-92.93205,Active,IA
58819,iowa_cafo_group_0957,2,42.85027,-95.03396,Active,IA
58821,iowa_cafo_group_0774,3,42.35142,-93.88583,Active,IA
58822,iowa_cafo_group_0738,3,42.55851,-93.28728,Active,IA
58823,iowa_cafo_group_1202,3,41.74094,-94.06981,Active,IA
58825,iowa_cafo_group_0561,1,43.08033,-95.56391,Active,IA
58828,iowa_cafo_group_1203,4,42.77888,-92.26018,Active,IA
58829,iowa_cafo_group_0908,4,42.49454,-93.04865,Active,IA
58830,iowa_cafo_group_1204,4,42.51653,-92.99207,Active,IA
58831,iowa_cafo_group_1205,0,42.81736,-92.81711,Active,IA
58833,iowa_cafo_group_0099,2,42.91665,-94.69952,Active,IA
58834,iowa_cafo_group_1206,3,43.4637,-92.93363,Active,IA
58835,iowa_cafo_group_1207,4,41.53512,-91.54304,Active,IA
58836,iowa_cafo_group_0061,1,42.95402,-95.90958,Active,IA
58838,iowa_cafo_group_0946,2,42.91188,-92.67112,Active,IA
58839,iowa_cafo_group_1208,4,43.43798,-93.91102,Active,IA
58840,iowa_cafo_group_0878,1,43.02049,-95.84407,Active,IA
58841,iowa_cafo_group_0443,3,43.22669,-95.76125,Active,IA
58845,iowa_cafo_group_1209,4,42.53739,-93.23421,Active,IA
58846,iowa_cafo_group_1042,2,43.12638,-93.99885,Active,IA
58847,iowa_cafo_group_1210,4,42.68922,-92.34937,Active,IA
58848,iowa_cafo_group_0925,2,42.68325,-92.25975,Active,IA
58849,iowa_cafo_group_1211,2,41.42272,-92.30259,Active,IA
58850,iowa_cafo_group_1212,0,41.50582,-92.24826,Active,IA
58851,iowa_cafo_group_1213,4,41.68406,-92.21104,Active,IA
58852,iowa_cafo_group_0959,1,42.23644,-93.1632,Active,IA
58853,iowa_cafo_group_1141,2,41.34764,-92.63974,Active,IA
58854,iowa_cafo_group_1214,2,42.29632,-92.56546,Active,IA
58858,iowa_cafo_group_0265,1,42.75218,-93.16699,Active,IA
58859,iowa_cafo_group_1215,0,42.7532,-94.3484,Active,IA
58863,iowa_cafo_group_0758,1,42.71741,-94.29069,Active,IA
58864,iowa_cafo_group_1039,3,43.15003,-95.56586,Active,IA
58865,iowa_cafo_group_1216,0,42.52512,-91.12203,Active,IA
58866,iowa_cafo_group_1217,2,42.16779,-93.45788,Active,IA
58869,iowa_cafo_group_1218,3,41.79185,-94.9746,Active,IA
58870,iowa_cafo_group_1219,3,41.16172,-91.35464,Active,IA
58871,iowa_cafo_group_1220,3,41.18993,-91.45427,Active,IA
58872,iowa_cafo_group_0006,0,43.05747,-95.8022,Active,IA
58873,iowa_cafo_group_1221,3,42.74114,-92.07639,Active,IA
58874,iowa_cafo_group_0580,1,40.97532,-91.11071,Active,IA
58875,iowa_cafo_group_1143,3,42.74425,-93.35898,Active,IA
58877,iowa_cafo_group_1222,3,42.63325,-94.62887,Active,IA
58878,iowa_cafo_group_0966,3,42.00849,-94.04942,Active,IA
58879,iowa_cafo_group_1223,1,42.32,-93.44,Active,IA
58881,iowa_cafo_group_1224,1,43.23425,-93.73258,Active,IA
58882,iowa_cafo_group_0011,3,42.68438,-96.17744,Active,IA
58883,iowa_cafo_group_1225,1,42.57198,-91.191,Active,IA
58884,iowa_cafo_group_0006,0,43.02559,-96.37817,Active,IA
58885,iowa_cafo_group_1111,3,41.29383,-91.80197,Active,IA
58886,iowa_cafo_group_0719,2,43.25322,-92.59181,Active,IA
58887,iowa_cafo_group_1226,4,41.56024,-91.89078,Active,IA
58889,iowa_cafo_group_1227,2,42.68632,-91.65894,Active,IA
58890,iowa_cafo_group_0252,3,42.44684,-92.526,Active,IA
58891,iowa_cafo_group_0573,2,43.11304,-92.57445,Active,IA
58892,iowa_cafo_group_0006,0,43.4916,-96.3148,Active,IA
58893,iowa_cafo_group_0006,0,43.4914,-96.28474,Active,IA
58894,iowa_cafo_group_1106,3,43.25989,-94.64049,Active,IA
58896,iowa_cafo_group_0443,3,43.29505,-95.68459,Active,IA
58898,iowa_cafo_group_0006,0,43.40442,-96.36077,Active,IA
58900,iowa_cafo_group_0227,4,41.10567,-91.63598,Active,IA
58901,iowa_cafo_group_1228,4,42.29688,-94.72768,Active,IA
58902,iowa_cafo_group_0006,0,43.2658,-96.29431,Active,IA
58903,iowa_cafo_group_0036,3,42.48601,-95.06763,Active,IA
58904,iowa_cafo_group_1106,3,43.19877,-94.56952,Active,IA
58905,iowa_cafo_group_1229,2,40.77817,-92.49818,Active,IA
58906,iowa_cafo_group_1230,4,43.46751,-94.81039,Active,IA
58907,iowa_cafo_group_0127,2,41.36028,-91.80005,Active,IA
58908,iowa_cafo_group_1100,2,42.75235,-96.26097,Active,IA
58910,iowa_cafo_group_1231,2,42.52867,-92.58785,Active,IA
58911,iowa_cafo_group_0023,4,42.19397,-94.88266,Active,IA
58912,iowa_cafo_group_0222,1,43.08455,-95.09105,Active,IA
58913,iowa_cafo_group_1232,2,42.34489,-92.60683,Active,IA
58914,iowa_cafo_group_1233,2,41.02631,-91.14992,Active,IA
58915,iowa_cafo_group_1234,3,42.52708,-95.23271,Active,IA
58916,iowa_cafo_group_0545,4,42.42317,-93.47105,Active,IA
58919,iowa_cafo_group_0310,4,43.04381,-91.56444,Active,IA
58921,iowa_cafo_group_1235,0,42.60282,-91.13312,Active,IA
58922,iowa_cafo_group_0060,4,43.25938,-92.78325,Active,IA
58923,iowa_cafo_group_1236,1,42.13072,-94.37912,Active,IA
58924,iowa_cafo_group_1237,4,43.07484,-94.93235,Active,IA
58925,iowa_cafo_group_1238,2,42.69967,-92.12187,Active,IA
58926,iowa_cafo_group_1239,2,41.58682,-95.70643,Active,IA
58927,iowa_cafo_group_0011,3,42.64979,-96.13216,Active,IA
58928,iowa_cafo_group_0006,0,43.07101,-96.2927,Active,IA
58930,iowa_cafo_group_1240,3,42.77591,-93.84886,Active,IA
58933,iowa_cafo_group_0959,1,42.23475,-93.08732,Active,IA
58934,iowa_cafo_group_1241,1,40.84065,-93.19396,Active,IA
58935,iowa_cafo_group_0690,4,43.16892,-93.83848,Active,IA
58936,iowa_cafo_group_1242,0,43.11091,-93.35954,Active,IA
58937,iowa_cafo_group_1243,1,42.12229,-94.32811,Active,IA
58938,iowa_cafo_group_1244,1,41.27889,-92.72559,Active,IA
58939,iowa_cafo_group_1245,2,40.71577,-94.32504,Active,IA
58940,iowa_cafo_group_0955,3,42.35436,-94.15846,Active,IA
58941,iowa_cafo_group_0886,3,42.45565,-93.60741,Active,IA
58942,iowa_cafo_group_0069,3,43.20786,-94.51385,Active,IA
58943,iowa_cafo_group_0069,3,43.25468,-94.53029,Active,IA
58944,iowa_cafo_group_1036,1,42.67144,-95.44813,Active,IA
58945,iowa_cafo_group_1246,1,42.81609,-92.33994,Active,IA
58946,iowa_cafo_group_1247,3,42.41534,-93.84938,Active,IA
58947,iowa_cafo_group_1025,4,43.06223,-91.66556,Active,IA
58948,iowa_cafo_group_1248,3,43.14211,-92.51929,Active,IA
58949,iowa_cafo_group_1059,4,43.42966,-94.47308,Active,IA
58950,iowa_cafo_group_1249,2,42.34571,-91.40405,Active,IA
58952,iowa_cafo_group_0809,4,43.09858,-94.58969,Active,IA
58956,iowa_cafo_group_1250,1,41.3187,-92.02333,Active,IA
58957,iowa_cafo_group_1250,1,41.28895,-92.01148,Active,IA
58958,iowa_cafo_group_1250,1,41.27172,-92.01082,Active,IA
58959,iowa_cafo_group_0611,1,42.42156,-92.1239,Active,IA
58961,iowa_cafo_group_1251,2,42.25373,-93.86694,Active,IA
58962,iowa_cafo_group_1251,2,42.28154,-93.87075,Active,IA
58964,iowa_cafo_group_1252,1,42.38837,-91.48254,Active,IA
58965,iowa_cafo_group_1253,2,41.3581,-92.68451,Active,IA
58966,iowa_cafo_group_0227,4,41.28665,-91.64293,Active,IA
58967,iowa_cafo_group_1198,3,42.36025,-93.7205,Active,IA
58970,iowa_cafo_group_1036,1,42.70767,-95.46189,Active,IA
58971,iowa_cafo_group_1254,4,42.32397,-93.25974,Active,IA
58972,iowa_cafo_group_1181,4,41.27517,-91.49961,Active,IA
58973,iowa_cafo_group_0006,0,43.07916,-95.8415,Active,IA
58974,iowa_cafo_group_0074,1,42.63015,-91.23693,Active,IA
58975,iowa_cafo_group_0087,3,42.96614,-94.63827,Active,IA
58976,iowa_cafo_group_1255,4,41.34,-92.56,Active,IA
58977,iowa_cafo_group_1256,3,42.66669,-93.19032,Active,IA
58978,iowa_cafo_group_1257,2,42.41382,-92.62431,Active,IA
58979,iowa_cafo_group_0908,4,42.49595,-93.13078,Active,IA
58980,iowa_cafo_group_1258,2,43.06702,-93.72764,Active,IA
58981,iowa_cafo_group_0739,1,42.55438,-93.12434,Active,IA
58982,iowa_cafo_group_1259,1,42.23956,-92.58935,Active,IA
58983,iowa_cafo_group_1260,1,43.27099,-92.45388,Active,IA
58984,iowa_cafo_group_1261,4,43.28674,-92.50271,Active,IA
58985,iowa_cafo_group_0484,4,41.8953,-95.13359,Active,IA
58986,iowa_cafo_group_1262,2,42.77479,-95.60371,Active,IA
58988,iowa_cafo_group_0471,4,42.24213,-94.49181,Active,IA
58989,iowa_cafo_group_0687,3,43.04017,-91.925,Active,IA
58990,iowa_cafo_group_1263,2,43.49943,-92.8127,Active,IA
58991,iowa_cafo_group_0227,4,41.11361,-91.58181,Active,IA
58992,iowa_cafo_group_0310,4,43.04017,-91.59631,Active,IA
58993,iowa_cafo_group_0069,3,43.35459,-94.56101,Active,IA
58994,iowa_cafo_group_1264,3,41.35836,-91.34104,Active,IA
58995,iowa_cafo_group_0006,0,43.30677,-96.46893,Active,IA
58996,iowa_cafo_group_0405,2,43.09853,-95.73794,Active,IA
58998,iowa_cafo_group_1265,2,42.22515,-93.87768,Active,IA
59000,iowa_cafo_group_0200,2,43.40595,-95.44524,Active,IA
59001,iowa_cafo_group_0644,1,42.31762,-94.93685,Active,IA
59002,iowa_cafo_group_0011,3,42.76408,-96.02456,Active,IA
59003,iowa_cafo_group_0443,3,43.24,-95.73,Active,IA
59004,iowa_cafo_group_0090,3,41.25959,-91.70874,Active,IA
59006,iowa_cafo_group_0006,0,43.29925,-96.27782,Active,IA
59007,iowa_cafo_group_1266,2,41.19255,-92.11264,Active,IA
59009,iowa_cafo_group_1267,3,42.15187,-93.27474,Active,IA
59010,iowa_cafo_group_1268,3,41.42168,-92.43669,Active,IA
59011,iowa_cafo_group_1268,3,41.40687,-92.44924,Active,IA
59012,iowa_cafo_group_1269,2,41.39821,-92.47268,Active,IA
59013,iowa_cafo_group_1270,2,41.61602,-90.64018,Active,IA
59014,iowa_cafo_group_0850,4,41.35397,-92.53725,Active,IA
59016,iowa_cafo_group_0178,3,43.47506,-94.48318,Active,IA
59017,iowa_cafo_group_0449,4,43.25627,-94.78611,Active,IA
59018,iowa_cafo_group_1271,1,43.11094,-93.74283,Active,IA
59019,iowa_cafo_group_1249,2,42.33719,-91.40327,Active,IA
59020,iowa_cafo_group_1272,1,42.90678,-92.99174,Active,IA
59021,iowa_cafo_group_0741,3,42.84383,-93.1249,Active,IA
59022,iowa_cafo_group_1273,2,42.41163,-93.00124,Active,IA
59023,iowa_cafo_group_1274,1,42.78525,-93.33757,Active,IA
59024,iowa_cafo_group_1275,2,42.9625,-91.54907,Active,IA
59025,iowa_cafo_group_0850,4,41.39515,-92.52735,Active,IA
59027,iowa_cafo_group_1276,1,42.78915,-93.19195,Active,IA
59028,iowa_cafo_group_1277,4,42.73946,-92.93805,Active,IA
59029,iowa_cafo_group_1278,0,41.38456,-92.66998,Active,IA
59030,iowa_cafo_group_1279,4,43.45731,-92.08118,Active,IA
59031,iowa_cafo_group_1280,4,43.42748,-92.19767,Active,IA
59032,iowa_cafo_group_0006,0,43.1431,-96.35676,Active,IA
59033,iowa_cafo_group_0140,2,42.85984,-96.47036,Active,IA
59034,iowa_cafo_group_1281,2,42.16224,-93.08748,Active,IA
59035,iowa_cafo_group_1282,0,41.85804,-91.24687,Active,IA
59037,iowa_cafo_group_1283,3,41.55901,-91.75516,Active,IA
59039,iowa_cafo_group_0006,0,43.23738,-96.07984,Active,IA
59041,iowa_cafo_group_1284,4,42.6028,-95.28739,Active,IA
59044,iowa_cafo_group_0487,4,43.1406,-94.82368,Active,IA
59045,iowa_cafo_group_1285,1,42.31893,-92.82765,Active,IA
59046,iowa_cafo_group_1286,4,41.868,-91.94605,Active,IA
59047,iowa_cafo_group_0127,2,41.33631,-91.9455,Active,IA
59048,iowa_cafo_group_1165,2,43.18498,-93.56271,Active,IA
59049,iowa_cafo_group_0127,2,41.38732,-91.92632,Active,IA
59050,iowa_cafo_group_0778,4,42.70322,-93.89562,Active,IA
59052,iowa_cafo_group_1287,4,42.60493,-95.45852,Active,IA
59053,iowa_cafo_group_1046,2,42.59156,-95.11641,Active,IA
59054,iowa_cafo_group_0016,2,42.37785,-94.80417,Active,IA
59055,iowa_cafo_group_1288,3,42.70446,-95.3781,Active,IA
59056,iowa_cafo_group_0813,0,42.61036,-95.94798,Active,IA
59057,iowa_cafo_group_1289,1,42.61455,-96.00817,Active,IA
59058,iowa_cafo_group_1290,4,42.63356,-96.01365,Active,IA
59059,iowa_cafo_group_0719,2,43.30066,-92.58395,Active,IA
59060,iowa_cafo_group_1291,1,42.67908,-95.92457,Active,IA
59061,iowa_cafo_group_0006,0,43.25678,-96.20078,Active,IA
59062,iowa_cafo_group_0068,2,42.34924,-95.22444,Active,IA
59063,iowa_cafo_group_0925,2,42.67087,-92.24769,Active,IA
59064,iowa_cafo_group_0173,3,42.12982,-95.22749,Active,IA
59065,iowa_cafo_group_0006,0,43.12713,-96.08894,Active,IA
59066,iowa_cafo_group_1292,3,42.96599,-93.35216,Active,IA
59067,iowa_cafo_group_0136,2,42.27988,-91.06551,Active,IA
59068,iowa_cafo_group_1293,4,41.04347,-92.076,Active,IA
59069,iowa_cafo_group_0902,2,43.24108,-92.09833,Active,IA
59070,iowa_cafo_group_1294,3,43.23712,-92.14159,Active,IA
59071,iowa_cafo_group_1294,3,43.24684,-92.142,Active,IA
59072,iowa_cafo_group_1117,3,42.88388,-91.2988,Active,IA
59073,iowa_cafo_group_0694,4,42.09426,-92.86857,Active,IA
59074,iowa_cafo_group_0850,4,41.40761,-92.56893,Active,IA
59076,iowa_cafo_group_1291,1,42.70798,-95.9489,Active,IA
59077,iowa_cafo_group_1295,4,43.26092,-94.18018,Active,IA
59078,iowa_cafo_group_0006,0,43.14271,-96.05222,Active,IA
59079,iowa_cafo_group_1296,1,42.88879,-91.40904,Active,IA
59080,iowa_cafo_group_0006,0,43.37891,-96.06367,Active,IA
59081,iowa_cafo_group_0006,0,43.32707,-95.86175,Active,IA
59082,iowa_cafo_group_0754,1,42.2591,-93.59032,Active,IA
59083,iowa_cafo_group_0754,1,42.25205,-93.5741,Active,IA
59084,iowa_cafo_group_0754,1,42.26359,-93.57943,Active,IA
59085,iowa_cafo_group_0061,1,42.74755,-95.88091,Active,IA
59086,iowa_cafo_group_0603,1,42.30263,-93.71884,Active,IA
59087,iowa_cafo_group_0603,1,42.2954,-93.6893,Active,IA
59088,iowa_cafo_group_0603,1,42.29678,-93.70769,Active,IA
59089,iowa_cafo_group_0754,1,42.27,-93.61,Active,IA
59090,iowa_cafo_group_0754,1,42.26642,-93.58606,Active,IA
59091,iowa_cafo_group_1297,2,41.02517,-91.51129,Active,IA
59092,iowa_cafo_group_0754,1,42.32763,-93.54256,Active,IA
59094,iowa_cafo_group_1298,3,42.149,-94.10321,Active,IA
59095,iowa_cafo_group_0754,1,42.26837,-93.60265,Active,IA
59096,iowa_cafo_group_0754,1,42.26666,-93.59202,Active,IA
59097,iowa_cafo_group_0754,1,42.26061,-93.61645,Active,IA
59098,iowa_cafo_group_0754,1,42.26678,-93.62111,Active,IA
59099,iowa_cafo_group_1299,4,42.35543,-91.64878,Active,IA
59100,iowa_cafo_group_0754,1,42.28224,-93.56598,Active,IA
59102,iowa_cafo_group_1300,4,42.65202,-96.28861,Active,IA
59105,iowa_cafo_group_0771,4,42.41178,-93.90578,Active,IA
59106,iowa_cafo_group_0933,3,41.4774,-91.84099,Active,IA
59107,iowa_cafo_group_1301,1,41.50679,-91.69599,Active,IA
59109,iowa_cafo_group_0761,4,43.09672,-94.38116,Active,IA
59110,iowa_cafo_group_0332,4,42.35585,-93.65666,Active,IA
59111,iowa_cafo_group_1302,3,42.28384,-92.94202,Active,IA
59113,iowa_cafo_group_1303,4,42.87989,-95.88927,Active,IA
59116,iowa_cafo_group_0414,4,42.96631,-95.21975,Active,IA
59117,iowa_cafo_group_0545,4,42.28046,-93.25714,Active,IA
59118,iowa_cafo_group_1304,1,41.33252,-95.4406,Active,IA
59119,iowa_cafo_group_1305,4,41.71655,-95.35247,Active,IA
59121,iowa_cafo_group_1290,4,42.65564,-96.01922,Active,IA
59122,iowa_cafo_group_0644,1,42.30943,-94.9368,Active,IA
59123,iowa_cafo_group_0127,2,41.4442,-91.77625,Active,IA
59124,iowa_cafo_group_0227,4,41.31249,-91.64931,Active,IA
59125,iowa_cafo_group_1306,0,41.08776,-91.28967,Active,IA
59126,iowa_cafo_group_0270,4,42.98103,-92.43466,Active,IA
59127,iowa_cafo_group_1307,2,40.70554,-94.14563,Active,IA
59128,iowa_cafo_group_1043,4,40.76873,-94.09258,Active,IA
59129,iowa_cafo_group_1308,2,43.17109,-93.8084,Active,IA
59130,iowa_cafo_group_1225,1,42.58617,-91.21161,Active,IA
59131,iowa_cafo_group_1309,3,42.542,-91.15255,Active,IA
59132,iowa_cafo_group_0006,0,43.25998,-96.31638,Active,IA
59133,iowa_cafo_group_1310,4,43.48766,-94.23957,Active,IA
59136,iowa_cafo_group_1311,3,41.42166,-91.25567,Active,IA
59138,iowa_cafo_group_1312,1,42.32604,-92.89071,Active,IA
59139,iowa_cafo_group_1313,2,41.8359,-92.93646,Active,IA
59141,iowa_cafo_group_1314,3,41.23981,-91.46344,Active,IA
59142,iowa_cafo_group_0737,3,42.68566,-93.22792,Active,IA
59143,iowa_cafo_group_0155,3,42.53268,-94.85401,Active,IA
59145,iowa_cafo_group_1166,1,42.75323,-92.19494,Active,IA
59146,iowa_cafo_group_1315,0,42.9685,-91.73799,Active,IA
59147,iowa_cafo_group_1316,1,42.9638,-91.77133,Active,IA
59149,iowa_cafo_group_1317,1,43.22825,-95.22008,Active,IA
59150,iowa_cafo_group_0006,0,43.39039,-96.27634,Active,IA
59152,iowa_cafo_group_0872,1,43.02441,-94.47087,Active,IA
59153,iowa_cafo_group_1318,1,42.89356,-94.4956,Active,IA
59154,iowa_cafo_group_0227,4,41.11832,-91.66097,Active,IA
59158,iowa_cafo_group_0981,4,42.85759,-93.35881,Active,IA
59159,iowa_cafo_group_1319,2,43.19954,-91.5578,Active,IA
59161,iowa_cafo_group_0061,1,42.82511,-95.87991,Active,IA
59164,iowa_cafo_group_0217,3,41.46025,-91.16582,Active,IA
59165,iowa_cafo_group_0183,2,43.26476,-94.38504,Active,IA
59166,iowa_cafo_group_1320,4,42.10619,-94.17889,Active,IA
59167,iowa_cafo_group_1321,2,41.58997,-92.75167,Active,IA
59168,iowa_cafo_group_1322,2,40.85911,-91.36563,Active,IA
59169,iowa_cafo_group_1323,1,41.63211,-92.64535,Active,IA
59171,iowa_cafo_group_0006,0,42.90837,-96.30746,Active,IA
59173,iowa_cafo_group_0006,0,43.14277,-96.41424,Active,IA
59174,iowa_cafo_group_1324,4,43.26,-95.41,Active,IA
59175,iowa_cafo_group_1325,4,43.25572,-92.8344,Active,IA
59176,iowa_cafo_group_0006,0,43.44827,-96.21905,Active,IA
59178,iowa_cafo_group_0872,1,43.0585,-94.47745,Active,IA
59179,iowa_cafo_group_1326,2,42.57431,-92.44473,Active,IA
59180,iowa_cafo_group_1327,3,41.5096,-91.37796,Active,IA
59181,iowa_cafo_group_1328,2,42.95866,-94.9743,Active,IA
59182,iowa_cafo_group_0094,4,43.15559,-94.04665,Active,IA
59183,iowa_cafo_group_1329,3,42.36228,-94.43503,Active,IA
59185,iowa_cafo_group_0385,3,43.36275,-92.56655,Active,IA
59187,iowa_cafo_group_0127,2,41.39937,-91.79884,Active,IA
59188,iowa_cafo_group_0653,4,42.39796,-91.5777,Active,IA
59189,iowa_cafo_group_1330,2,42.47853,-92.69114,Active,IA
59191,iowa_cafo_group_0483,4,42.98999,-95.72421,Active,IA
59192,iowa_cafo_group_1331,2,42.5113,-91.66879,Active,IA
59194,iowa_cafo_group_1264,3,41.3573,-91.35945,Active,IA
59195,iowa_cafo_group_1332,4,42.30245,-94.12532,Active,IA
59197,iowa_cafo_group_1171,1,42.43928,-93.6841,Active,IA
59198,iowa_cafo_group_0099,2,42.91555,-94.79573,Active,IA
59200,iowa_cafo_group_0737,3,42.62131,-93.31945,Active,IA
59201,iowa_cafo_group_0754,1,42.28077,-93.43825,Active,IA
59202,iowa_cafo_group_0754,1,42.24247,-93.44509,Active,IA
59204,iowa_cafo_group_0719,2,43.25609,-92.5606,Active,IA
59210,iowa_cafo_group_0227,4,41.20282,-91.56133,Active,IA
59211,iowa_cafo_group_0006,0,42.99773,-96.20105,Active,IA
59212,iowa_cafo_group_1333,3,41.54033,-90.74988,Active,IA
59213,iowa_cafo_group_1334,1,43.02909,-93.02078,Active,IA
59217,iowa_cafo_group_1335,1,42.36206,-93.26495,Active,IA
59218,iowa_cafo_group_1335,1,42.35954,-93.27441,Active,IA
59220,iowa_cafo_group_1336,2,41.05297,-94.02272,Active,IA
59221,iowa_cafo_group_1337,1,42.89147,-94.15969,Active,IA
59222,iowa_cafo_group_1192,2,42.5092,-93.64479,Active,IA
59224,iowa_cafo_group_1338,1,41.31492,-92.78052,Active,IA
59227,iowa_cafo_group_0293,4,42.70002,-95.77959,Active,IA
59230,iowa_cafo_group_1206,3,43.46033,-92.92664,Active,IA
59231,iowa_cafo_group_1339,4,43.11822,-94.56941,Active,IA
59233,iowa_cafo_group_1074,2,43.49965,-92.60479,Active,IA
59234,iowa_cafo_group_1340,4,43.49364,-92.9049,Active,IA
59235,iowa_cafo_group_1074,2,43.48729,-92.63196,Active,IA
59236,iowa_cafo_group_0168,1,42.15917,-95.53609,Active,IA
59237,iowa_cafo_group_1341,4,42.63285,-95.07096,Active,IA
59246,iowa_cafo_group_1100,2,42.7795,-96.27885,Active,IA
59247,iowa_cafo_group_0545,4,42.42613,-93.41572,Active,IA
59248,iowa_cafo_group_0756,4,42.46656,-93.35912,Active,IA
59249,iowa_cafo_group_0782,2,42.59021,-94.92598,Active,IA
59250,iowa_cafo_group_0006,0,42.98015,-96.14255,Active,IA
59251,iowa_cafo_group_1074,2,43.49975,-92.62827,Active,IA
59253,iowa_cafo_group_0011,3,42.76618,-95.97933,Active,IA
59254,iowa_cafo_group_0510,3,43.38523,-92.70488,Active,IA
59256,iowa_cafo_group_1330,2,42.48894,-92.69356,Active,IA
59258,iowa_cafo_group_0006,0,43.02034,-96.29576,Active,IA
59259,iowa_cafo_group_0872,1,43.03215,-94.5421,Active,IA
59260,iowa_cafo_group_0087,3,42.97728,-94.5988,Active,IA
59261,iowa_cafo_group_0737,3,42.68801,-93.25033,Active,IA
59262,iowa_cafo_group_0737,3,42.68653,-93.27467,Active,IA
59263,iowa_cafo_group_0957,2,42.83693,-95.03429,Active,IA
59264,iowa_cafo_group_1342,2,42.55131,-94.79751,Active,IA
59265,iowa_cafo_group_1338,1,41.31494,-92.74457,Active,IA
59267,iowa_cafo_group_1343,4,41.86008,-90.31295,Active,IA
59269,iowa_cafo_group_1344,3,42.95437,-95.54205,Active,IA
59270,iowa_cafo_group_0006,0,43.46954,-95.91935,Active,IA
59271,iowa_cafo_group_1106,3,43.21302,-94.64045,Active,IA
59272,iowa_cafo_group_1345,4,43.40802,-94.08759,Active,IA
59273,iowa_cafo_group_0011,3,42.75586,-96.06231,Active,IA
59274,iowa_cafo_group_1077,2,42.86041,-96.03428,Active,IA
59275,iowa_cafo_group_0738,3,42.58747,-93.37572,Active,IA
59276,iowa_cafo_group_1346,2,42.64158,-93.33947,Active,IA
59278,iowa_cafo_group_1347,3,41.63585,-93.33029,Active,IA
59279,iowa_cafo_group_0782,2,42.51876,-94.96469,Active,IA
59280,iowa_cafo_group_1092,2,42.43009,-95.1392,Active,IA
59281,iowa_cafo_group_1294,3,43.22845,-92.15476,Active,IA
59283,iowa_cafo_group_1348,1,43.32679,-93.41256,Active,IA
59284,iowa_cafo_group_1349,3,43.22054,-93.52478,Active,IA
59286,iowa_cafo_group_0006,0,43.08327,-96.29952,Active,IA
59287,iowa_cafo_group_0006,0,43.20057,-96.07939,Active,IA
59288,iowa_cafo_group_0006,0,43.39016,-96.26618,Active,IA
59289,iowa_cafo_group_0006,0,43.30823,-96.01824,Active,IA
59290,iowa_cafo_group_0006,0,43.41838,-96.27303,Active,IA
59291,iowa_cafo_group_0011,3,42.8209,-96.13823,Active,IA
59292,iowa_cafo_group_0011,3,42.645,-96.13716,Active,IA
59293,iowa_cafo_group_0140,2,42.79715,-96.44745,Active,IA
59294,iowa_cafo_group_0006,0,43.22959,-96.28337,Active,IA
59295,iowa_cafo_group_0191,1,43.46881,-96.07442,Active,IA
59297,iowa_cafo_group_0006,0,43.09951,-96.06681,Active,IA
59299,iowa_cafo_group_1350,3,42.77144,-94.03143,Active,IA
59300,iowa_cafo_group_0127,2,41.33535,-91.92409,Active,IA
59301,iowa_cafo_group_0773,1,42.48572,-94.07038,Active,IA
59302,iowa_cafo_group_0545,4,42.26007,-93.26675,Active,IA
59303,iowa_cafo_group_1351,4,40.62577,-92.22012,Active,IA
59305,iowa_cafo_group_0061,1,42.98021,-95.90092,Active,IA
59307,iowa_cafo_group_0545,4,42.3955,-93.44309,Active,IA
59308,iowa_cafo_group_1352,0,42.43997,-93.62964,Active,IA
59309,iowa_cafo_group_1011,4,42.41992,-93.22045,Active,IA
59310,iowa_cafo_group_1353,0,42.93583,-93.32952,Active,IA
59311,iowa_cafo_group_1354,3,42.16848,-93.64897,Active,IA
59313,iowa_cafo_group_0227,4,41.29655,-91.63562,Active,IA
59314,iowa_cafo_group_1136,3,42.57162,-91.84304,Active,IA
59316,iowa_cafo_group_1355,3,42.20471,-92.2227,Active,IA
59317,iowa_cafo_group_0603,1,42.33225,-93.81481,Active,IA
59318,iowa_cafo_group_1111,3,41.321,-91.81925,Active,IA
59319,iowa_cafo_group_1356,2,42.84823,-93.28545,Active,IA
59320,iowa_cafo_group_1292,3,42.95079,-93.34859,Active,IA
59321,iowa_cafo_group_1356,2,42.85759,-93.2827,Active,IA
59322,iowa_cafo_group_0561,1,43.11271,-95.60571,Active,IA
59323,iowa_cafo_group_1357,0,41.97778,-90.56408,Active,IA
59324,iowa_cafo_group_1358,4,42.41505,-92.07296,Active,IA
59325,iowa_cafo_group_1359,1,42.31305,-91.63535,Active,IA
59326,iowa_cafo_group_1360,1,43.49771,-92.69037,Active,IA
59327,iowa_cafo_group_0061,1,42.85133,-95.75922,Active,IA
59328,iowa_cafo_group_1361,2,42.88763,-95.52243,Active,IA
59329,iowa_cafo_group_1264,3,41.35631,-91.33518,Active,IA
59330,iowa_cafo_group_0872,1,43.04283,-94.48106,Active,IA
59331,iowa_cafo_group_1264,3,41.34189,-91.34451,Active,IA
59332,iowa_cafo_group_1033,2,43.12768,-94.36503,Active,IA
59333,iowa_cafo_group_0484,4,41.87772,-95.13684,Active,IA
59334,iowa_cafo_group_0494,2,43.11292,-95.69805,Active,IA
59335,iowa_cafo_group_1362,4,42.52172,-91.95436,Active,IA
59336,iowa_cafo_group_1363,4,42.74367,-96.44603,Active,IA
59338,iowa_cafo_group_0006,0,43.15162,-96.37324,Active,IA
59339,iowa_cafo_group_1364,3,43.05109,-92.16599,Active,IA
59340,iowa_cafo_group_1365,1,41.40754,-91.34392,Active,IA
59341,iowa_cafo_group_1366,3,41.46268,-91.27091,Active,IA
59342,iowa_cafo_group_0080,2,41.96424,-95.02425,Active,IA
59343,iowa_cafo_group_0006,0,43.36093,-95.86262,Active,IA
59344,iowa_cafo_group_0006,0,43.27,-96.44,Active,IA
59345,iowa_cafo_group_0545,4,42.29525,-93.33959,Active,IA
59346,iowa_cafo_group_1340,4,43.49024,-92.9261,Active,IA
59347,iowa_cafo_group_1272,1,42.89175,-92.9989,Active,IA
59348,iowa_cafo_group_1367,2,41.63948,-91.14991,Active,IA
59352,iowa_cafo_group_1368,4,40.87059,-94.37248,Active,IA
59353,iowa_cafo_group_1369,2,42.36557,-92.11285,Active,IA
59354,iowa_cafo_group_1370,3,43.14188,-94.55776,Active,IA
59355,iowa_cafo_group_1371,4,43.35671,-93.56375,Active,IA
59356,iowa_cafo_group_1372,2,40.79135,-94.62301,Active,IA
59357,iowa_cafo_group_1373,2,40.89933,-94.77012,Active,IA
59358,iowa_cafo_group_1374,1,40.7691,-94.64132,Active,IA
59359,iowa_cafo_group_0009,1,40.7693,-94.72587,Active,IA
59360,iowa_cafo_group_1372,2,40.79594,-94.60375,Active,IA
59361,iowa_cafo_group_0366,3,41.18097,-95.31051,Active,IA
59362,iowa_cafo_group_0366,3,41.18619,-95.31864,Active,IA
59363,iowa_cafo_group_0366,3,41.16078,-95.31347,Active,IA
59364,iowa_cafo_group_0366,3,41.16682,-95.31933,Active,IA
59365,iowa_cafo_group_1375,4,41.97456,-92.18299,Active,IA
59367,iowa_cafo_group_0853,3,42.19419,-93.13596,Active,IA
59368,iowa_cafo_group_1376,1,43.48784,-92.8643,Active,IA
59369,iowa_cafo_group_0094,4,43.14162,-94.07222,Active,IA
59370,iowa_cafo_group_1377,4,43.12634,-93.97209,Active,IA
59371,iowa_cafo_group_0112,1,42.76276,-95.07949,Active,IA
59372,iowa_cafo_group_1378,1,41.45144,-92.70584,Active,IA
59373,iowa_cafo_group_1379,1,41.33325,-94.05962,Active,IA
59376,iowa_cafo_group_0910,4,40.60078,-92.19978,Active,IA
59377,iowa_cafo_group_1380,2,42.8159,-94.38307,Active,IA
59378,iowa_cafo_group_0908,4,42.49536,-93.15328,Active,IA
59379,iowa_cafo_group_0036,3,42.53207,-95.10024,Active,IA
59380,iowa_cafo_group_1106,3,43.21295,-94.60893,Active,IA
59381,iowa_cafo_group_1381,3,42.21106,-94.00386,Active,IA
59382,iowa_cafo_group_1382,0,42.30467,-93.9547,Active,IA
59383,iowa_cafo_group_1383,4,42.30976,-94.04015,Active,IA
59384,iowa_cafo_group_1384,4,42.32301,-93.97785,Active,IA
59385,iowa_cafo_group_0769,3,42.30959,-93.9957,Active,IA
59386,iowa_cafo_group_1383,4,42.2972,-94.03668,Active,IA
59387,iowa_cafo_group_1385,1,42.2971,-94.07822,Active,IA
59389,iowa_cafo_group_1386,0,41.38032,-94.72837,Active,IA
59390,iowa_cafo_group_0006,0,42.96892,-96.11018,Active,IA
59391,iowa_cafo_group_1387,3,43.01615,-92.20253,Active,IA
59392,iowa_cafo_group_1388,3,43.24027,-91.26379,Active,IA
59393,iowa_cafo_group_1389,1,42.40545,-91.02602,Active,IA
59394,iowa_cafo_group_0393,2,41.5654,-91.71901,Active,IA
59395,iowa_cafo_group_1390,2,42.86554,-96.51451,Active,IA
59396,iowa_cafo_group_0912,2,42.36321,-93.62285,Active,IA
59397,iowa_cafo_group_1391,1,43.29962,-93.74469,Active,IA
59398,iowa_cafo_group_1322,2,40.86569,-91.36393,Active,IA
59399,iowa_cafo_group_1392,2,41.13873,-94.24088,Active,IA
59403,iowa_cafo_group_1393,2,42.90794,-95.11217,Active,IA
59404,iowa_cafo_group_1394,2,42.12955,-93.3652,Active,IA
59405,iowa_cafo_group_1264,3,41.36493,-91.40909,Active,IA
59406,iowa_cafo_group_0789,3,41.20917,-91.44457,Active,IA
59408,iowa_cafo_group_1395,3,43.00197,-93.55821,Active,IA
59409,iowa_cafo_group_0229,3,42.3995,-95.07036,Active,IA
59410,iowa_cafo_group_0127,2,41.36864,-91.86774,Active,IA
59411,iowa_cafo_group_0872,1,43.07541,-94.53842,Active,IA
59413,iowa_cafo_group_1255,4,41.35702,-92.564,Active,IA
59415,iowa_cafo_group_0168,1,42.18263,-95.54034,Active,IA
59417,iowa_cafo_group_1396,2,41.12055,-91.88641,Active,IA
59419,iowa_cafo_group_1397,4,41.26454,-91.798,Active,IA
59424,iowa_cafo_group_1377,4,43.14087,-93.94141,Active,IA
59426,iowa_cafo_group_0006,0,42.96354,-96.27225,Active,IA
59427,iowa_cafo_group_1398,3,41.64498,-93.22689,Active,IA
59429,iowa_cafo_group_0136,2,42.30291,-91.0792,Active,IA
59430,iowa_cafo_group_1360,1,43.48749,-92.68212,Active,IA
59431,iowa_cafo_group_1399,1,42.55656,-92.89765,Active,IA
59432,iowa_cafo_group_0726,3,42.6131,-92.72273,Active,IA
59433,iowa_cafo_group_1147,1,41.82986,-91.11351,Active,IA
59434,iowa_cafo_group_0725,2,43.47516,-91.85302,Active,IA
59435,iowa_cafo_group_1400,3,41.74539,-94.87528,Active,IA
59436,iowa_cafo_group_1401,0,42.41239,-93.75009,Active,IA
59437,iowa_cafo_group_1402,2,43.09825,-95.7913,Active,IA
59438,iowa_cafo_group_0282,2,42.02561,-94.183,Active,IA
59439,iowa_cafo_group_1403,1,42.22456,-93.47211,Active,IA
59440,iowa_cafo_group_0782,2,42.7315,-94.93279,Active,IA
59441,iowa_cafo_group_0754,1,42.28032,-93.44987,Active,IA
59442,iowa_cafo_group_0006,0,43.20037,-95.98991,Active,IA
59443,iowa_cafo_group_0443,3,43.24415,-95.77545,Active,IA
59444,iowa_cafo_group_0006,0,43.04269,-96.00899,Active,IA
59445,iowa_cafo_group_1404,3,42.70202,-93.4531,Active,IA
59447,iowa_cafo_group_0815,2,42.28166,-94.8222,Active,IA
59448,iowa_cafo_group_0437,1,43.44,-91.84,Active,IA
59449,iowa_cafo_group_1405,1,42.15252,-92.79185,Active,IA
59450,iowa_cafo_group_1406,1,43.38527,-92.46544,Active,IA
59451,iowa_cafo_group_0755,4,42.52132,-93.43272,Active,IA
59452,iowa_cafo_group_0364,3,41.65305,-92.83499,Active,IA
59453,iowa_cafo_group_1407,1,43.06814,-93.62827,Active,IA
59454,iowa_cafo_group_1408,3,41.17694,-92.67725,Active,IA
59455,iowa_cafo_group_0006,0,43.29893,-95.99434,Active,IA
59456,iowa_cafo_group_1409,4,43.24045,-93.70081,Active,IA
59457,iowa_cafo_group_1039,3,43.15939,-95.54596,Active,IA
59458,iowa_cafo_group_0006,0,42.93802,-96.41998,Active,IA
59459,iowa_cafo_group_0006,0,42.93796,-96.43193,Active,IA
59460,iowa_cafo_group_1410,3,43.34155,-94.41258,Active,IA
59461,iowa_cafo_group_1039,3,43.14318,-95.53799,Active,IA
59462,iowa_cafo_group_0293,4,42.67801,-95.76925,Active,IA
59463,iowa_cafo_group_1411,1,42.28241,-95.55878,Active,IA
59465,iowa_cafo_group_1412,4,43.19769,-93.67409,Active,IA
59466,iowa_cafo_group_0749,4,42.38105,-93.50289,Active,IA
59467,iowa_cafo_group_0112,1,42.77401,-95.011,Active,IA
59468,iowa_cafo_group_1413,2,41.74904,-94.60991,Active,IA
59470,iowa_cafo_group_1056,4,43.00934,-94.83176,Active,IA
59471,iowa_cafo_group_1414,3,41.10485,-91.44821,Active,IA
59472,iowa_cafo_group_0006,0,43.43217,-96.29227,Active,IA
59473,iowa_cafo_group_1415,1,42.49332,-93.67683,Active,IA
59474,iowa_cafo_group_0989,1,43.1838,-95.41536,Active,IA
59475,iowa_cafo_group_1416,1,42.55903,-93.55799,Active,IA
59476,iowa_cafo_group_0006,0,43.17312,-95.92258,Active,IA
59477,iowa_cafo_group_1177,3,42.91071,-94.32379,Active,IA
59478,iowa_cafo_group_0080,2,42.00461,-94.96068,Active,IA
59479,iowa_cafo_group_1417,3,42.40615,-92.87728,Active,IA
59480,iowa_cafo_group_1418,4,42.42146,-95.99372,Active,IA
59481,iowa_cafo_group_0749,4,42.46525,-93.48317,Active,IA
59482,iowa_cafo_group_0006,0,43.40328,-96.15509,Active,IA
59484,iowa_cafo_group_0755,4,42.57295,-93.48938,Active,IA
59487,iowa_cafo_group_0061,1,42.85139,-95.78906,Active,IA
59488,iowa_cafo_group_1419,4,42.58412,-92.71787,Active,IA
59489,iowa_cafo_group_0112,1,42.79915,-94.97074,Active,IA
59490,iowa_cafo_group_1260,1,43.28167,-92.45653,Active,IA
59491,iowa_cafo_group_0487,4,43.12811,-94.83567,Active,IA
59492,iowa_cafo_group_0946,2,42.92088,-92.72394,Active,IA
59493,iowa_cafo_group_0239,4,42.16471,-95.04455,Active,IA
59495,iowa_cafo_group_0686,2,42.37444,-92.37612,Active,IA
59496,iowa_cafo_group_1420,3,43.26697,-92.48956,Active,IA
59497,iowa_cafo_group_0006,0,43.14157,-96.05721,Active,IA
59498,iowa_cafo_group_0061,1,42.79712,-95.8801,Active,IA
59499,iowa_cafo_group_0782,2,42.5972,-94.92408,Active,IA
59500,iowa_cafo_group_0782,2,42.70551,-95.00523,Active,IA
59501,iowa_cafo_group_1100,2,42.74369,-96.25394,Active,IA
59503,iowa_cafo_group_1251,2,42.28302,-93.88809,Active,IA
59504,iowa_cafo_group_1416,1,42.5582,-93.57672,Active,IA
59505,iowa_cafo_group_1251,2,42.29571,-93.90464,Active,IA
59507,iowa_cafo_group_1421,2,42.35501,-92.85075,Active,IA
59508,iowa_cafo_group_0006,0,43.00607,-95.93801,Active,IA
59509,iowa_cafo_group_0112,1,42.77834,-95.01748,Active,IA
59510,iowa_cafo_group_0006,0,43.07939,-96.18015,Active,IA
59511,iowa_cafo_group_0733,1,42.96579,-93.08798,Active,IA
59512,iowa_cafo_group_1422,1,42.11628,-92.39452,Active,IA
59513,iowa_cafo_group_0874,2,42.52851,-92.74453,Active,IA
59514,iowa_cafo_group_1257,2,42.4283,-92.6427,Active,IA
59515,iowa_cafo_group_1423,0,43.43737,-93.65557,Active,IA
59516,iowa_cafo_group_1424,2,42.98086,-92.48454,Active,IA
59517,iowa_cafo_group_0061,1,42.76551,-95.88036,Active,IA
59518,iowa_cafo_group_1425,4,41.74989,-95.27464,Active,IA
59519,iowa_cafo_group_1426,2,41.79672,-95.32365,Active,IA
59520,iowa_cafo_group_1427,0,42.10959,-92.51655,Active,IA
59521,iowa_cafo_group_1085,2,42.80712,-96.33738,Active,IA
59522,iowa_cafo_group_0969,2,42.23473,-94.16335,Active,IA
59523,iowa_cafo_group_1083,2,42.67081,-92.00201,Active,IA
59526,iowa_cafo_group_0893,1,43.35707,-94.35729,Active,IA
59527,iowa_cafo_group_1428,1,43.21344,-94.1911,Active,IA
59528,iowa_cafo_group_0006,0,43.37878,-95.89439,Active,IA
59529,iowa_cafo_group_0006,0,42.9963,-96.43971,Active,IA
59530,iowa_cafo_group_0366,3,41.17752,-95.3381,Active,IA
59531,iowa_cafo_group_0366,3,41.17707,-95.33166,Active,IA
59533,iowa_cafo_group_0443,3,43.36041,-95.62045,Active,IA
59534,iowa_cafo_group_1429,3,42.78214,-93.12272,Active,IA
59535,iowa_cafo_group_1430,2,43.33,-91.41,Active,IA
59536,iowa_cafo_group_1431,1,43.32842,-93.72724,Active,IA
59537,iowa_cafo_group_1271,1,43.1142,-93.75471,Active,IA
59538,iowa_cafo_group_1432,4,43.03773,-93.34394,Active,IA
59539,iowa_cafo_group_1432,4,43.02331,-93.33829,Active,IA
59540,iowa_cafo_group_1432,4,43.0086,-93.34308,Active,IA
59541,iowa_cafo_group_1054,2,42.96635,-93.38835,Active,IA
59542,iowa_cafo_group_1433,4,42.99514,-93.29159,Active,IA
59543,iowa_cafo_group_0270,4,42.95746,-92.45714,Active,IA
59544,iowa_cafo_group_1434,2,41.94219,-94.39726,Active,IA
59545,iowa_cafo_group_0006,0,43.35792,-96.35132,Active,IA
59546,iowa_cafo_group_0959,1,42.26084,-93.13634,Active,IA
59547,iowa_cafo_group_1435,4,42.21274,-92.13968,Active,IA
59548,iowa_cafo_group_1436,3,41.47429,-92.58179,Active,IA
59549,iowa_cafo_group_1437,0,42.41022,-93.57565,Active,IA
59550,iowa_cafo_group_0127,2,41.29932,-91.97951,Active,IA
59551,iowa_cafo_group_0494,2,43.15615,-95.62992,Active,IA
59552,iowa_cafo_group_0393,2,41.52657,-91.77335,Active,IA
59554,iowa_cafo_group_0908,4,42.49262,-93.06718,Active,IA
59555,iowa_cafo_group_1438,4,43.25961,-93.04137,Active,IA
59556,iowa_cafo_group_1102,3,41.65503,-90.66367,Active,IA
59557,iowa_cafo_group_1439,0,41.57353,-90.72498,Active,IA
59558,iowa_cafo_group_1440,3,41.79696,-94.47591,Active,IA
59561,iowa_cafo_group_0001,2,41.46633,-92.36118,Active,IA
59563,iowa_cafo_group_1441,4,42.05226,-95.4603,Active,IA
59564,iowa_cafo_group_0772,2,42.39056,-94.27959,Active,IA
59565,iowa_cafo_group_1442,2,43.16837,-92.60165,Active,IA
59566,iowa_cafo_group_0905,4,42.36849,-93.19049,Active,IA
59567,iowa_cafo_group_1443,2,43.05353,-93.65652,Active,IA
59568,iowa_cafo_group_0446,3,42.73365,-95.21613,Active,IA
59569,iowa_cafo_group_0061,1,42.82228,-95.73239,Active,IA
59570,iowa_cafo_group_1444,2,42.505,-91.74524,Active,IA
59572,iowa_cafo_group_1445,1,40.58334,-94.60619,Active,IA
59573,iowa_cafo_group_1445,1,40.58793,-94.61626,Active,IA
59574,iowa_cafo_group_1446,0,40.58766,-94.68014,Active,IA
59575,iowa_cafo_group_1446,0,40.59838,-94.66933,Active,IA
59576,iowa_cafo_group_1445,1,40.57681,-94.62502,Active,IA
59577,iowa_cafo_group_1447,3,41.26165,-92.53384,Active,IA
59578,iowa_cafo_group_0851,1,41.4199,-92.48632,Active,IA
59579,iowa_cafo_group_1448,0,42.62975,-94.1378,Active,IA
59580,iowa_cafo_group_1449,2,41.35037,-92.78674,Active,IA
59581,iowa_cafo_group_1450,4,43.15717,-93.76002,Active,IA
59582,iowa_cafo_group_1378,1,41.40952,-92.71751,Active,IA
59583,iowa_cafo_group_1451,3,42.90861,-93.45029,Active,IA
59584,iowa_cafo_group_1253,2,41.34411,-92.66559,Active,IA
59585,iowa_cafo_group_0006,0,43.31427,-96.38927,Active,IA
59586,iowa_cafo_group_0006,0,43.42092,-95.92112,Active,IA
59587,iowa_cafo_group_1452,4,42.27264,-94.79465,Active,IA
59588,iowa_cafo_group_0297,3,42.25617,-95.70596,Active,IA
59589,iowa_cafo_group_0006,0,43.20394,-96.04155,Active,IA
59590,iowa_cafo_group_1453,3,42.4786,-95.28993,Active,IA
59591,iowa_cafo_group_1454,1,42.59974,-93.05777,Active,IA
59593,iowa_cafo_group_0016,2,42.3984,-94.86635,Active,IA
59594,iowa_cafo_group_0016,2,42.41319,-94.82418,Active,IA
59596,iowa_cafo_group_1417,3,42.4042,-92.83706,Active,IA
59597,iowa_cafo_group_1455,3,41.60542,-94.06172,Active,IA
59598,iowa_cafo_group_1456,4,42.33596,-91.50092,Active,IA
59600,iowa_cafo_group_1457,4,42.21015,-92.10201,Active,IA
59601,iowa_cafo_group_1020,1,42.30535,-93.25134,Active,IA
59602,iowa_cafo_group_1421,2,42.35503,-92.86684,Active,IA
59603,iowa_cafo_group_0886,3,42.40777,-93.60221,Active,IA
59604,iowa_cafo_group_0244,4,41.57587,-92.41123,Active,IA
59605,iowa_cafo_group_1198,3,42.38422,-93.74996,Active,IA
59606,iowa_cafo_group_0748,1,42.34141,-92.98392,Active,IA
59607,iowa_cafo_group_1458,1,42.73432,-92.77246,Active,IA
59608,iowa_cafo_group_0244,4,41.57586,-92.41123,Active,IA
59609,iowa_cafo_group_1459,4,41.5243,-92.4377,Active,IA
59611,iowa_cafo_group_1281,2,42.14161,-93.09867,Active,IA
59612,iowa_cafo_group_1460,3,43.33256,-93.07273,Active,IA
59613,iowa_cafo_group_0310,4,43.03773,-91.59022,Active,IA
59615,iowa_cafo_group_1273,2,42.41143,-93.01693,Active,IA
59616,iowa_cafo_group_1461,0,42.7647,-92.93884,Active,IA
59617,iowa_cafo_group_0484,4,41.84904,-95.08584,Active,IA
59619,iowa_cafo_group_1462,4,43.19773,-95.33743,Active,IA
59620,iowa_cafo_group_0870,2,41.18503,-92.23046,Active,IA
59621,iowa_cafo_group_1463,4,42.6079,-91.35398,Active,IA
59622,iowa_cafo_group_0870,2,41.13344,-92.27813,Active,IA
59623,iowa_cafo_group_1464,1,42.68925,-91.71525,Active,IA
59624,iowa_cafo_group_1463,4,42.60793,-91.36601,Active,IA
59625,iowa_cafo_group_0006,0,43.07697,-96.33383,Active,IA
59626,iowa_cafo_group_0721,2,43.23256,-92.26792,Active,IA
59627,iowa_cafo_group_1465,2,42.75116,-95.60026,Active,IA
59628,iowa_cafo_group_0006,0,43.21021,-95.90377,Active,IA
59631,iowa_cafo_group_0483,4,43.03778,-95.72856,Active,IA
59633,iowa_cafo_group_1466,4,42.46992,-92.92262,Active,IA
59634,iowa_cafo_group_0808,2,42.96654,-94.29237,Active,IA
59635,iowa_cafo_group_0006,0,43.34176,-96.37264,Active,IA
59636,iowa_cafo_group_1467,2,42.55461,-91.45249,Active,IA
59638,iowa_cafo_group_0494,2,43.13707,-95.68458,Active,IA
59639,iowa_cafo_group_1468,0,40.70801,-91.58672,Active,IA
59640,iowa_cafo_group_1249,2,42.37931,-91.40533,Active,IA
59641,iowa_cafo_group_1469,3,41.06324,-91.54974,Active,IA
59642,iowa_cafo_group_0006,0,43.06927,-96.27085,Active,IA
59643,iowa_cafo_group_1470,4,41.48506,-95.12834,Active,IA
59644,iowa_cafo_group_0006,0,43.28864,-96.45952,Active,IA
59645,iowa_cafo_group_0483,4,43.06911,-95.68477,Active,IA
59646,iowa_cafo_group_1471,1,41.37564,-93.4029,Active,IA
59647,iowa_cafo_group_0006,0,43.09415,-96.37141,Active,IA
59648,iowa_cafo_group_0006,0,43.09744,-96.36337,Active,IA
59649,iowa_cafo_group_1472,4,41.91327,-94.41717,Active,IA
59650,iowa_cafo_group_0006,0,43.20081,-96.09501,Active,IA
59651,iowa_cafo_group_0782,2,42.53038,-94.95237,Active,IA
59652,iowa_cafo_group_0227,4,41.0764,-91.64168,Active,IA
59653,iowa_cafo_group_1473,1,42.90215,-94.26758,Active,IA
59654,iowa_cafo_group_1474,0,41.33078,-92.59262,Active,IA
59655,iowa_cafo_group_1475,2,43.38478,-92.3155,Active,IA
59656,iowa_cafo_group_1475,2,43.3904,-92.33763,Active,IA
59657,iowa_cafo_group_1253,2,41.36115,-92.69168,Active,IA
59658,iowa_cafo_group_0748,1,42.3605,-93.00327,Active,IA
59659,iowa_cafo_group_1476,1,42.45826,-92.87684,Active,IA
59660,iowa_cafo_group_0138,4,42.30041,-93.07117,Active,IA
59661,iowa_cafo_group_1477,2,42.32746,-93.09354,Active,IA
59662,iowa_cafo_group_0006,0,43.04306,-96.29273,Active,IA
59663,iowa_cafo_group_0742,3,42.64166,-93.12613,Active,IA
59664,iowa_cafo_group_0082,4,42.82014,-93.40379,Active,IA
59665,iowa_cafo_group_0789,3,41.22139,-91.40487,Active,IA
59666,iowa_cafo_group_0310,4,43.05138,-91.60938,Active,IA
59667,iowa_cafo_group_1478,1,42.83838,-95.6021,Active,IA
59669,iowa_cafo_group_1479,3,43.48807,-94.50811,Active,IA
59670,iowa_cafo_group_1253,2,41.35235,-92.71856,Active,IA
59671,iowa_cafo_group_0739,1,42.57806,-93.13902,Active,IA
59672,iowa_cafo_group_0739,1,42.62057,-93.20251,Active,IA
59673,iowa_cafo_group_1480,1,42.88124,-95.23387,Active,IA
59674,iowa_cafo_group_0603,1,42.33357,-93.7114,Active,IA
59675,iowa_cafo_group_1481,4,42.74126,-95.43868,Active,IA
59676,iowa_cafo_group_1482,4,42.60926,-96.19428,Active,IA
59677,iowa_cafo_group_0310,4,43.06618,-91.58559,Active,IA
59678,iowa_cafo_group_1150,1,41.5833,-91.45772,Active,IA
59679,iowa_cafo_group_1483,3,43.0489,-92.45279,Active,IA
59680,iowa_cafo_group_1150,1,41.58469,-91.45667,Active,IA
59682,iowa_cafo_group_1085,2,42.81913,-96.31086,Active,IA
59684,iowa_cafo_group_0761,4,43.10321,-94.36895,Active,IA
59685,iowa_cafo_group_0061,1,42.82373,-95.92352,Active,IA
59686,iowa_cafo_group_0006,0,43.33635,-96.15724,Active,IA
59689,iowa_cafo_group_1418,4,42.43483,-96.0094,Active,IA
59691,iowa_cafo_group_0127,2,41.41014,-91.86285,Active,IA
59692,iowa_cafo_group_0127,2,41.40821,-91.85022,Active,IA
59693,iowa_cafo_group_1417,3,42.41317,-92.82738,Active,IA
59694,iowa_cafo_group_1484,2,42.68277,-94.86666,Active,IA
59695,iowa_cafo_group_1485,3,41.6438,-93.04662,Active,IA
59696,iowa_cafo_group_1486,2,42.49805,-91.86415,Active,IA
59697,iowa_cafo_group_1487,1,43.15599,-94.19721,Active,IA
59698,iowa_cafo_group_1488,0,41.34573,-91.50209,Active,IA
59699,iowa_cafo_group_1489,3,43.14911,-95.79951,Active,IA
59700,iowa_cafo_group_0460,4,42.44496,-91.21532,Active,IA
59701,iowa_cafo_group_0006,0,43.11221,-96.01677,Active,IA
59702,iowa_cafo_group_0857,2,41.69953,-91.03418,Active,IA
59703,iowa_cafo_group_1177,3,42.92713,-94.32376,Active,IA
59705,iowa_cafo_group_1490,0,43.35973,-93.27429,Active,IA
59708,iowa_cafo_group_0090,3,41.23511,-91.72481,Active,IA
59709,iowa_cafo_group_1388,3,43.2477,-91.22009,Active,IA
59710,iowa_cafo_group_0483,4,42.95408,-95.72051,Active,IA
59711,iowa_cafo_group_1491,1,40.68016,-91.21219,Active,IA
59712,iowa_cafo_group_1492,1,41.92532,-95.81915,Active,IA
59713,iowa_cafo_group_1493,2,42.61611,-92.08719,Active,IA
59714,iowa_cafo_group_1494,1,42.23246,-93.9469,Active,IA
59715,iowa_cafo_group_1223,1,42.33857,-93.45065,Active,IA
59716,iowa_cafo_group_0443,3,43.27156,-95.77173,Active,IA
59719,iowa_cafo_group_1495,1,42.56132,-95.46292,Active,IA
59720,iowa_cafo_group_1496,3,42.37055,-95.01827,Active,IA
59721,iowa_cafo_group_1497,2,42.64433,-91.63464,Active,IA
59722,iowa_cafo_group_1498,4,41.33578,-91.45513,Active,IA
59723,iowa_cafo_group_1009,3,42.90032,-91.25755,Active,IA
59724,iowa_cafo_group_1499,0,42.69454,-95.40746,Active,IA
59725,iowa_cafo_group_1500,3,41.9509,-95.2146,Active,IA
59726,iowa_cafo_group_1501,3,42.27605,-93.04276,Active,IA
59727,iowa_cafo_group_0822,2,41.73112,-94.97166,Active,IA
59728,iowa_cafo_group_0214,1,43.09536,-92.16187,Active,IA
59730,iowa_cafo_group_1132,1,41.06796,-94.19445,Active,IA
59731,iowa_cafo_group_1502,0,41.47676,-91.0798,Active,IA
59732,iowa_cafo_group_1503,3,41.73081,-91.07196,Active,IA
59733,iowa_cafo_group_0310,4,43.06117,-91.57067,Active,IA
59734,iowa_cafo_group_0006,0,43.03446,-95.9172,Active,IA
59736,iowa_cafo_group_0006,0,43.11366,-95.98538,Active,IA
59737,iowa_cafo_group_1504,1,42.38311,-91.68191,Active,IA
59738,iowa_cafo_group_1505,3,42.19463,-92.72189,Active,IA
59739,iowa_cafo_group_1506,2,41.67029,-90.91235,Active,IA
59740,iowa_cafo_group_0006,0,43.06988,-96.32922,Active,IA
59741,iowa_cafo_group_1507,4,41.95067,-94.15857,Active,IA
59743,iowa_cafo_group_1508,3,40.7158,-92.28464,Active,IA
59744,iowa_cafo_group_1509,2,42.32581,-93.85921,Active,IA
59745,iowa_cafo_group_0749,4,42.44205,-93.54815,Active,IA
59746,iowa_cafo_group_0443,3,43.27533,-95.74192,Active,IA
59747,iowa_cafo_group_0760,1,43.13586,-94.50077,Active,IA
59748,iowa_cafo_group_1510,3,42.36346,-92.02393,Active,IA
59750,iowa_cafo_group_0006,0,43.3741,-96.33066,Active,IA
59751,iowa_cafo_group_0738,3,42.60598,-93.3616,Active,IA
59752,iowa_cafo_group_0034,4,42.02909,-94.75166,Active,IA
59753,iowa_cafo_group_1134,2,41.26464,-92.57213,Active,IA
59754,iowa_cafo_group_1511,1,41.23483,-92.51653,Active,IA
59755,iowa_cafo_group_1134,2,41.2428,-92.5538,Active,IA
59756,iowa_cafo_group_1511,1,41.26088,-92.48691,Active,IA
59757,iowa_cafo_group_1512,3,41.88374,-95.01618,Active,IA
59758,iowa_cafo_group_0006,0,43.05242,-96.01386,Active,IA
59759,iowa_cafo_group_0742,3,42.67921,-93.09713,Active,IA
59760,iowa_cafo_group_0420,4,42.97917,-92.20009,Active,IA
59761,iowa_cafo_group_1091,3,41.44726,-91.88618,Active,IA
59762,iowa_cafo_group_0006,0,43.46238,-95.71659,Active,IA
59763,iowa_cafo_group_1513,4,41.77256,-94.06299,Active,IA
59764,iowa_cafo_group_1514,2,43.46605,-95.28745,Active,IA
59765,iowa_cafo_group_0120,1,41.99107,-95.92295,Active,IA
59766,iowa_cafo_group_1515,0,41.71696,-94.72044,Active,IA
59767,iowa_cafo_group_0788,1,42.52921,-94.75822,Active,IA
59768,iowa_cafo_group_0754,1,42.31826,-93.54174,Active,IA
59769,iowa_cafo_group_1516,2,42.04385,-92.49138,Active,IA
59770,iowa_cafo_group_1517,2,43.25266,-93.9047,Active,IA
59771,iowa_cafo_group_0737,3,42.68541,-93.30196,Active,IA
59773,iowa_cafo_group_1518,0,42.04274,-93.94299,Active,IA
59775,iowa_cafo_group_1519,1,41.04644,-91.3325,Active,IA
59776,iowa_cafo_group_1520,4,40.90614,-91.48488,Active,IA
59777,iowa_cafo_group_0006,0,43.21375,-96.2385,Active,IA
59779,iowa_cafo_group_1521,0,41.67215,-94.06297,Active,IA
59780,iowa_cafo_group_1522,2,43.39168,-94.6107,Active,IA
59781,iowa_cafo_group_1523,3,43.38456,-94.66366,Active,IA
59782,iowa_cafo_group_1524,4,42.13418,-93.60247,Active,IA
59783,iowa_cafo_group_1525,2,42.73339,-94.0127,Active,IA
59784,iowa_cafo_group_1526,1,43.14154,-94.40844,Active,IA
59785,iowa_cafo_group_1091,3,41.39499,-91.98874,Active,IA
59786,iowa_cafo_group_0127,2,41.30969,-91.96274,Active,IA
59787,iowa_cafo_group_0006,0,43.06,-96.12,Active,IA
59788,iowa_cafo_group_1527,1,42.56619,-93.9639,Active,IA
59790,iowa_cafo_group_1528,4,42.92812,-94.0117,Active,IA
59791,iowa_cafo_group_1527,1,42.55703,-93.94497,Active,IA
59792,iowa_cafo_group_0754,1,42.26374,-93.53964,Active,IA
59793,iowa_cafo_group_0754,1,42.26645,-93.52209,Active,IA
59794,iowa_cafo_group_0006,0,42.92172,-96.27908,Active,IA
59795,iowa_cafo_group_0754,1,42.26654,-93.52858,Active,IA
59796,iowa_cafo_group_0755,4,42.54996,-93.40402,Active,IA
59797,iowa_cafo_group_1529,3,42.62989,-93.9509,Active,IA
59801,iowa_cafo_group_0006,0,42.96665,-96.21449,Active,IA
59802,iowa_cafo_group_0006,0,43.01301,-96.11703,Active,IA
59803,iowa_cafo_group_0006,0,43.01774,-96.09709,Active,IA
59804,iowa_cafo_group_0006,0,43.02448,-96.11445,Active,IA
59805,iowa_cafo_group_1530,4,43.09022,-93.73536,Active,IA
59806,iowa_cafo_group_0006,0,43.19773,-96.24513,Active,IA
59807,iowa_cafo_group_1531,1,40.74321,-92.25561,Active,IA
59808,iowa_cafo_group_0183,2,43.25293,-94.36524,Active,IA
59809,iowa_cafo_group_1532,4,42.13965,-94.75334,Active,IA
59810,iowa_cafo_group_0246,3,42.49625,-94.71634,Active,IA
59812,iowa_cafo_group_1533,4,41.61158,-91.30868,Active,IA
59813,iowa_cafo_group_0484,4,41.87829,-95.10085,Active,IA
59814,iowa_cafo_group_1534,0,40.7909,-91.73573,Active,IA
59815,iowa_cafo_group_1041,3,43.40049,-94.57301,Active,IA
59816,iowa_cafo_group_1535,2,42.19809,-95.26616,Active,IA
59817,iowa_cafo_group_1536,3,43.26453,-94.26692,Active,IA
59818,iowa_cafo_group_0127,2,41.35473,-91.77201,Active,IA
59819,iowa_cafo_group_1537,1,42.56791,-95.04476,Active,IA
59820,iowa_cafo_group_0364,3,41.69262,-92.85728,Active,IA
59821,iowa_cafo_group_0872,1,42.96643,-94.39453,Active,IA
59822,iowa_cafo_group_1480,1,42.85159,-95.21217,Active,IA
59823,iowa_cafo_group_1538,2,41.92725,-90.79912,Active,IA
59824,iowa_cafo_group_0136,2,42.32842,-91.12856,Active,IA
59825,iowa_cafo_group_0136,2,42.30649,-91.115,Active,IA
59826,iowa_cafo_group_1531,1,40.73783,-92.23614,Active,IA
59828,iowa_cafo_group_0143,1,42.014,-94.85885,Active,IA
59832,iowa_cafo_group_0143,1,41.97906,-94.86989,Active,IA
59833,iowa_cafo_group_0027,1,41.89951,-94.91598,Active,IA
59837,iowa_cafo_group_1539,2,41.92445,-94.74678,Active,IA
59838,iowa_cafo_group_0787,1,42.18032,-94.79297,Active,IA
59840,iowa_cafo_group_0486,2,42.06379,-95.62753,Active,IA
59842,iowa_cafo_group_0486,2,42.10222,-95.65425,Active,IA
59843,iowa_cafo_group_0526,2,41.87616,-95.61457,Active,IA
59844,iowa_cafo_group_0486,2,42.08745,-95.65211,Active,IA
59845,iowa_cafo_group_1540,2,41.99329,-95.61779,Active,IA
59847,iowa_cafo_group_1541,3,41.94972,-94.3597,Active,IA
59848,iowa_cafo_group_1542,3,42.03404,-94.2984,Active,IA
59850,iowa_cafo_group_1498,4,41.33632,-91.47126,Active,IA
59851,iowa_cafo_group_1498,4,41.32784,-91.44669,Active,IA
59855,iowa_cafo_group_1543,3,41.53839,-91.65551,Active,IA
59858,iowa_cafo_group_1544,2,41.36212,-93.92271,Active,IA
59859,iowa_cafo_group_0359,4,41.91714,-91.33887,Active,IA
59861,iowa_cafo_group_1314,3,41.24177,-91.51667,Active,IA
59862,iowa_cafo_group_1545,1,41.89794,-94.1462,Active,IA
59866,iowa_cafo_group_0998,2,42.70515,-95.50483,Active,IA
59868,iowa_cafo_group_0760,1,43.14137,-94.47147,Active,IA
59871,iowa_cafo_group_1546,3,40.89177,-95.59629,Active,IA
59872,iowa_cafo_group_1547,2,42.1222,-94.54958,Active,IA
59875,iowa_cafo_group_1548,0,41.83657,-95.34958,Active,IA
59877,iowa_cafo_group_0581,4,42.10133,-94.41825,Active,IA
59879,iowa_cafo_group_1549,0,40.65194,-94.23088,Active,IA
59881,iowa_cafo_group_1550,0,40.61731,-94.25226,Active,IA
59883,iowa_cafo_group_0626,2,40.62647,-94.39486,Active,IA
59885,iowa_cafo_group_1551,2,40.90961,-94.1489,Active,IA
59891,iowa_cafo_group_1552,0,42.07852,-94.55309,Active,IA
59893,iowa_cafo_group_0830,1,42.06974,-94.22379,Active,IA
59895,iowa_cafo_group_1553,4,41.01,-95.25,Active,IA
59896,iowa_cafo_group_0486,2,42.05571,-95.65934,Active,IA
59898,iowa_cafo_group_0418,3,41.90594,-95.17186,Active,IA
59902,iowa_cafo_group_1413,2,41.75254,-94.62926,Active,IA
59903,iowa_cafo_group_0864,2,40.65822,-92.4102,Active,IA
59909,iowa_cafo_group_0393,2,41.52672,-91.72403,Active,IA
59913,iowa_cafo_group_1554,2,41.48483,-91.95641,Active,IA
59914,iowa_cafo_group_1172,3,43.22993,-95.83149,Active,IA
59915,iowa_cafo_group_0006,0,42.99662,-96.36707,Active,IA
59921,iowa_cafo_group_0006,0,43.31447,-96.10026,Active,IA
59922,iowa_cafo_group_0191,1,43.49496,-96.16034,Active,IA
59925,iowa_cafo_group_1555,3,40.92137,-93.58442,Active,IA
59926,iowa_cafo_group_1556,0,41.20415,-92.82465,Active,IA
59927,iowa_cafo_group_1557,2,42.16318,-92.8821,Active,IA
59935,iowa_cafo_group_1558,0,42.52084,-93.96419,Active,IA
59937,iowa_cafo_group_0749,4,42.4118,-93.52594,Active,IA
59938,iowa_cafo_group_0749,4,42.42551,-93.52018,Active,IA
59940,iowa_cafo_group_1559,4,42.08416,-95.22581,Active,IA
59941,iowa_cafo_group_1560,3,43.34,-94.05,Active,IA
59942,iowa_cafo_group_1561,4,43.3592,-94.04322,Active,IA
59943,iowa_cafo_group_1562,1,43.23291,-94.00681,Active,IA
59944,iowa_cafo_group_1563,3,41.88,-95.45,Active,IA
59948,iowa_cafo_group_1564,2,42.02735,-95.11046,Active,IA
59950,iowa_cafo_group_0230,3,41.87858,-95.87452,Active,IA
59952,iowa_cafo_group_1565,3,42.17606,-95.71276,Active,IA
59953,iowa_cafo_group_0230,3,41.8714,-95.82723,Active,IA
59954,iowa_cafo_group_1566,0,41.31063,-94.92633,Active,IA
59957,iowa_cafo_group_1567,4,41.33512,-95.05672,Active,IA
59962,iowa_cafo_group_1091,3,41.45451,-91.96775,Active,IA
59964,iowa_cafo_group_0011,3,42.71,-96.16,Active,IA
59967,iowa_cafo_group_0006,0,43.12219,-96.37319,Active,IA
59969,iowa_cafo_group_1059,4,43.44173,-94.45318,Active,IA
59970,iowa_cafo_group_1568,4,43.39513,-94.4628,Active,IA
59971,iowa_cafo_group_0006,0,43.05281,-96.4125,Active,IA
59974,iowa_cafo_group_0836,2,40.67749,-94.42837,Active,IA
59975,iowa_cafo_group_1569,1,40.89439,-94.41816,Active,IA
59976,iowa_cafo_group_0837,2,40.89723,-94.33119,Active,IA
59977,iowa_cafo_group_1570,2,40.66749,-94.26894,Active,IA
59978,iowa_cafo_group_1571,3,40.80491,-94.14685,Active,IA
59979,iowa_cafo_group_1572,4,40.78549,-94.15646,Active,IA
59980,iowa_cafo_group_1573,2,40.72648,-94.47298,Active,IA
59981,iowa_cafo_group_1336,2,41.04024,-94.01591,Active,IA
59982,iowa_cafo_group_1336,2,41.04605,-94.02372,Active,IA
59983,iowa_cafo_group_1336,2,41.03726,-94.02702,Active,IA
59985,iowa_cafo_group_1574,1,42.76658,-91.80255,Active,IA
59993,iowa_cafo_group_0545,4,42.36314,-93.46431,Active,IA
59995,iowa_cafo_group_1575,3,42.71763,-93.81765,Active,IA
59996,iowa_cafo_group_1575,3,42.72574,-93.81797,Active,IA
59997,iowa_cafo_group_1576,0,42.85021,-93.85952,Active,IA
59998,iowa_cafo_group_1577,3,42.69116,-93.67756,Active,IA
60000,iowa_cafo_group_1577,3,42.6897,-93.65789,Active,IA
60001,iowa_cafo_group_1578,0,42.7092,-93.59201,Active,IA
60002,iowa_cafo_group_1579,2,42.63268,-93.54751,Active,IA
60006,iowa_cafo_group_1580,2,41.42125,-93.00536,Active,IA
60007,iowa_cafo_group_0310,4,43.03788,-91.62232,Active,IA
60012,iowa_cafo_group_1581,4,43.31668,-94.38325,Active,IA
60013,iowa_cafo_group_1180,2,43.38817,-95.63269,Active,IA
60019,iowa_cafo_group_1582,3,42.77101,-92.01956,Active,IA
60020,iowa_cafo_group_0069,3,43.26304,-94.581,Active,IA
60022,iowa_cafo_group_0227,4,41.18323,-91.57273,Active,IA
60023,iowa_cafo_group_0227,4,41.19694,-91.59824,Active,IA
60025,iowa_cafo_group_1583,2,41.13709,-91.07186,Active,IA
60026,iowa_cafo_group_1123,4,41.07088,-91.05209,Active,IA
60027,iowa_cafo_group_1584,3,40.97125,-91.77507,Active,IA
60028,iowa_cafo_group_1585,3,40.99638,-91.78726,Active,IA
60029,iowa_cafo_group_1586,3,41.87832,-90.27547,Active,IA
60031,iowa_cafo_group_1587,2,41.07124,-91.08928,Active,IA
60032,iowa_cafo_group_1314,3,41.25757,-91.52471,Active,IA
60033,iowa_cafo_group_0227,4,41.29767,-91.60028,Active,IA
60035,iowa_cafo_group_1098,3,41.57767,-91.77309,Active,IA
60037,iowa_cafo_group_0420,4,42.98489,-92.21496,Active,IA
60044,iowa_cafo_group_1588,0,41.57576,-93.90819,Active,IA
60046,iowa_cafo_group_1589,2,41.05819,-93.6225,Active,IA
60047,iowa_cafo_group_1589,2,41.05834,-93.64283,Active,IA
60051,iowa_cafo_group_1590,2,40.62217,-93.97318,Active,IA
60052,iowa_cafo_group_1591,2,40.58669,-93.9974,Active,IA
60054,iowa_cafo_group_0847,4,40.66472,-93.71177,Active,IA
60056,iowa_cafo_group_1592,0,40.74277,-93.97713,Active,IA
60058,iowa_cafo_group_1593,0,41.85376,-93.09436,Active,IA
60061,iowa_cafo_group_1594,0,41.74077,-93.27914,Active,IA
60065,iowa_cafo_group_1595,3,41.55958,-93.23268,Active,IA
60066,iowa_cafo_group_0434,4,41.51636,-93.15906,Active,IA
60067,iowa_cafo_group_0434,4,41.51785,-93.14145,Active,IA
60069,iowa_cafo_group_1596,3,40.92767,-93.53654,Active,IA
60072,iowa_cafo_group_0073,1,42.93791,-92.35989,Active,IA
60076,iowa_cafo_group_1597,2,41.80528,-93.02954,Active,IA
60079,iowa_cafo_group_1379,1,41.34572,-94.07395,Active,IA
60081,iowa_cafo_group_1146,3,41.25683,-94.21023,Active,IA
60088,iowa_cafo_group_0132,1,41.21525,-92.73508,Active,IA
60095,iowa_cafo_group_1338,1,41.30829,-92.76636,Active,IA
60096,iowa_cafo_group_0132,1,41.20528,-92.70676,Active,IA
60098,iowa_cafo_group_1598,3,41.42258,-92.88843,Active,IA
60100,iowa_cafo_group_1599,2,42.0671,-93.01749,Active,IA
60101,iowa_cafo_group_1600,0,42.00292,-93.20461,Active,IA
60105,iowa_cafo_group_1601,0,40.94566,-92.86161,Active,IA
60106,iowa_cafo_group_1602,2,40.94889,-92.80309,Active,IA
60114,iowa_cafo_group_1603,4,42.49593,-93.7358,Active,IA
60121,iowa_cafo_group_0872,1,43.08368,-94.43919,Active,IA
60123,iowa_cafo_group_0808,2,42.97974,-94.30671,Active,IA
60126,iowa_cafo_group_1604,4,40.95991,-91.44943,Active,IA
60127,iowa_cafo_group_1605,3,40.68405,-91.73881,Active,IA
60129,iowa_cafo_group_1606,2,40.73083,-91.90718,Active,IA
60132,iowa_cafo_group_1607,2,41.96989,-90.20071,Active,IA
60133,iowa_cafo_group_0278,2,43.4975,-94.35313,Active,IA
60134,iowa_cafo_group_1608,1,42.90675,-92.94712,Active,IA
60136,iowa_cafo_group_1609,4,41.47066,-92.0358,Active,IA
60137,iowa_cafo_group_1543,3,41.55433,-91.6797,Active,IA
60139,iowa_cafo_group_0127,2,41.32004,-91.98337,Active,IA
60141,iowa_cafo_group_1610,2,43.05176,-92.60977,Active,IA
60142,iowa_cafo_group_0771,4,42.42777,-93.889,Active,IA
60144,iowa_cafo_group_1013,4,42.23859,-93.65032,Active,IA
60145,iowa_cafo_group_0754,1,42.2525,-93.48524,Active,IA
60147,iowa_cafo_group_1611,4,41.88905,-91.02723,Active,IA
60151,iowa_cafo_group_1612,4,40.95865,-92.15313,Active,IA
60154,iowa_cafo_group_1613,0,41.06272,-92.07248,Active,IA
60155,iowa_cafo_group_1579,2,42.62785,-93.57568,Active,IA
60156,iowa_cafo_group_1614,0,42.87643,-93.85461,Active,IA
60159,iowa_cafo_group_1615,3,42.89817,-93.69201,Active,IA
60163,iowa_cafo_group_1616,2,42.65863,-92.30858,Active,IA
60164,iowa_cafo_group_1605,3,40.69187,-91.72931,Active,IA
60166,iowa_cafo_group_1617,3,40.72089,-91.77794,Active,IA
60167,iowa_cafo_group_1617,3,40.72193,-91.77227,Active,IA
60169,iowa_cafo_group_1618,4,41.10628,-92.48787,Active,IA
60178,iowa_cafo_group_0887,3,42.84688,-93.75337,Active,IA
60184,iowa_cafo_group_0872,1,42.9959,-94.39457,Active,IA
60188,iowa_cafo_group_1295,4,43.27019,-94.19452,Active,IA
60189,iowa_cafo_group_1619,2,43.27303,-93.26248,Active,IA
60190,iowa_cafo_group_0127,2,41.41781,-91.81338,Active,IA
60191,iowa_cafo_group_1620,1,43.0523,-94.15471,Active,IA
60192,iowa_cafo_group_1621,0,43.03037,-94.1497,Active,IA
60194,iowa_cafo_group_0090,3,41.19239,-91.71597,Active,IA
60195,iowa_cafo_group_1622,0,41.04436,-92.32461,Active,IA
60197,iowa_cafo_group_0761,4,43.11412,-94.40267,Active,IA
60198,iowa_cafo_group_0761,4,43.08468,-94.39579,Active,IA
60199,iowa_cafo_group_0082,4,42.8326,-93.32866,Active,IA
60203,iowa_cafo_group_1623,4,41.22236,-92.02053,Active,IA
60204,iowa_cafo_group_1624,2,41.21546,-91.97116,Active,IA
60208,iowa_cafo_group_1625,0,43.15572,-92.89013,Active,IA
60209,iowa_cafo_group_1626,2,42.92155,-93.90283,Active,IA
60213,iowa_cafo_group_0914,1,42.26779,-93.70963,Active,IA
60214,iowa_cafo_group_1627,4,42.33847,-93.77093,Active,IA
60218,iowa_cafo_group_0006,0,43.26666,-96.29715,Active,IA
60223,iowa_cafo_group_0061,1,42.9134,-95.85756,Active,IA
60224,iowa_cafo_group_0878,1,42.99646,-95.83986,Active,IA
60225,iowa_cafo_group_0878,1,43.01205,-95.8417,Active,IA
60227,iowa_cafo_group_0561,1,43.06841,-95.56971,Active,IA
60228,iowa_cafo_group_0238,2,42.95596,-95.60472,Active,IA
60229,iowa_cafo_group_0483,4,42.99629,-95.72026,Active,IA
60231,iowa_cafo_group_1628,4,43.41192,-95.40524,Active,IA
60232,iowa_cafo_group_0443,3,43.34195,-95.59525,Active,IA
60235,iowa_cafo_group_0443,3,43.3608,-95.65416,Active,IA
60236,iowa_cafo_group_0443,3,43.31723,-95.65965,Active,IA
60237,iowa_cafo_group_1629,4,42.89627,-94.98455,Active,IA
60238,iowa_cafo_group_1630,2,42.57645,-95.25022,Active,IA
60241,iowa_cafo_group_0446,3,42.73359,-95.25054,Active,IA
60242,iowa_cafo_group_1631,3,42.86442,-95.27217,Active,IA
60243,iowa_cafo_group_1630,2,42.58113,-95.27061,Active,IA
60244,iowa_cafo_group_0957,2,42.90789,-95.02561,Active,IA
60246,iowa_cafo_group_1284,4,42.60381,-95.28387,Active,IA
60248,iowa_cafo_group_1046,2,42.57552,-95.13526,Active,IA
60249,iowa_cafo_group_1632,4,42.56597,-95.31166,Active,IA
60250,iowa_cafo_group_0782,2,42.62178,-94.93418,Active,IA
60251,iowa_cafo_group_0445,4,42.61974,-95.30644,Active,IA
60252,iowa_cafo_group_1633,1,42.66315,-95.22423,Active,IA
60253,iowa_cafo_group_0449,4,43.25549,-94.77898,Active,IA
60260,iowa_cafo_group_0006,0,43.26001,-96.44499,Active,IA
60261,iowa_cafo_group_0006,0,43.31227,-96.31618,Active,IA
60262,iowa_cafo_group_0006,0,43.28522,-96.43097,Active,IA
60263,iowa_cafo_group_0006,0,43.28642,-96.38874,Active,IA
60264,iowa_cafo_group_0006,0,43.28806,-96.28725,Active,IA
60265,iowa_cafo_group_0006,0,43.27323,-96.38876,Active,IA
60270,iowa_cafo_group_0006,0,43.3463,-96.05408,Active,IA
60272,iowa_cafo_group_0006,0,43.37036,-95.862,Active,IA
60273,iowa_cafo_group_0006,0,43.43379,-96.25639,Active,IA
60275,iowa_cafo_group_0006,0,43.47665,-95.69103,Active,IA
60276,iowa_cafo_group_0443,3,43.34557,-95.59214,Active,IA
60280,iowa_cafo_group_0006,0,43.4716,-95.80804,Active,IA
60281,iowa_cafo_group_0200,2,43.35563,-95.42645,Active,IA
60282,iowa_cafo_group_0247,2,43.31443,-95.43304,Active,IA
60283,iowa_cafo_group_0669,2,42.76367,-95.38335,Active,IA
60285,iowa_cafo_group_0446,3,42.74626,-95.23743,Active,IA
60292,iowa_cafo_group_0998,2,42.69265,-95.51445,Active,IA
60293,iowa_cafo_group_0061,1,42.88034,-95.77883,Active,IA
60296,iowa_cafo_group_1634,1,42.65473,-95.38923,Active,IA
60299,iowa_cafo_group_0006,0,43.46449,-95.68985,Active,IA
60300,iowa_cafo_group_1635,4,42.56213,-95.77526,Active,IA
60301,iowa_cafo_group_0443,3,43.356,-95.58557,Active,IA
60304,iowa_cafo_group_0006,0,43.32027,-95.8239,Active,IA
60305,iowa_cafo_group_1636,2,42.35469,-95.91131,Active,IA
60308,iowa_cafo_group_0006,0,43.3299,-95.81596,Active,IA
60313,iowa_cafo_group_0669,2,42.7641,-95.39986,Active,IA
60315,iowa_cafo_group_1637,2,42.87674,-95.3986,Active,IA
60319,iowa_cafo_group_0604,2,43.19858,-95.28258,Active,IA
60320,iowa_cafo_group_1638,3,43.11347,-95.36677,Active,IA
60321,iowa_cafo_group_1639,2,43.22357,-95.34944,Active,IA
60324,iowa_cafo_group_0069,3,43.35538,-94.62129,Active,IA
60334,iowa_cafo_group_1640,0,43.0495,-95.41949,Active,IA
60335,iowa_cafo_group_0483,4,42.98655,-95.75728,Active,IA
60337,iowa_cafo_group_0878,1,42.98284,-95.85472,Active,IA
60338,iowa_cafo_group_0006,0,43.0901,-95.85669,Active,IA
60341,iowa_cafo_group_0989,1,43.19,-95.44,Active,IA
60342,iowa_cafo_group_0561,1,43.09956,-95.50016,Active,IA
60345,iowa_cafo_group_0872,1,43.06201,-94.54727,Active,IA
60348,iowa_cafo_group_1003,2,42.40923,-94.57171,Active,IA
60350,iowa_cafo_group_0016,2,42.38795,-94.80577,Active,IA
60351,iowa_cafo_group_1106,3,43.22718,-94.63453,Active,IA
60353,iowa_cafo_group_1056,4,43.00844,-94.87488,Active,IA
60355,iowa_cafo_group_0799,1,43.24182,-94.46416,Active,IA
60359,iowa_cafo_group_0872,1,43.06808,-94.49371,Active,IA
60360,iowa_cafo_group_0872,1,43.07417,-94.50062,Active,IA
60361,iowa_cafo_group_0872,1,43.06653,-94.47451,Active,IA
60363,iowa_cafo_group_0487,4,43.12507,-94.74409,Active,IA
60364,iowa_cafo_group_0809,4,43.07165,-94.65847,Active,IA
60365,iowa_cafo_group_1106,3,43.17399,-94.57767,Active,IA
60367,iowa_cafo_group_0760,1,43.1423,-94.49235,Active,IA
60371,iowa_cafo_group_0011,3,42.86106,-96.06501,Active,IA
60372,iowa_cafo_group_1641,0,42.61969,-95.88341,Active,IA
60374,iowa_cafo_group_0006,0,42.89105,-96.17202,Active,IA
60376,iowa_cafo_group_0140,2,42.80035,-96.46921,Active,IA
60377,iowa_cafo_group_1300,4,42.64857,-96.27024,Active,IA
60378,iowa_cafo_group_0931,1,42.67116,-96.23931,Active,IA
60380,iowa_cafo_group_0006,0,42.8887,-96.21242,Active,IA
60382,iowa_cafo_group_1642,4,42.70721,-96.31651,Active,IA
60384,iowa_cafo_group_0011,3,42.67917,-96.17845,Active,IA
60385,iowa_cafo_group_1300,4,42.63626,-96.2745,Active,IA
60391,iowa_cafo_group_1643,2,42.72542,-94.78235,Active,IA
60392,iowa_cafo_group_1644,2,42.59593,-94.68019,Active,IA
60394,iowa_cafo_group_0052,3,42.42339,-95.28297,Active,IA
60395,iowa_cafo_group_0056,1,42.31124,-95.1718,Active,IA
60396,iowa_cafo_group_0061,1,42.94375,-95.95644,Active,IA
60399,iowa_cafo_group_0006,0,43.13923,-95.86663,Active,IA
60400,iowa_cafo_group_0061,1,42.92269,-95.86985,Active,IA
60402,iowa_cafo_group_0006,0,43.02471,-96.16753,Active,IA
60403,iowa_cafo_group_0006,0,42.99285,-96.13663,Active,IA
60404,iowa_cafo_group_0006,0,43.07926,-96.17728,Active,IA
60405,iowa_cafo_group_0006,0,43.1403,-96.01474,Active,IA
60406,iowa_cafo_group_0006,0,42.96872,-96.19986,Active,IA
60408,iowa_cafo_group_0006,0,43.25133,-96.17866,Active,IA
60409,iowa_cafo_group_1645,1,42.47615,-95.12157,Active,IA
60412,iowa_cafo_group_1646,1,42.4167,-95.18364,Active,IA
60415,iowa_cafo_group_0006,0,43.22441,-96.33174,Active,IA
60416,iowa_cafo_group_0006,0,43.19368,-96.27408,Active,IA
60417,iowa_cafo_group_0006,0,43.19479,-96.26385,Active,IA
60418,iowa_cafo_group_0056,1,42.34044,-95.15559,Active,IA
60422,iowa_cafo_group_0006,0,43.18914,-96.27457,Active,IA
60425,iowa_cafo_group_0006,0,43.13048,-96.23563,Active,IA
60428,iowa_cafo_group_1647,1,42.87092,-96.20629,Active,IA
60429,iowa_cafo_group_1100,2,42.73531,-96.22435,Active,IA
60434,iowa_cafo_group_1648,0,42.5071,-95.78879,Active,IA
60435,iowa_cafo_group_0443,3,43.27389,-95.68602,Active,IA
60438,iowa_cafo_group_1649,3,40.84261,-91.29789,Active,IA
60439,iowa_cafo_group_1650,4,40.81152,-91.49877,Active,IA
60442,iowa_cafo_group_1651,3,41.58946,-92.62144,Active,IA
60444,iowa_cafo_group_1652,2,43.1551,-92.25397,Active,IA
60446,iowa_cafo_group_0992,2,42.18721,-93.27945,Active,IA
60447,iowa_cafo_group_1653,1,42.19562,-93.32255,Active,IA
60450,iowa_cafo_group_1654,3,41.93445,-92.55444,Active,IA
60451,iowa_cafo_group_1655,4,42.15287,-92.72358,Active,IA
60452,iowa_cafo_group_1656,0,42.04736,-92.68994,Active,IA
60458,iowa_cafo_group_1657,2,41.49966,-91.82713,Active,IA
60460,iowa_cafo_group_1658,2,41.62116,-90.89591,Active,IA
60467,iowa_cafo_group_1659,1,41.0884,-94.65974,Active,IA
60469,iowa_cafo_group_1034,2,41.70726,-94.80122,Active,IA
60473,iowa_cafo_group_1218,3,41.8128,-94.95869,Active,IA
60476,iowa_cafo_group_1660,3,41.11621,-91.24859,Active,IA
60478,iowa_cafo_group_1661,3,41.80186,-94.80364,Active,IA
60480,iowa_cafo_group_0940,1,41.66814,-94.8803,Active,IA
60483,iowa_cafo_group_0021,1,41.96365,-94.83751,Active,IA
60485,iowa_cafo_group_0161,3,41.9975,-94.81315,Active,IA
60486,iowa_cafo_group_0161,3,41.99386,-94.81598,Active,IA
60487,iowa_cafo_group_0150,3,42.07638,-95.02834,Active,IA
60488,iowa_cafo_group_1662,4,42.11906,-94.99407,Active,IA
60496,iowa_cafo_group_0761,4,43.09709,-94.35267,Active,IA
60497,iowa_cafo_group_0761,4,43.09654,-94.35591,Active,IA
60498,iowa_cafo_group_1663,3,42.33819,-93.52247,Active,IA
60502,iowa_cafo_group_0763,1,43.29595,-94.24705,Active,IA
60505,iowa_cafo_group_1258,2,43.06818,-93.7348,Active,IA
60509,iowa_cafo_group_0352,4,40.93856,-91.72063,Active,IA
60515,iowa_cafo_group_1577,3,42.70421,-93.63362,Active,IA
60520,iowa_cafo_group_1664,4,43.22439,-94.93771,Active,IA
60521,iowa_cafo_group_0006,0,42.9666,-96.42466,Active,IA
60522,iowa_cafo_group_1665,4,41.90535,-91.64721,Active,IA
60523,iowa_cafo_group_1666,1,42.54635,-91.24264,Active,IA
60525,iowa_cafo_group_1667,1,42.34904,-92.47468,Active,IA
60526,iowa_cafo_group_0686,2,42.38814,-92.37571,Active,IA
60527,iowa_cafo_group_0611,1,42.47515,-92.12288,Active,IA
60529,iowa_cafo_group_1668,2,42.49,-91.17,Active,IA
60531,iowa_cafo_group_0443,3,43.27079,-95.69725,Active,IA
60532,iowa_cafo_group_0006,0,42.85473,-96.17304,Active,IA
60533,iowa_cafo_group_0006,0,42.89568,-96.20947,Active,IA
60534,iowa_cafo_group_0061,1,42.90884,-96.04165,Active,IA
60536,iowa_cafo_group_0132,1,41.22698,-92.73128,Active,IA
60537,iowa_cafo_group_1669,2,41.48483,-93.4584,Active,IA
60539,iowa_cafo_group_0011,3,42.82442,-96.08002,Active,IA
60541,iowa_cafo_group_1670,1,43.00837,-92.82389,Active,IA
60543,iowa_cafo_group_1671,1,42.70074,-93.54716,Active,IA
60547,iowa_cafo_group_1672,4,41.01466,-93.69377,Active,IA
60550,iowa_cafo_group_1673,4,40.93443,-93.73406,Active,IA
60551,iowa_cafo_group_1674,4,41.08551,-93.92888,Active,IA
60554,iowa_cafo_group_1025,4,43.05284,-91.67727,Active,IA
60555,iowa_cafo_group_1564,2,42.02357,-95.10255,Active,IA
60556,iowa_cafo_group_0006,0,43.18411,-96.19649,Active,IA
60557,iowa_cafo_group_0694,4,42.10902,-92.88937,Active,IA
60559,iowa_cafo_group_0006,0,43.2011,-96.14242,Active,IA
60560,iowa_cafo_group_0800,1,43.35973,-94.52107,Active,IA
60563,iowa_cafo_group_0006,0,42.9835,-96.4217,Active,IA
60564,iowa_cafo_group_0006,0,43.04989,-96.25294,Active,IA
60565,iowa_cafo_group_0061,1,42.93935,-95.87165,Active,IA
60567,iowa_cafo_group_1215,0,42.76095,-94.33681,Active,IA
60568,iowa_cafo_group_0758,1,42.69315,-94.32662,Active,IA
60570,iowa_cafo_group_0202,1,42.63033,-91.79191,Active,IA
60573,iowa_cafo_group_1675,3,42.99,-93.0,Active,IA
60575,iowa_cafo_group_1676,1,42.89729,-94.38553,Active,IA
60577,iowa_cafo_group_1677,1,43.17776,-93.89244,Active,IA
60582,iowa_cafo_group_1678,0,41.20385,-95.49125,Active,IA
60583,iowa_cafo_group_0299,3,41.61027,-95.46009,Active,IA
60588,iowa_cafo_group_1679,0,42.9161,-94.18708,Active,IA
60592,iowa_cafo_group_1498,4,41.34216,-91.43044,Active,IA
60599,iowa_cafo_group_0068,2,42.36782,-95.25612,Active,IA
60601,iowa_cafo_group_0545,4,42.24179,-93.34748,Active,IA
60606,iowa_cafo_group_0749,4,42.40111,-93.51055,Active,IA
60607,iowa_cafo_group_0529,1,43.29219,-95.34749,Active,IA
60612,iowa_cafo_group_1680,4,41.62459,-94.24035,Active,IA
60613,iowa_cafo_group_0006,0,43.05546,-96.23553,Active,IA
60614,iowa_cafo_group_1516,2,42.0482,-92.50095,Active,IA
60615,iowa_cafo_group_1681,4,42.98821,-95.07496,Active,IA
60619,iowa_cafo_group_1682,0,41.66127,-95.0871,Active,IA
60624,iowa_cafo_group_0337,4,41.66823,-95.18738,Active,IA
60625,iowa_cafo_group_0621,3,42.02026,-94.63756,Active,IA
60634,iowa_cafo_group_1683,1,42.3818,-92.43458,Active,IA
60641,iowa_cafo_group_0006,0,43.36691,-95.72052,Active,IA
60643,iowa_cafo_group_0721,2,43.21022,-92.23665,Active,IA
60645,iowa_cafo_group_1684,1,42.57605,-93.52003,Active,IA
60646,iowa_cafo_group_0616,4,42.27767,-95.39957,Active,IA
60647,iowa_cafo_group_1685,3,43.11301,-91.73042,Active,IA
60650,iowa_cafo_group_0443,3,43.35244,-95.58552,Active,IA
60651,iowa_cafo_group_0443,3,43.36045,-95.60845,Active,IA
60652,iowa_cafo_group_1686,3,41.88493,-94.54192,Active,IA
60653,iowa_cafo_group_1225,1,42.59501,-91.19609,Active,IA
60654,iowa_cafo_group_0561,1,43.06158,-95.56938,Active,IA
60655,iowa_cafo_group_0006,0,42.89037,-96.35079,Active,IA
60659,iowa_cafo_group_1687,0,43.11441,-94.63792,Active,IA
60661,iowa_cafo_group_0754,1,42.23698,-93.52037,Active,IA
60662,iowa_cafo_group_0914,1,42.25331,-93.6995,Active,IA
60665,iowa_cafo_group_1688,2,41.38509,-91.48539,Active,IA
60666,iowa_cafo_group_1688,2,41.38509,-91.48539,Active,IA
60669,iowa_cafo_group_1689,4,42.94651,-93.71169,Active,IA
60670,iowa_cafo_group_1106,3,43.24134,-94.64607,Active,IA
60671,iowa_cafo_group_1690,1,40.92618,-93.3945,Active,IA
60673,iowa_cafo_group_1529,3,42.62974,-93.94486,Active,IA
60675,iowa_cafo_group_1577,3,42.65288,-93.66633,Active,IA
60680,iowa_cafo_group_1577,3,42.70344,-93.63977,Active,IA
60681,iowa_cafo_group_1579,2,42.64736,-93.56887,Active,IA
60682,iowa_cafo_group_1577,3,42.64614,-93.64544,Active,IA
60685,iowa_cafo_group_0887,3,42.84786,-93.72087,Active,IA
60686,iowa_cafo_group_1579,2,42.62432,-93.55942,Active,IA
60688,iowa_cafo_group_1671,1,42.70536,-93.56244,Active,IA
60689,iowa_cafo_group_1192,2,42.53034,-93.63077,Active,IA
60691,iowa_cafo_group_1691,3,42.33836,-93.74018,Active,IA
60693,iowa_cafo_group_1577,3,42.68695,-93.6326,Active,IA
60700,iowa_cafo_group_1579,2,42.63989,-93.59608,Active,IA
60702,iowa_cafo_group_1692,3,42.67228,-93.73661,Active,IA
60703,iowa_cafo_group_1576,0,42.84249,-93.85409,Active,IA
60706,iowa_cafo_group_0006,0,43.31501,-95.86941,Active,IA
60708,iowa_cafo_group_0616,4,42.26799,-95.37962,Active,IA
60711,iowa_cafo_group_0561,1,43.09818,-95.5366,Active,IA
60712,iowa_cafo_group_0443,3,43.2716,-95.76649,Active,IA
60713,iowa_cafo_group_1295,4,43.2676,-94.19648,Active,IA
60715,iowa_cafo_group_0166,1,43.31255,-95.16523,Active,IA
60721,iowa_cafo_group_1693,3,41.56389,-91.28743,Active,IA
60723,iowa_cafo_group_1694,1,43.09003,-93.50633,Active,IA
60724,iowa_cafo_group_0061,1,42.86481,-95.75886,Active,IA
60726,iowa_cafo_group_1695,1,43.08145,-93.91895,Active,IA
60729,iowa_cafo_group_1696,4,41.37296,-94.69155,Active,IA
60732,iowa_cafo_group_1697,0,42.46334,-91.32432,Active,IA
60735,iowa_cafo_group_0443,3,43.31176,-95.68304,Active,IA
60742,iowa_cafo_group_0974,2,42.12785,-94.62777,Active,IA
60743,iowa_cafo_group_0559,1,42.14985,-94.99695,Active,IA
60747,iowa_cafo_group_0864,2,40.64322,-92.40989,Active,IA
60751,iowa_cafo_group_1698,3,43.40109,-93.3699,Active,IA
60752,iowa_cafo_group_1699,4,40.96107,-94.39136,Active,IA
60755,iowa_cafo_group_0774,3,42.35162,-93.9029,Active,IA
60758,iowa_cafo_group_1700,3,42.98328,-95.57894,Active,IA
60760,iowa_cafo_group_0227,4,41.19348,-91.62114,Active,IA
60762,iowa_cafo_group_1701,3,40.93166,-91.91162,Active,IA
60763,iowa_cafo_group_1702,3,43.48411,-91.79895,Active,IA
60767,iowa_cafo_group_1703,4,41.73555,-92.57162,Active,IA
60768,iowa_cafo_group_0006,0,43.3613,-95.80218,Active,IA
60771,iowa_cafo_group_0758,1,42.68756,-94.30594,Active,IA
60772,iowa_cafo_group_0738,3,42.57973,-93.32953,Active,IA
60774,iowa_cafo_group_1704,1,41.21383,-94.98181,Active,IA
60775,iowa_cafo_group_1705,0,43.31763,-94.05519,Active,IA
60778,iowa_cafo_group_0006,0,43.14405,-96.08394,Active,IA
60779,iowa_cafo_group_0023,4,42.10076,-94.89864,Active,IA
60781,iowa_cafo_group_0872,1,42.95191,-94.37197,Active,IA
60786,iowa_cafo_group_1706,1,43.41555,-93.72172,Active,IA
60788,iowa_cafo_group_0603,1,42.3438,-93.81729,Active,IA
60789,iowa_cafo_group_1707,3,43.23255,-94.28731,Active,IA
60790,iowa_cafo_group_0603,1,42.36758,-93.80813,Active,IA
60791,iowa_cafo_group_1708,0,41.66352,-94.76499,Active,IA
60792,iowa_cafo_group_0769,3,42.30469,-94.01036,Active,IA
60793,iowa_cafo_group_0592,1,42.9543,-95.82999,Active,IA
60794,iowa_cafo_group_1709,0,42.26447,-94.64741,Active,IA
60796,iowa_cafo_group_1710,2,43.3984,-94.79476,Active,IA
60797,iowa_cafo_group_1711,2,42.21827,-91.6353,Active,IA
60799,iowa_cafo_group_1712,3,40.67945,-92.33839,Active,IA
60805,iowa_cafo_group_0420,4,42.97837,-92.23034,Active,IA
60808,iowa_cafo_group_1713,1,42.69479,-93.93238,Active,IA
60809,iowa_cafo_group_0799,1,43.25238,-94.45555,Active,IA
60815,iowa_cafo_group_0847,4,40.67787,-93.73504,Active,IA
60816,iowa_cafo_group_0847,4,40.66019,-93.73593,Active,IA
60817,iowa_cafo_group_1041,3,43.40942,-94.5794,Active,IA
60818,iowa_cafo_group_0087,3,42.99617,-94.70602,Active,IA
60819,iowa_cafo_group_0224,2,42.99431,-94.77062,Active,IA
60820,iowa_cafo_group_1714,4,43.35579,-93.64994,Active,IA
60821,iowa_cafo_group_1715,3,42.80625,-94.81202,Active,IA
60827,iowa_cafo_group_0754,1,42.24143,-93.55612,Active,IA
60828,iowa_cafo_group_0754,1,42.24443,-93.56132,Active,IA
60829,iowa_cafo_group_0754,1,42.23642,-93.5124,Active,IA
60831,iowa_cafo_group_0006,0,43.31129,-96.13627,Active,IA
60832,iowa_cafo_group_0086,2,43.0511,-92.20221,Active,IA
60833,iowa_cafo_group_0966,3,42.01502,-94.03547,Active,IA
60835,iowa_cafo_group_1627,4,42.35125,-93.77764,Active,IA
60837,iowa_cafo_group_0754,1,42.26786,-93.51418,Active,IA
60838,iowa_cafo_group_0754,1,42.23767,-93.54749,Active,IA
60839,iowa_cafo_group_1716,1,41.1016,-91.13767,Active,IA
60840,iowa_cafo_group_0175,2,42.51945,-95.5805,Active,IA
60842,iowa_cafo_group_0754,1,42.25911,-93.54155,Active,IA
60843,iowa_cafo_group_0754,1,42.2667,-93.55307,Active,IA
60846,iowa_cafo_group_0635,4,42.96803,-91.85954,Active,IA
60848,iowa_cafo_group_1579,2,42.6196,-93.55994,Active,IA
60851,iowa_cafo_group_0754,1,42.25,-93.51,Active,IA
60852,iowa_cafo_group_0739,1,42.55592,-93.09857,Active,IA
60853,iowa_cafo_group_1209,4,42.53704,-93.21281,Active,IA
60854,iowa_cafo_group_0603,1,42.37,-93.79,Active,IA
60855,iowa_cafo_group_0531,1,43.04646,-94.71485,Active,IA
60856,iowa_cafo_group_0739,1,42.54031,-93.09736,Active,IA
60859,iowa_cafo_group_1336,2,41.0327,-94.01204,Active,IA
60860,iowa_cafo_group_1717,2,43.11257,-94.53364,Active,IA
60861,iowa_cafo_group_1717,2,43.10382,-94.53242,Active,IA
60862,iowa_cafo_group_1717,2,43.09817,-94.53243,Active,IA
60863,iowa_cafo_group_1336,2,41.04425,-94.00754,Active,IA
60865,iowa_cafo_group_1074,2,43.46705,-92.55484,Active,IA
60868,iowa_cafo_group_1718,1,42.41102,-93.10904,Active,IA
60871,iowa_cafo_group_0545,4,42.38604,-93.29186,Active,IA
60872,iowa_cafo_group_1335,1,42.34001,-93.24765,Active,IA
60875,iowa_cafo_group_0781,1,42.82496,-93.78765,Active,IA
60878,iowa_cafo_group_0545,4,42.36995,-93.39201,Active,IA
60879,iowa_cafo_group_0229,3,42.38351,-95.10719,Active,IA
60880,iowa_cafo_group_1376,1,43.46459,-92.83494,Active,IA
60883,iowa_cafo_group_0942,2,42.79144,-93.91323,Active,IA
60884,iowa_cafo_group_0603,1,42.31684,-93.71615,Active,IA
60890,iowa_cafo_group_1719,1,42.80914,-93.65076,Active,IA
60891,iowa_cafo_group_1720,3,40.85296,-94.27444,Active,IA
60896,iowa_cafo_group_0754,1,42.28078,-93.5364,Active,IA
60897,iowa_cafo_group_0739,1,42.54944,-93.17947,Active,IA
60898,iowa_cafo_group_1209,4,42.53539,-93.22408,Active,IA
60899,iowa_cafo_group_0720,4,43.42183,-92.394,Active,IA
60900,iowa_cafo_group_0720,4,43.41602,-92.4234,Active,IA
60901,iowa_cafo_group_1721,2,43.4604,-92.4871,Active,IA
60902,iowa_cafo_group_0755,4,42.55355,-93.51713,Active,IA
60906,iowa_cafo_group_0229,3,42.37383,-95.09355,Active,IA
60908,iowa_cafo_group_0332,4,42.36979,-93.65189,Active,IA
60912,iowa_cafo_group_0443,3,43.21629,-95.79547,Active,IA
60913,iowa_cafo_group_1377,4,43.12517,-93.92044,Active,IA
60914,iowa_cafo_group_0782,2,42.66126,-95.02896,Active,IA
60917,iowa_cafo_group_1722,4,43.1046,-94.92448,Active,IA
60920,iowa_cafo_group_0799,1,43.29935,-94.43239,Active,IA
60922,iowa_cafo_group_0914,1,42.26764,-93.66973,Active,IA
60924,iowa_cafo_group_0749,4,42.41171,-93.51054,Active,IA
60925,iowa_cafo_group_0760,1,43.12582,-94.47335,Active,IA
60927,iowa_cafo_group_1723,0,43.42325,-94.79041,Active,IA
60928,iowa_cafo_group_1724,1,42.74214,-91.68438,Active,IA
60931,iowa_cafo_group_1725,1,43.43772,-92.90464,Active,IA
60932,iowa_cafo_group_1726,3,40.7087,-94.50162,Active,IA
60933,iowa_cafo_group_0242,1,41.4953,-92.98557,Active,IA
60937,iowa_cafo_group_1661,3,41.82782,-94.78184,Active,IA
60939,iowa_cafo_group_1727,3,41.98126,-94.67488,Active,IA
60940,iowa_cafo_group_1728,4,41.15889,-92.08436,Active,IA
60942,iowa_cafo_group_1100,2,42.74478,-96.24716,Active,IA
60943,iowa_cafo_group_1729,3,43.19051,-91.35873,Active,IA
60950,iowa_cafo_group_0015,4,42.26609,-94.92047,Active,IA
60952,iowa_cafo_group_0738,3,42.61834,-93.36351,Active,IA
60954,iowa_cafo_group_1730,0,43.24223,-94.20386,Active,IA
60956,iowa_cafo_group_0561,1,43.09227,-95.56281,Active,IA
60957,iowa_cafo_group_1731,3,41.67985,-94.94332,Active,IA
60959,iowa_cafo_group_0760,1,43.1352,-94.47606,Active,IA
60960,iowa_cafo_group_1732,3,40.84081,-94.47915,Active,IA
60961,iowa_cafo_group_1579,2,42.62907,-93.56053,Active,IA
60962,iowa_cafo_group_0483,4,43.02906,-95.81286,Active,IA
60963,iowa_cafo_group_1733,3,42.83511,-94.24765,Active,IA
60964,iowa_cafo_group_0006,0,43.35095,-95.78073,Active,IA
60965,iowa_cafo_group_1220,3,41.1788,-91.45218,Active,IA
60966,iowa_cafo_group_1609,4,41.47486,-92.01467,Active,IA
60969,iowa_cafo_group_1734,2,41.53508,-95.85655,Active,IA
60971,iowa_cafo_group_0872,1,43.05569,-94.44355,Active,IA
60973,iowa_cafo_group_0332,4,42.39889,-93.65769,Active,IA
60974,iowa_cafo_group_0006,0,42.95401,-96.32579,Active,IA
60976,iowa_cafo_group_0771,4,42.42644,-93.90266,Active,IA
60980,iowa_cafo_group_1735,0,42.21019,-94.62702,Active,IA
60988,iowa_cafo_group_1036,1,42.68302,-95.46345,Active,IA
60990,iowa_cafo_group_1218,3,41.81926,-94.92933,Active,IA
60992,iowa_cafo_group_0011,3,42.7342,-96.13294,Active,IA
60993,iowa_cafo_group_0006,0,43.39673,-95.92315,Active,IA
60994,iowa_cafo_group_1736,4,43.19521,-91.85621,Active,IA
60997,iowa_cafo_group_1737,3,42.85461,-96.43063,Active,IA
61000,iowa_cafo_group_1738,4,40.57347,-94.27887,Active,IA
61001,iowa_cafo_group_1739,2,41.84722,-94.71604,Active,IA
61006,iowa_cafo_group_1377,4,43.13,-93.93,Active,IA
61007,iowa_cafo_group_0589,4,41.02701,-92.63495,Active,IA
61009,iowa_cafo_group_0771,4,42.39399,-93.89505,Active,IA
61010,iowa_cafo_group_0148,4,41.92,-92.99,Active,IA
61011,iowa_cafo_group_1452,4,42.27574,-94.78003,Active,IA
61013,iowa_cafo_group_1626,2,42.92166,-93.8825,Active,IA
61014,iowa_cafo_group_1740,4,41.53521,-92.17231,Active,IA
61016,iowa_cafo_group_1741,4,42.15293,-93.20563,Active,IA
61017,iowa_cafo_group_1742,2,41.8473,-92.96226,Active,IA
61020,iowa_cafo_group_1743,3,43.00768,-94.03118,Active,IA
61021,iowa_cafo_group_0006,0,43.04756,-96.27106,Active,IA
61022,iowa_cafo_group_1626,2,42.90957,-93.90831,Active,IA
61030,iowa_cafo_group_1473,1,42.9135,-94.26563,Active,IA
61032,iowa_cafo_group_0872,1,43.08328,-94.50747,Active,IA
61033,iowa_cafo_group_0006,0,42.92535,-96.42929,Active,IA
61035,iowa_cafo_group_0006,0,43.01338,-95.9443,Active,IA
61041,iowa_cafo_group_0872,1,43.00893,-94.38455,Active,IA
61049,iowa_cafo_group_1097,2,42.95087,-94.27562,Active,IA
61052,iowa_cafo_group_0200,2,43.39578,-95.48978,Active,IA
61054,iowa_cafo_group_1744,4,43.0619,-94.02935,Active,IA
61056,iowa_cafo_group_0749,4,42.41211,-93.51726,Active,IA
61059,iowa_cafo_group_0965,4,42.2251,-95.05416,Active,IA
61060,iowa_cafo_group_1218,3,41.79858,-94.95557,Active,IA
61061,iowa_cafo_group_1745,3,41.65423,-95.23676,Active,IA
61062,iowa_cafo_group_0337,4,41.63636,-95.21875,Active,IA
61063,iowa_cafo_group_1380,2,42.81,-94.36,Active,IA
61067,iowa_cafo_group_0006,0,43.06729,-95.98648,Active,IA
61069,iowa_cafo_group_1746,4,43.35773,-93.92297,Active,IA
61070,iowa_cafo_group_0006,0,43.04189,-96.35546,Active,IA
61073,iowa_cafo_group_1747,2,41.24534,-91.22898,Active,IA
61075,iowa_cafo_group_0976,4,41.93563,-94.70049,Active,IA
61082,iowa_cafo_group_1657,2,41.52203,-91.86223,Active,IA
61083,iowa_cafo_group_1748,2,40.98442,-92.86381,Active,IA
61084,iowa_cafo_group_1749,0,40.94544,-94.42214,Active,IA
61087,iowa_cafo_group_1251,2,42.26823,-93.86397,Active,IA
61089,iowa_cafo_group_0006,0,43.05535,-96.0001,Active,IA
61095,iowa_cafo_group_1750,2,41.51424,-91.45535,Active,IA
61098,iowa_cafo_group_1751,0,42.61384,-92.01211,Active,IA
61099,iowa_cafo_group_0006,0,42.97688,-96.38944,Active,IA
61100,iowa_cafo_group_1752,1,42.32419,-94.61994,Active,IA
61101,iowa_cafo_group_0011,3,42.81279,-96.07483,Active,IA
61102,iowa_cafo_group_1753,2,42.4065,-92.33393,Active,IA
61105,iowa_cafo_group_0545,4,42.4542,-93.32064,Active,IA
61106,iowa_cafo_group_1086,4,43.03573,-95.62563,Active,IA
61108,iowa_cafo_group_1754,4,43.4803,-92.74113,Active,IA
61109,iowa_cafo_group_1755,4,43.20229,-91.45251,Active,IA
61110,iowa_cafo_group_1581,4,43.32815,-94.36817,Active,IA
61111,iowa_cafo_group_1756,2,43.15597,-92.97406,Active,IA
61112,iowa_cafo_group_1757,3,42.64403,-94.20642,Active,IA
61113,iowa_cafo_group_1758,0,41.09038,-94.25828,Active,IA
61117,iowa_cafo_group_0443,3,43.2854,-95.58598,Active,IA
61118,iowa_cafo_group_1431,1,43.34279,-93.73683,Active,IA
61119,iowa_cafo_group_0754,1,42.24515,-93.54191,Active,IA
61120,iowa_cafo_group_1759,3,42.70236,-94.77775,Active,IA
61122,iowa_cafo_group_0006,0,43.28618,-96.41449,Active,IA
61124,iowa_cafo_group_0749,4,42.41775,-93.50054,Active,IA
61126,iowa_cafo_group_0443,3,43.35834,-95.66211,Active,IA
61127,iowa_cafo_group_1760,2,42.58934,-96.05004,Active,IA
61128,iowa_cafo_group_1761,1,41.69831,-94.11799,Active,IA
61129,iowa_cafo_group_1762,3,42.82366,-95.13176,Active,IA
61130,iowa_cafo_group_0027,1,41.86817,-94.89914,Active,IA
61133,iowa_cafo_group_0483,4,42.92165,-95.68482,Active,IA
61135,iowa_cafo_group_1763,3,42.45695,-93.87832,Active,IA
61140,iowa_cafo_group_0132,1,41.22012,-92.71542,Active,IA
61141,iowa_cafo_group_1764,2,41.52684,-91.24987,Active,IA
61142,iowa_cafo_group_1369,2,42.37755,-92.12517,Active,IA
61144,iowa_cafo_group_0755,4,42.4863,-93.43484,Active,IA
61145,iowa_cafo_group_1765,0,42.68783,-92.04418,Active,IA
61147,iowa_cafo_group_1766,1,41.91371,-93.92093,Active,IA
61148,iowa_cafo_group_1767,3,43.4148,-94.0443,Active,IA
61149,iowa_cafo_group_1768,4,41.20069,-95.565,Active,IA
61158,iowa_cafo_group_0576,4,42.74205,-91.86506,Active,IA
61159,iowa_cafo_group_0584,4,42.73464,-96.50487,Active,IA
61163,iowa_cafo_group_1769,3,41.69573,-94.52205,Active,IA
61165,iowa_cafo_group_1770,2,41.49756,-94.37711,Active,IA
61166,iowa_cafo_group_1771,3,42.84172,-92.85169,Active,IA
61167,iowa_cafo_group_1772,0,43.10553,-94.03116,Active,IA
61171,iowa_cafo_group_1192,2,42.51525,-93.66096,Active,IA
61175,iowa_cafo_group_1727,3,41.95616,-94.68505,Active,IA
61176,iowa_cafo_group_1773,4,41.72826,-94.64617,Active,IA
61177,iowa_cafo_group_0758,1,42.70156,-94.29881,Active,IA
61178,iowa_cafo_group_0278,2,43.49373,-94.30696,Active,IA
61182,iowa_cafo_group_1144,4,43.18493,-92.11286,Active,IA
61183,iowa_cafo_group_1743,3,42.99564,-94.02088,Active,IA
61184,iowa_cafo_group_0006,0,43.36133,-95.74882,Active,IA
61185,iowa_cafo_group_1579,2,42.60324,-93.60476,Active,IA
61186,iowa_cafo_group_0006,0,43.40623,-95.94092,Active,IA
61191,iowa_cafo_group_1774,1,41.55789,-94.66395,Active,IA
61192,iowa_cafo_group_1775,3,41.20288,-94.742,Active,IA
61193,iowa_cafo_group_1776,2,42.59563,-93.94223,Active,IA
61198,iowa_cafo_group_1777,4,42.57747,-94.38444,Active,IA
61200,iowa_cafo_group_1332,4,42.29091,-94.12506,Active,IA
61202,iowa_cafo_group_1778,4,43.32149,-93.68863,Active,IA
61203,iowa_cafo_group_1761,1,41.69977,-94.12114,Active,IA
61206,iowa_cafo_group_1779,3,41.98018,-95.64027,Active,IA
61208,iowa_cafo_group_1075,1,43.41432,-92.33731,Active,IA
61209,iowa_cafo_group_1780,1,41.88987,-92.067,Active,IA
61210,iowa_cafo_group_0200,2,43.34875,-95.44648,Active,IA
61213,iowa_cafo_group_1781,0,42.21859,-92.5663,Active,IA
61214,iowa_cafo_group_1782,1,40.78119,-94.28269,Active,IA
61219,iowa_cafo_group_1776,2,42.60224,-93.93252,Active,IA
61220,iowa_cafo_group_0944,2,42.35459,-94.75991,Active,IA
61223,iowa_cafo_group_0182,4,41.24966,-92.77987,Active,IA
61229,iowa_cafo_group_1376,1,43.46284,-92.84636,Active,IA
61232,iowa_cafo_group_0872,1,43.07502,-94.46366,Active,IA
61239,iowa_cafo_group_1612,4,40.95251,-92.14646,Active,IA
61240,iowa_cafo_group_1776,2,42.61647,-93.92711,Active,IA
61244,iowa_cafo_group_1290,4,42.64152,-96.01785,Active,IA
61255,iowa_cafo_group_1783,2,43.42486,-94.74104,Active,IA
61257,iowa_cafo_group_1397,4,41.26434,-91.81431,Active,IA
61261,iowa_cafo_group_0006,0,43.38825,-95.86441,Active,IA
61263,iowa_cafo_group_0761,4,43.08345,-94.3809,Active,IA
61265,iowa_cafo_group_1784,2,42.33083,-94.2044,Active,IA
61268,iowa_cafo_group_0061,1,42.92025,-96.09465,Active,IA
61271,iowa_cafo_group_1785,3,41.34698,-94.15989,Active,IA
61272,iowa_cafo_group_0749,4,42.41174,-93.53001,Active,IA
61274,iowa_cafo_group_1786,1,42.64758,-95.73419,Active,IA
61278,iowa_cafo_group_0099,2,42.92459,-94.77818,Active,IA
61280,iowa_cafo_group_1787,3,42.17699,-93.58503,Active,IA
61282,iowa_cafo_group_0006,0,43.11989,-96.13347,Active,IA
61283,iowa_cafo_group_1788,1,42.53369,-91.6899,Active,IA
61284,iowa_cafo_group_1009,3,42.86837,-91.25124,Active,IA
61285,iowa_cafo_group_1789,4,43.47725,-91.70759,Active,IA
61286,iowa_cafo_group_1642,4,42.69247,-96.27246,Active,IA
61287,iowa_cafo_group_0754,1,42.29542,-93.56406,Active,IA
61288,iowa_cafo_group_1790,3,42.52749,-91.79026,Active,IA
61290,iowa_cafo_group_0006,0,43.04576,-96.13601,Active,IA
61292,iowa_cafo_group_1791,2,41.03,-94.91,Active,IA
61294,iowa_cafo_group_1792,4,41.61946,-92.16987,Active,IA
61295,iowa_cafo_group_1793,2,41.03103,-95.47076,Active,IA
61297,iowa_cafo_group_1794,0,43.12829,-95.42298,Active,IA
61300,iowa_cafo_group_1795,1,41.25823,-95.2748,Active,IA
61303,iowa_cafo_group_1796,0,40.91,-93.99,Active,IA
61304,iowa_cafo_group_0006,0,43.41883,-96.2009,Active,IA
61310,iowa_cafo_group_1797,3,41.53321,-94.96576,Active,IA
61311,iowa_cafo_group_0006,0,43.14938,-96.11917,Active,IA
61316,iowa_cafo_group_1798,3,42.53373,-91.38972,Active,IA
61317,iowa_cafo_group_0782,2,42.70935,-94.95125,Active,IA
61318,iowa_cafo_group_0536,2,42.55691,-91.70571,Active,IA
61319,iowa_cafo_group_1799,1,43.04862,-93.02496,Active,IA
61320,iowa_cafo_group_0127,2,41.33816,-91.8833,Active,IA
61321,iowa_cafo_group_1800,3,42.82143,-94.54487,Active,IA
61323,iowa_cafo_group_1801,4,43.31493,-96.50394,Active,IA
61324,iowa_cafo_group_0496,1,42.80191,-94.47347,Active,IA
61325,iowa_cafo_group_1088,4,42.94902,-92.05781,Active,IA
61326,iowa_cafo_group_0817,3,42.4872,-95.99545,Active,IA
61327,iowa_cafo_group_0695,4,41.71147,-94.8976,Active,IA
61328,iowa_cafo_group_0695,4,41.70386,-94.90002,Active,IA
61329,iowa_cafo_group_1802,3,43.38741,-91.43305,Active,IA
61331,iowa_cafo_group_0061,1,42.94191,-96.03845,Active,IA
61332,iowa_cafo_group_0179,2,42.96626,-96.04044,Active,IA
61333,iowa_cafo_group_0043,1,41.90381,-95.554,Active,IA
61334,iowa_cafo_group_1803,3,43.20716,-94.07386,Active,IA
61336,iowa_cafo_group_1804,3,42.31992,-92.39541,Active,IA
61337,iowa_cafo_group_0384,4,42.08493,-95.43868,Active,IA
61338,iowa_cafo_group_0383,1,42.32602,-90.97717,Active,IA
61340,iowa_cafo_group_1805,4,41.65246,-94.37733,Active,IA
61341,iowa_cafo_group_1806,3,43.12688,-93.04973,Active,IA
61342,iowa_cafo_group_0018,2,42.11618,-94.72438,Active,IA
61343,iowa_cafo_group_0872,1,43.03926,-94.53157,Active,IA
61344,iowa_cafo_group_1807,4,43.42402,-94.10983,Active,IA
61345,iowa_cafo_group_1536,3,43.27029,-94.26111,Active,IA
61346,iowa_cafo_group_1668,2,42.487,-91.2252,Active,IA
61349,iowa_cafo_group_0175,2,42.54207,-95.58498,Active,IA
61350,iowa_cafo_group_1808,2,41.89937,-93.24088,Active,IA
61351,iowa_cafo_group_0006,0,43.33686,-96.32794,Active,IA
61352,iowa_cafo_group_0998,2,42.66925,-95.50446,Active,IA
61355,iowa_cafo_group_1809,2,42.19713,-95.14307,Active,IA
61357,iowa_cafo_group_1810,1,42.09076,-95.68661,Active,IA
61359,iowa_cafo_group_0159,1,41.95388,-90.31365,Active,IA
61360,iowa_cafo_group_0159,1,41.9513,-90.29768,Active,IA
61361,iowa_cafo_group_0136,2,42.22142,-91.04391,Active,IA
61362,iowa_cafo_group_1811,3,42.60198,-90.85515,Active,IA
61363,iowa_cafo_group_0006,0,43.01282,-96.20029,Active,IA
61364,iowa_cafo_group_1812,2,42.52245,-91.31026,Active,IA
61365,iowa_cafo_group_0011,3,42.69023,-96.14189,Active,IA
61368,iowa_cafo_group_1813,2,42.5632,-91.60808,Active,IA
61369,iowa_cafo_group_1814,3,43.40639,-94.12987,Active,IA
61370,iowa_cafo_group_1815,2,43.08244,-93.67704,Active,IA
61371,iowa_cafo_group_1816,2,42.74159,-92.90268,Active,IA
61372,iowa_cafo_group_0799,1,43.23801,-94.46301,Active,IA
61373,iowa_cafo_group_1817,1,43.12567,-93.63479,Active,IA
61374,iowa_cafo_group_1818,4,40.7114,-92.40016,Active,IA
61375,iowa_cafo_group_0011,3,42.83952,-96.05507,Active,IA
61376,iowa_cafo_group_0127,2,41.36754,-91.88906,Active,IA
61377,iowa_cafo_group_1813,2,42.57174,-91.60797,Active,IA
61378,iowa_cafo_group_0393,2,41.51123,-91.77205,Active,IA
61379,iowa_cafo_group_1819,3,42.10807,-94.22808,Active,IA
61380,iowa_cafo_group_1820,0,41.62749,-92.93101,Active,IA
61381,iowa_cafo_group_0006,0,43.17062,-96.22622,Active,IA
61383,iowa_cafo_group_1106,3,43.16968,-94.55194,Active,IA
61384,iowa_cafo_group_0006,0,43.05915,-95.79911,Active,IA
61385,iowa_cafo_group_0157,4,42.5783,-96.06936,Active,IA
61386,iowa_cafo_group_0459,2,42.55674,-91.12538,Active,IA
61387,iowa_cafo_group_0719,2,43.28242,-92.55516,Active,IA
61388,iowa_cafo_group_1821,2,42.50539,-96.23976,Active,IA
61389,iowa_cafo_group_1822,1,42.42132,-91.32335,Active,IA
61390,iowa_cafo_group_1291,1,42.72253,-95.94218,Active,IA
61391,iowa_cafo_group_0872,1,42.97961,-94.41749,Active,IA
61392,iowa_cafo_group_1338,1,41.32478,-92.77727,Active,IA
61393,iowa_cafo_group_0006,0,43.20228,-96.44725,Active,IA
61394,iowa_cafo_group_0006,0,43.34579,-96.15075,Active,IA
61395,iowa_cafo_group_1823,4,42.93032,-91.31071,Active,IA
61396,iowa_cafo_group_0006,0,43.34205,-96.36809,Active,IA
61397,iowa_cafo_group_1009,3,42.92658,-91.26807,Active,IA
61398,iowa_cafo_group_1504,1,42.37483,-91.67528,Active,IA
61399,iowa_cafo_group_1824,1,42.83207,-92.79935,Active,IA
61400,iowa_cafo_group_1825,3,43.42867,-94.24835,Active,IA
61401,iowa_cafo_group_1826,2,41.03202,-91.81998,Active,IA
61403,iowa_cafo_group_1827,4,42.75216,-93.02687,Active,IA
61404,iowa_cafo_group_0483,4,42.99385,-95.76145,Active,IA
61405,iowa_cafo_group_0738,3,42.56538,-93.37985,Active,IA
61406,iowa_cafo_group_1828,2,42.38889,-91.98521,Active,IA
61407,iowa_cafo_group_1829,4,42.07154,-92.99222,Active,IA
61408,iowa_cafo_group_1385,1,42.29536,-94.07811,Active,IA
61409,iowa_cafo_group_0006,0,43.41662,-96.25177,Active,IA
61410,iowa_cafo_group_1830,3,43.2287,-92.31337,Active,IA
61411,iowa_cafo_group_1831,1,41.88918,-90.70514,Active,IA
61414,iowa_cafo_group_0347,4,41.97897,-92.03667,Active,IA
61415,iowa_cafo_group_0224,2,43.01,-94.77,Active,IA
61416,iowa_cafo_group_1100,2,42.77814,-96.27124,Active,IA
61417,iowa_cafo_group_1813,2,42.572,-91.618,Active,IA
61418,iowa_cafo_group_1832,1,43.27047,-93.78225,Active,IA
61419,iowa_cafo_group_0006,0,42.89152,-96.26213,Active,IA
61420,iowa_cafo_group_0755,4,42.57117,-93.46535,Active,IA
61421,iowa_cafo_group_0755,4,42.50407,-93.4706,Active,IA
61423,iowa_cafo_group_0755,4,42.51317,-93.49175,Active,IA
61425,iowa_cafo_group_0755,4,42.52013,-93.49822,Active,IA
61427,iowa_cafo_group_0972,4,42.97222,-92.80403,Active,IA
61428,iowa_cafo_group_0015,4,42.27166,-94.91595,Active,IA
61429,iowa_cafo_group_1811,3,42.60696,-90.83222,Active,IA
61430,iowa_cafo_group_0006,0,43.4431,-96.52397,Active,IA
61431,iowa_cafo_group_0015,4,42.26336,-94.91341,Active,IA
61432,iowa_cafo_group_1047,1,43.37553,-94.12959,Active,IA
61434,iowa_cafo_group_1833,1,41.06701,-94.60158,Active,IA
61435,iowa_cafo_group_0227,4,41.18489,-91.49875,Active,IA
61436,iowa_cafo_group_1253,2,41.35799,-92.67947,Active,IA
61439,iowa_cafo_group_1834,4,41.77637,-95.13545,Active,IA
61440,iowa_cafo_group_0638,2,41.86199,-94.8001,Active,IA
61443,iowa_cafo_group_0936,2,42.89719,-93.42239,Active,IA
61447,iowa_cafo_group_1835,4,42.63639,-91.60457,Active,IA
61448,iowa_cafo_group_0006,0,43.08449,-96.28657,Active,IA
61450,iowa_cafo_group_1836,3,43.27778,-95.46991,Active,IA
61452,iowa_cafo_group_0006,0,42.97742,-96.25251,Active,IA
61453,iowa_cafo_group_0183,2,43.26878,-94.33545,Active,IA
61454,iowa_cafo_group_0006,0,42.98304,-96.13034,Active,IA
61456,iowa_cafo_group_0006,0,43.06975,-96.23634,Active,IA
61457,iowa_cafo_group_0749,4,42.39026,-93.48336,Active,IA
61458,iowa_cafo_group_1837,2,43.18377,-94.33817,Active,IA
61459,iowa_cafo_group_0741,3,42.83481,-93.16145,Active,IA
61461,iowa_cafo_group_0006,0,43.37558,-96.10558,Active,IA
61462,iowa_cafo_group_0006,0,43.47654,-95.78853,Active,IA
61463,iowa_cafo_group_0006,0,43.03101,-96.09875,Active,IA
61464,iowa_cafo_group_0961,2,42.86028,-94.73881,Active,IA
61465,iowa_cafo_group_1838,2,42.83745,-95.85959,Active,IA
61466,iowa_cafo_group_1391,1,43.29925,-93.72688,Active,IA
61467,iowa_cafo_group_1839,1,40.71076,-92.45302,Active,IA
61468,iowa_cafo_group_0460,4,42.43332,-91.23769,Active,IA
61469,iowa_cafo_group_1840,4,42.9958,-94.33377,Active,IA
61470,iowa_cafo_group_0753,4,43.04748,-93.8146,Active,IA
61471,iowa_cafo_group_1707,3,43.24722,-94.28486,Active,IA
61472,iowa_cafo_group_0068,2,42.40041,-95.19656,Active,IA
61473,iowa_cafo_group_1841,4,43.31165,-95.96162,Active,IA
61474,iowa_cafo_group_1842,4,42.50195,-94.66495,Active,IA
61475,iowa_cafo_group_1843,3,42.13347,-90.29939,Active,IA
61476,iowa_cafo_group_0015,4,42.2107,-94.93547,Active,IA
61477,iowa_cafo_group_1844,3,42.66096,-92.09994,Active,IA
61479,iowa_cafo_group_0755,4,42.52987,-93.43263,Active,IA
61480,iowa_cafo_group_0755,4,42.54272,-93.43882,Active,IA
61482,iowa_cafo_group_1845,0,42.9502,-93.12222,Active,IA
61483,iowa_cafo_group_1442,2,43.21168,-92.64312,Active,IA
61484,iowa_cafo_group_1442,2,43.18461,-92.55898,Active,IA
61485,iowa_cafo_group_1846,2,43.10583,-92.78287,Active,IA
61486,iowa_cafo_group_0545,4,42.43341,-93.38658,Active,IA
61487,iowa_cafo_group_1442,2,43.19035,-92.57532,Active,IA
61488,iowa_cafo_group_1847,0,43.02396,-92.5389,Active,IA
61490,iowa_cafo_group_0127,2,41.36617,-91.76799,Active,IA
61491,iowa_cafo_group_1848,0,41.27944,-91.72264,Active,IA
61492,iowa_cafo_group_1849,4,42.67784,-95.25497,Active,IA
61494,iowa_cafo_group_1694,1,43.0759,-93.49897,Active,IA
61495,iowa_cafo_group_0983,4,42.08855,-94.38306,Active,IA
61497,iowa_cafo_group_0782,2,42.54674,-94.96079,Active,IA
61499,iowa_cafo_group_0211,3,41.0169,-91.87063,Active,IA
61502,iowa_cafo_group_0782,2,42.73206,-95.05211,Active,IA
61503,iowa_cafo_group_0112,1,42.8226,-94.96846,Active,IA
61504,iowa_cafo_group_1850,3,42.74119,-95.07359,Active,IA
61505,iowa_cafo_group_1851,4,42.84405,-94.93228,Active,IA
61506,iowa_cafo_group_0127,2,41.40913,-91.80145,Active,IA
61507,iowa_cafo_group_1852,2,42.55016,-91.81168,Active,IA
61508,iowa_cafo_group_1853,1,43.49758,-95.6422,Active,IA
61509,iowa_cafo_group_1396,2,41.11356,-91.88096,Active,IA
61510,iowa_cafo_group_0006,0,43.25673,-96.12867,Active,IA
61514,iowa_cafo_group_0890,4,43.48047,-95.32777,Active,IA
61515,iowa_cafo_group_0758,1,42.70181,-94.33627,Active,IA
61516,iowa_cafo_group_0755,4,42.50077,-93.44386,Active,IA
61517,iowa_cafo_group_1854,1,42.28248,-93.10497,Active,IA
61518,iowa_cafo_group_0755,4,42.48158,-93.49985,Active,IA
61520,iowa_cafo_group_1142,4,42.72855,-93.08385,Active,IA
61521,iowa_cafo_group_1142,4,42.74683,-93.08295,Active,IA
61522,iowa_cafo_group_1855,2,42.77332,-93.06393,Active,IA
61523,iowa_cafo_group_0737,3,42.67189,-93.30248,Active,IA
61524,iowa_cafo_group_0443,3,43.20267,-95.7113,Active,IA
61525,iowa_cafo_group_1056,4,42.98135,-94.85479,Active,IA
61526,iowa_cafo_group_1856,3,41.57916,-95.00013,Active,IA
61527,iowa_cafo_group_0006,0,42.95352,-96.43165,Active,IA
61528,iowa_cafo_group_1857,2,42.38592,-92.40886,Active,IA
61529,iowa_cafo_group_1858,4,41.7756,-91.97072,Active,IA
61530,iowa_cafo_group_1859,2,41.76085,-91.88098,Active,IA
61531,iowa_cafo_group_1860,0,42.67242,-92.94447,Active,IA
61532,iowa_cafo_group_0127,2,41.30169,-91.95974,Active,IA
61534,iowa_cafo_group_1861,1,43.01539,-94.10817,Active,IA
61535,iowa_cafo_group_1862,4,41.44007,-91.6538,Active,IA
61536,iowa_cafo_group_1330,2,42.46937,-92.69428,Active,IA
61537,iowa_cafo_group_1291,1,42.68513,-95.93743,Active,IA
61539,iowa_cafo_group_1863,1,40.98673,-93.90317,Active,IA
61541,iowa_cafo_group_0782,2,42.57886,-94.87631,Active,IA
61543,iowa_cafo_group_0006,0,43.16984,-96.17581,Active,IA
61547,iowa_cafo_group_1864,2,42.61779,-94.79525,Active,IA
61548,iowa_cafo_group_1667,1,42.36038,-92.475,Active,IA
61549,iowa_cafo_group_0782,2,42.73374,-94.98724,Active,IA
61550,iowa_cafo_group_1865,4,42.93944,-95.52618,Active,IA
61552,iowa_cafo_group_0006,0,42.94822,-96.15598,Active,IA
61553,iowa_cafo_group_1866,0,40.78969,-91.96556,Active,IA
61555,iowa_cafo_group_1867,4,42.94919,-93.89309,Active,IA
61557,iowa_cafo_group_0006,0,43.41818,-95.89923,Active,IA
61558,iowa_cafo_group_1868,2,43.48405,-93.72962,Active,IA
61559,iowa_cafo_group_1869,2,42.1481,-92.82754,Active,IA
61560,iowa_cafo_group_1110,2,42.63103,-93.08457,Active,IA
61561,iowa_cafo_group_1165,2,43.18484,-93.55614,Active,IA
61562,iowa_cafo_group_1870,4,40.68512,-92.48382,Active,IA
61563,iowa_cafo_group_0708,2,42.53772,-91.548,Active,IA
61564,iowa_cafo_group_1871,3,42.52769,-91.3441,Active,IA
61565,iowa_cafo_group_1143,3,42.7031,-93.34963,Active,IA
61569,iowa_cafo_group_0483,4,42.9237,-95.76517,Active,IA
61570,iowa_cafo_group_0006,0,43.05744,-96.07066,Active,IA
61571,iowa_cafo_group_1872,4,41.58456,-91.50104,Active,IA
61572,iowa_cafo_group_0006,0,43.37856,-96.3488,Active,IA
61573,iowa_cafo_group_1873,2,41.66707,-92.78357,Active,IA
61574,iowa_cafo_group_0886,3,42.45541,-93.59182,Active,IA
61575,iowa_cafo_group_0886,3,42.41328,-93.61038,Active,IA
61577,iowa_cafo_group_0886,3,42.42645,-93.60761,Active,IA
61578,iowa_cafo_group_1874,0,43.10944,-93.65525,Active,IA
61579,iowa_cafo_group_1039,3,43.1432,-95.54655,Active,IA
61580,iowa_cafo_group_0749,4,42.39865,-93.52983,Active,IA
61582,iowa_cafo_group_1875,2,43.35768,-95.30993,Active,IA
61584,iowa_cafo_group_0006,0,43.46501,-95.97933,Active,IA
61586,iowa_cafo_group_0006,0,43.47673,-95.86926,Active,IA
61587,iowa_cafo_group_0006,0,43.46258,-95.81694,Active,IA
61591,iowa_cafo_group_0006,0,43.22455,-95.98421,Active,IA
61593,iowa_cafo_group_1876,1,42.75277,-95.13239,Active,IA
61594,iowa_cafo_group_0227,4,41.18139,-91.58587,Active,IA
61595,iowa_cafo_group_0006,0,42.9653,-96.09767,Active,IA
61596,iowa_cafo_group_0006,0,43.46244,-96.24498,Active,IA
61598,iowa_cafo_group_0006,0,42.90115,-96.32975,Active,IA
61599,iowa_cafo_group_0006,0,43.30922,-95.84506,Active,IA
61600,iowa_cafo_group_0924,1,42.52377,-93.17092,Active,IA
61601,iowa_cafo_group_1877,0,43.47104,-93.75498,Active,IA
61602,iowa_cafo_group_0739,1,42.5593,-93.20446,Active,IA
61603,iowa_cafo_group_1878,2,42.61437,-92.91346,Active,IA
61604,iowa_cafo_group_0003,1,42.60079,-92.97725,Active,IA
61606,iowa_cafo_group_0525,1,43.16949,-92.31229,Active,IA
61608,iowa_cafo_group_0127,2,41.35115,-91.87734,Active,IA
61609,iowa_cafo_group_1098,3,41.56582,-91.84165,Active,IA
61611,iowa_cafo_group_0462,3,42.91158,-94.89631,Active,IA
61612,iowa_cafo_group_0957,2,42.87939,-95.0666,Active,IA
61613,iowa_cafo_group_1879,2,42.87173,-94.71908,Active,IA
61614,iowa_cafo_group_0099,2,42.89195,-94.74875,Active,IA
61616,iowa_cafo_group_0957,2,42.82261,-95.05709,Active,IA
61618,iowa_cafo_group_0099,2,42.92434,-94.80793,Active,IA
61619,iowa_cafo_group_0414,4,42.95979,-95.18557,Active,IA
61621,iowa_cafo_group_0015,4,42.28969,-94.90335,Active,IA
61623,iowa_cafo_group_0015,4,42.25071,-94.93234,Active,IA
61624,iowa_cafo_group_0015,4,42.23914,-94.91264,Active,IA
61625,iowa_cafo_group_1880,4,40.60325,-92.46522,Active,IA
61626,iowa_cafo_group_1881,2,43.14963,-93.53643,Active,IA
61627,iowa_cafo_group_0006,0,43.39676,-95.99951,Active,IA
61632,iowa_cafo_group_0006,0,43.11702,-95.92315,Active,IA
61634,iowa_cafo_group_0741,3,42.84233,-93.15844,Active,IA
61637,iowa_cafo_group_0006,0,43.20139,-96.17989,Active,IA
61639,iowa_cafo_group_0443,3,43.25867,-95.75663,Active,IA
61640,iowa_cafo_group_1882,4,42.92402,-94.58136,Active,IA
61641,iowa_cafo_group_1310,4,43.48162,-94.24495,Active,IA
61642,iowa_cafo_group_0006,0,43.4915,-95.91105,Active,IA
61644,iowa_cafo_group_0708,2,42.53542,-91.54771,Active,IA
61645,iowa_cafo_group_0749,4,42.44001,-93.48055,Active,IA
61647,iowa_cafo_group_0933,3,41.47637,-91.84807,Active,IA
61648,iowa_cafo_group_0644,1,42.34323,-94.85657,Active,IA
61649,iowa_cafo_group_0644,1,42.33331,-94.87789,Active,IA
61652,iowa_cafo_group_0006,0,43.34926,-96.31447,Active,IA
61656,iowa_cafo_group_1883,2,40.95078,-91.99814,Active,IA
61657,iowa_cafo_group_0270,4,42.93925,-92.42811,Active,IA
61658,iowa_cafo_group_0006,0,43.15593,-96.39081,Active,IA
61659,iowa_cafo_group_0006,0,43.24489,-96.22096,Active,IA
61660,iowa_cafo_group_0155,3,42.50817,-94.79554,Active,IA
61661,iowa_cafo_group_0742,3,42.69115,-93.08911,Active,IA
61663,iowa_cafo_group_1345,4,43.41388,-94.07465,Active,IA
61664,iowa_cafo_group_0644,1,42.32636,-94.89204,Active,IA
61665,iowa_cafo_group_0082,4,42.79291,-93.30218,Active,IA
61667,iowa_cafo_group_1884,3,42.87647,-91.90622,Active,IA
61668,iowa_cafo_group_0525,1,43.1845,-92.31075,Active,IA
61670,iowa_cafo_group_1260,1,43.25593,-92.46678,Active,IA
61672,iowa_cafo_group_0006,0,43.40446,-96.28307,Active,IA
61673,iowa_cafo_group_1885,3,42.95481,-95.66659,Active,IA
61674,iowa_cafo_group_1886,4,41.73008,-95.20035,Active,IA
61676,iowa_cafo_group_0006,0,43.06801,-95.89331,Active,IA
61677,iowa_cafo_group_0716,4,42.94162,-91.90697,Active,IA
61678,iowa_cafo_group_1887,0,41.748,-93.89579,Active,IA
61679,iowa_cafo_group_1091,3,41.38,-92.02,Active,IA
61681,iowa_cafo_group_0006,0,43.38927,-96.24548,Active,IA
61683,iowa_cafo_group_0809,4,43.08266,-94.60674,Active,IA
61684,iowa_cafo_group_1888,0,41.42208,-92.19736,Active,IA
61685,iowa_cafo_group_0006,0,43.14184,-96.39776,Active,IA
61686,iowa_cafo_group_1055,3,43.06873,-94.8969,Active,IA
61687,iowa_cafo_group_0006,0,43.43174,-95.95878,Active,IA
61688,iowa_cafo_group_0892,3,42.72063,-95.8941,Active,IA
61689,iowa_cafo_group_0101,3,42.79498,-95.91734,Active,IA
61690,iowa_cafo_group_0487,4,43.14033,-94.80641,Active,IA
61692,iowa_cafo_group_1889,4,41.53658,-92.90542,Active,IA
61693,iowa_cafo_group_0786,1,42.78451,-94.93833,Active,IA
61694,iowa_cafo_group_0061,1,42.76935,-95.81874,Active,IA
61695,iowa_cafo_group_0443,3,43.35084,-95.66385,Active,IA
61696,iowa_cafo_group_0006,0,43.12823,-95.97038,Active,IA
61697,iowa_cafo_group_0229,3,42.44357,-95.07079,Active,IA
61698,iowa_cafo_group_1890,0,42.77804,-92.70654,Active,IA
61699,iowa_cafo_group_0736,4,42.76787,-93.14078,Active,IA
61701,iowa_cafo_group_0443,3,43.28659,-95.71134,Active,IA
61703,iowa_cafo_group_0112,1,42.76234,-95.0607,Active,IA
61704,iowa_cafo_group_0545,4,42.37856,-93.42582,Active,IA
61705,iowa_cafo_group_0999,2,42.71246,-92.69141,Active,IA
61706,iowa_cafo_group_1891,1,43.19208,-93.51856,Active,IA
61708,iowa_cafo_group_1892,0,42.11013,-94.261,Active,IA
61710,iowa_cafo_group_1893,3,40.61739,-94.62486,Active,IA
61711,iowa_cafo_group_1445,1,40.57521,-94.64166,Active,IA
61712,iowa_cafo_group_0004,2,40.60569,-94.70586,Active,IA
61713,iowa_cafo_group_0004,2,40.60233,-94.69621,Active,IA
61714,iowa_cafo_group_1894,3,40.61075,-94.74409,Active,IA
61715,iowa_cafo_group_0399,2,42.9246,-94.40956,Active,IA
61716,iowa_cafo_group_0782,2,42.57392,-94.88403,Active,IA
61717,iowa_cafo_group_0878,1,43.00461,-95.81839,Active,IA
61718,iowa_cafo_group_0006,0,43.05474,-96.33602,Active,IA
61720,iowa_cafo_group_0864,2,40.66085,-92.42122,Active,IA
61721,iowa_cafo_group_0740,3,42.7622,-93.46704,Active,IA
61722,iowa_cafo_group_1895,1,42.41991,-92.73077,Active,IA
61723,iowa_cafo_group_0782,2,42.70569,-94.98689,Active,IA
61724,iowa_cafo_group_0006,0,42.84782,-96.21562,Active,IA
61727,iowa_cafo_group_1727,3,41.9894,-94.64774,Active,IA
61731,iowa_cafo_group_1896,1,41.96,-92.25,Active,IA
61732,iowa_cafo_group_0112,1,42.77731,-95.06881,Active,IA
61733,iowa_cafo_group_1867,4,42.95004,-93.88089,Active,IA
61734,iowa_cafo_group_0006,0,43.40398,-96.18986,Active,IA
61736,iowa_cafo_group_1073,1,42.62381,-92.11707,Active,IA
61738,iowa_cafo_group_1110,2,42.63591,-93.0453,Active,IA
61739,iowa_cafo_group_0883,1,42.36374,-94.91707,Active,IA
61740,iowa_cafo_group_1897,2,42.85726,-94.55979,Active,IA
61741,iowa_cafo_group_0782,2,42.71882,-94.93198,Active,IA
61742,iowa_cafo_group_0739,1,42.59146,-93.12424,Active,IA
61749,iowa_cafo_group_1898,2,41.26706,-93.34701,Active,IA
61752,iowa_cafo_group_0011,3,42.71265,-96.13635,Active,IA
61753,iowa_cafo_group_1074,2,43.4879,-92.6111,Active,IA
61754,iowa_cafo_group_1899,4,41.05981,-93.12564,Active,IA
61756,iowa_cafo_group_0755,4,42.48454,-93.48117,Active,IA
61757,iowa_cafo_group_1900,2,40.95277,-91.15563,Active,IA
61758,iowa_cafo_group_0006,0,43.0931,-96.35364,Active,IA
61760,iowa_cafo_group_0006,0,42.93891,-96.29907,Active,IA
61763,iowa_cafo_group_0082,4,42.81111,-93.34145,Active,IA
61765,iowa_cafo_group_1901,2,42.84531,-92.88814,Active,IA
61771,iowa_cafo_group_1444,2,42.48576,-91.73046,Active,IA
61775,iowa_cafo_group_1902,2,43.32629,-92.85345,Active,IA
61778,iowa_cafo_group_0006,0,43.00968,-96.01611,Active,IA
61779,iowa_cafo_group_0751,4,43.13641,-93.69365,Active,IA
61780,iowa_cafo_group_0006,0,43.40254,-96.38754,Active,IA
61781,iowa_cafo_group_0006,0,43.40542,-96.39605,Active,IA
61782,iowa_cafo_group_0414,4,42.95333,-95.30729,Active,IA
61783,iowa_cafo_group_0191,1,43.46944,-96.03719,Active,IA
61784,iowa_cafo_group_0545,4,42.37001,-93.37366,Active,IA
61785,iowa_cafo_group_0545,4,42.35818,-93.34753,Active,IA
61786,iowa_cafo_group_0755,4,42.5328,-93.41378,Active,IA
61787,iowa_cafo_group_1903,0,41.70427,-94.15546,Active,IA
61788,iowa_cafo_group_0006,0,43.23739,-96.04108,Active,IA
61790,iowa_cafo_group_1378,1,41.44469,-92.69009,Active,IA
61791,iowa_cafo_group_0468,1,41.4945,-92.72004,Active,IA
61792,iowa_cafo_group_0182,4,41.23962,-92.7833,Active,IA
61793,iowa_cafo_group_0182,4,41.24921,-92.81369,Active,IA
61795,iowa_cafo_group_1904,1,40.98012,-91.22392,Active,IA
61796,iowa_cafo_group_1755,4,43.20781,-91.43145,Active,IA
61797,iowa_cafo_group_1905,0,42.87893,-94.51829,Active,IA
61798,iowa_cafo_group_1473,1,42.90633,-94.2849,Active,IA
61799,iowa_cafo_group_1906,3,43.49179,-95.44506,Active,IA
61800,iowa_cafo_group_0101,3,42.79443,-95.98293,Active,IA
61801,iowa_cafo_group_1039,3,43.15644,-95.49246,Active,IA
61802,iowa_cafo_group_0872,1,42.98598,-94.48115,Active,IA
61803,iowa_cafo_group_1171,1,42.39883,-93.71178,Active,IA
61804,iowa_cafo_group_1907,3,42.75637,-91.72465,Active,IA
61806,iowa_cafo_group_1908,1,42.51642,-90.64355,Active,IA
61807,iowa_cafo_group_0155,3,42.53891,-94.87405,Active,IA
61808,iowa_cafo_group_1909,2,42.67948,-92.67357,Active,IA
61809,iowa_cafo_group_0739,1,42.59265,-93.16557,Active,IA
61810,iowa_cafo_group_1890,0,42.78958,-92.72177,Active,IA
61811,iowa_cafo_group_0155,3,42.50876,-94.89337,Active,IA
61812,iowa_cafo_group_0246,3,42.46636,-94.74612,Active,IA
61813,iowa_cafo_group_0221,3,40.98464,-94.44172,Active,IA
61814,iowa_cafo_group_0112,1,42.77861,-95.05215,Active,IA
61815,iowa_cafo_group_0782,2,42.6914,-95.03446,Active,IA
61816,iowa_cafo_group_1909,2,42.68538,-92.68167,Active,IA
61817,iowa_cafo_group_0246,3,42.48484,-94.77775,Active,IA
61818,iowa_cafo_group_1910,2,42.75474,-94.38262,Active,IA
61819,iowa_cafo_group_0443,3,43.38425,-95.58588,Active,IA
61822,iowa_cafo_group_1911,1,41.36588,-92.08777,Active,IA
61823,iowa_cafo_group_1343,4,41.86613,-90.31416,Active,IA
61824,iowa_cafo_group_1816,2,42.72863,-92.9027,Active,IA
61826,iowa_cafo_group_1912,3,42.76082,-92.72042,Active,IA
61827,iowa_cafo_group_1342,2,42.56032,-94.79079,Active,IA
61828,iowa_cafo_group_1913,1,42.77674,-94.80787,Active,IA
61829,iowa_cafo_group_1851,4,42.85169,-94.93241,Active,IA
61830,iowa_cafo_group_1024,1,42.76049,-94.76591,Active,IA
61831,iowa_cafo_group_1024,1,42.77641,-94.75844,Active,IA
61832,iowa_cafo_group_1643,2,42.7475,-94.7876,Active,IA
61833,iowa_cafo_group_1914,0,42.8263,-94.73656,Active,IA
61834,iowa_cafo_group_0782,2,42.5922,-94.8936,Active,IA
61835,iowa_cafo_group_1915,2,42.46534,-94.91439,Active,IA
61836,iowa_cafo_group_1916,1,42.30774,-95.29525,Active,IA
61837,iowa_cafo_group_1917,3,42.25308,-95.34907,Active,IA
61838,iowa_cafo_group_1917,3,42.23908,-95.33376,Active,IA
61839,iowa_cafo_group_0243,3,42.12115,-95.34634,Active,IA
61840,iowa_cafo_group_1706,1,43.39962,-93.71483,Active,IA
61841,iowa_cafo_group_0006,0,43.22858,-96.17043,Active,IA
61842,iowa_cafo_group_1918,1,43.15208,-92.04333,Active,IA
61843,iowa_cafo_group_0006,0,43.46248,-96.26161,Active,IA
61845,iowa_cafo_group_0751,4,43.14068,-93.70632,Active,IA
61847,iowa_cafo_group_1919,2,42.62388,-95.91648,Active,IA
61848,iowa_cafo_group_0252,3,42.4567,-92.49308,Active,IA
61849,iowa_cafo_group_0644,1,42.34373,-94.89574,Active,IA
61850,iowa_cafo_group_1673,4,40.93498,-93.746,Active,IA
61851,iowa_cafo_group_1920,1,41.62921,-90.50881,Active,IA
61852,iowa_cafo_group_0082,4,42.80478,-93.342,Active,IA
61854,iowa_cafo_group_1921,3,41.9071,-94.99553,Active,IA
61855,iowa_cafo_group_1726,3,40.71091,-94.48846,Active,IA
61856,iowa_cafo_group_1922,2,42.13794,-95.14065,Active,IA
61858,iowa_cafo_group_1923,4,42.04606,-93.19654,Active,IA
61859,iowa_cafo_group_0061,1,42.86879,-95.77925,Active,IA
61860,iowa_cafo_group_1582,3,42.78126,-92.01352,Active,IA
61862,iowa_cafo_group_1171,1,42.4262,-93.7095,Active,IA
61863,iowa_cafo_group_1171,1,42.41335,-93.70781,Active,IA
61866,iowa_cafo_group_1813,2,42.55793,-91.59008,Active,IA
61872,iowa_cafo_group_1924,0,40.76787,-94.17508,Active,IA
61873,iowa_cafo_group_1571,3,40.81262,-94.14617,Active,IA
61874,iowa_cafo_group_1925,2,40.75816,-94.1491,Active,IA
61876,iowa_cafo_group_0275,2,41.96045,-91.26815,Active,IA
61877,iowa_cafo_group_0872,1,42.96138,-94.39103,Active,IA
61878,iowa_cafo_group_1926,2,40.95572,-94.52875,Active,IA
61879,iowa_cafo_group_1494,1,42.23932,-93.95048,Active,IA
61880,iowa_cafo_group_1927,2,40.95809,-94.2701,Active,IA
61883,iowa_cafo_group_0006,0,43.08247,-95.88079,Active,IA
61884,iowa_cafo_group_0443,3,43.27218,-95.69341,Active,IA
61885,iowa_cafo_group_0561,1,43.06417,-95.58556,Active,IA
61886,iowa_cafo_group_1928,3,43.29783,-92.31823,Active,IA
61887,iowa_cafo_group_0989,1,43.17387,-95.40648,Active,IA
61888,iowa_cafo_group_1929,4,43.2225,-95.56649,Active,IA
61889,iowa_cafo_group_0387,3,43.16014,-95.44854,Active,IA
61890,iowa_cafo_group_0989,1,43.21348,-95.39063,Active,IA
61891,iowa_cafo_group_1930,1,42.8658,-95.99026,Active,IA
61892,iowa_cafo_group_1931,1,42.53355,-95.67828,Active,IA
61893,iowa_cafo_group_1931,1,42.52605,-95.67099,Active,IA
61894,iowa_cafo_group_1932,3,42.51869,-95.61564,Active,IA
61896,iowa_cafo_group_0006,0,43.44616,-96.46366,Active,IA
61898,iowa_cafo_group_0006,0,43.35599,-96.25313,Active,IA
61899,iowa_cafo_group_1851,4,42.84173,-94.91474,Active,IA
61900,iowa_cafo_group_1123,4,41.08858,-91.03721,Active,IA
61901,iowa_cafo_group_1933,1,42.25453,-92.80454,Active,IA
61902,iowa_cafo_group_1086,4,43.04951,-95.60148,Active,IA
61903,iowa_cafo_group_0017,3,42.07458,-94.74245,Active,IA
61904,iowa_cafo_group_0754,1,42.24288,-93.57214,Active,IA
61905,iowa_cafo_group_1934,2,43.17259,-91.82535,Active,IA
61907,iowa_cafo_group_0006,0,43.49137,-95.89625,Active,IA
61908,iowa_cafo_group_0006,0,43.44653,-95.83009,Active,IA
61909,iowa_cafo_group_0006,0,43.45153,-95.78288,Active,IA
61910,iowa_cafo_group_0136,2,42.26284,-91.01108,Active,IA
61912,iowa_cafo_group_1364,3,43.03373,-92.16944,Active,IA
61913,iowa_cafo_group_1935,3,41.84173,-90.99298,Active,IA
61914,iowa_cafo_group_1936,2,43.12768,-91.34554,Active,IA
61915,iowa_cafo_group_1937,3,42.50929,-95.19822,Active,IA
61916,iowa_cafo_group_1938,0,41.96915,-94.00012,Active,IA
61917,iowa_cafo_group_1939,3,42.64443,-95.28473,Active,IA
61919,iowa_cafo_group_0562,1,42.10756,-92.04074,Active,IA
61920,iowa_cafo_group_0562,1,42.10608,-92.02928,Active,IA
61921,iowa_cafo_group_0562,1,42.09093,-92.04748,Active,IA
61922,iowa_cafo_group_0127,2,41.43002,-91.81584,Active,IA
61924,iowa_cafo_group_1940,2,42.2388,-91.37255,Active,IA
61925,iowa_cafo_group_1941,1,41.73981,-93.14747,Active,IA
61926,iowa_cafo_group_1942,3,41.84,-93.7,Active,IA
61928,iowa_cafo_group_1943,0,41.70543,-95.60225,Active,IA
61929,iowa_cafo_group_0027,1,41.90853,-94.94453,Active,IA
61930,iowa_cafo_group_0975,4,43.02256,-92.26156,Active,IA
61931,iowa_cafo_group_0670,3,41.32516,-95.76718,Active,IA
61932,iowa_cafo_group_0670,3,41.31175,-95.7747,Active,IA
61935,iowa_cafo_group_1944,4,43.0667,-92.89101,Active,IA
61936,iowa_cafo_group_0452,3,42.04549,-94.16844,Active,IA
61937,iowa_cafo_group_0748,1,42.33002,-93.00119,Active,IA
61939,iowa_cafo_group_1945,2,41.01486,-95.04309,Active,IA
61945,iowa_cafo_group_1634,1,42.6355,-95.41614,Active,IA
61947,iowa_cafo_group_1713,1,42.69479,-93.93238,Active,IA
61951,iowa_cafo_group_0822,2,41.75968,-94.98706,Active,IA
61952,iowa_cafo_group_0881,4,41.75972,-95.03628,Active,IA
61956,iowa_cafo_group_1537,1,42.56025,-95.054,Active,IA
61957,iowa_cafo_group_1946,0,40.85272,-95.25351,Active,IA
61958,iowa_cafo_group_0006,0,43.00518,-96.117,Active,IA
61959,iowa_cafo_group_1947,4,41.25109,-92.60232,Active,IA
61960,iowa_cafo_group_1948,3,41.56039,-92.85029,Active,IA
61962,iowa_cafo_group_0872,1,42.97575,-94.39636,Active,IA
61964,iowa_cafo_group_1218,3,41.82177,-94.95709,Active,IA
61965,iowa_cafo_group_0822,2,41.73077,-94.98511,Active,IA
61966,iowa_cafo_group_0301,1,41.35075,-95.0056,Active,IA
61968,iowa_cafo_group_0491,2,43.35629,-94.19348,Active,IA
61969,iowa_cafo_group_1949,1,43.33028,-94.11917,Active,IA
61971,iowa_cafo_group_1950,4,43.07198,-92.01149,Active,IA
61972,iowa_cafo_group_0006,0,43.47673,-95.9713,Active,IA
61973,iowa_cafo_group_1951,3,42.40717,-92.03064,Active,IA
61974,iowa_cafo_group_1952,1,42.6603,-91.39136,Active,IA
61975,iowa_cafo_group_0487,4,43.15474,-94.75279,Active,IA
61976,iowa_cafo_group_1635,4,42.58802,-95.78215,Active,IA
61977,iowa_cafo_group_1953,0,42.86633,-95.09413,Active,IA
61978,iowa_cafo_group_0957,2,42.86474,-95.06342,Active,IA
61981,iowa_cafo_group_1954,1,40.69486,-92.20113,Active,IA
61986,iowa_cafo_group_1955,0,41.68483,-91.35702,Active,IA
61987,iowa_cafo_group_1956,3,41.56743,-91.4859,Active,IA
61989,iowa_cafo_group_0870,2,41.12135,-92.3074,Active,IA
61991,iowa_cafo_group_0866,1,41.11367,-91.69113,Active,IA
61992,iowa_cafo_group_0127,2,41.39544,-91.86251,Active,IA
61999,iowa_cafo_group_0006,0,43.12665,-96.31021,Active,IA
62000,iowa_cafo_group_0006,0,43.11688,-96.31167,Active,IA
62003,iowa_cafo_group_0526,2,41.88615,-95.61694,Active,IA
62007,iowa_cafo_group_0848,3,41.79217,-93.08752,Active,IA
62010,iowa_cafo_group_0202,1,42.62835,-91.77443,Active,IA
62014,iowa_cafo_group_0006,0,43.19134,-96.39368,Active,IA
62015,iowa_cafo_group_0006,0,43.21796,-96.4392,Active,IA
62016,iowa_cafo_group_0597,1,43.25623,-92.65266,Active,IA
62017,iowa_cafo_group_0597,1,43.25691,-92.67163,Active,IA
62018,iowa_cafo_group_0597,1,43.26539,-92.66372,Active,IA
62020,iowa_cafo_group_0957,2,42.93192,-95.0357,Active,IA
62021,iowa_cafo_group_1039,3,43.15777,-95.57401,Active,IA
62022,iowa_cafo_group_0872,1,43.00534,-94.40239,Active,IA
62026,iowa_cafo_group_0006,0,43.40496,-95.77744,Active,IA
62034,iowa_cafo_group_0011,3,42.68593,-96.0681,Active,IA
62035,iowa_cafo_group_1957,2,42.68821,-93.43118,Active,IA
62046,iowa_cafo_group_1958,4,43.00933,-93.20609,Active,IA
62058,iowa_cafo_group_0006,0,43.46992,-96.30596,Active,IA
62059,iowa_cafo_group_0167,0,42.0109,-93.758,Active,IA
62060,iowa_cafo_group_1004,4,41.02958,-94.58476,Active,IA
62061,iowa_cafo_group_1959,3,41.72465,-94.94906,Active,IA
62062,iowa_cafo_group_0143,1,41.99863,-94.86048,Active,IA
62063,iowa_cafo_group_1960,2,41.76724,-95.08211,Active,IA
62065,iowa_cafo_group_0143,1,42.02129,-94.85868,Active,IA
62067,iowa_cafo_group_0836,2,40.69656,-94.42462,Active,IA
62068,iowa_cafo_group_0836,2,40.67526,-94.46037,Active,IA
62070,iowa_cafo_group_1961,1,40.70796,-94.38675,Active,IA
62071,iowa_cafo_group_1720,3,40.87335,-94.2807,Active,IA
62072,iowa_cafo_group_1962,4,40.61495,-94.15853,Active,IA
62073,iowa_cafo_group_1133,3,41.09167,-94.33152,Active,IA
62074,iowa_cafo_group_1963,1,41.00627,-94.02711,Active,IA
62075,iowa_cafo_group_1964,3,41.14471,-94.35515,Active,IA
62077,iowa_cafo_group_1965,4,41.98833,-95.2523,Active,IA
62078,iowa_cafo_group_1965,4,41.99056,-95.26526,Active,IA
62079,iowa_cafo_group_1966,0,41.89868,-94.51356,Active,IA
62080,iowa_cafo_group_0035,1,41.68542,-95.69255,Active,IA
62081,iowa_cafo_group_1163,1,41.82167,-95.82427,Active,IA
62082,iowa_cafo_group_0018,2,42.11653,-94.72708,Active,IA
62083,iowa_cafo_group_0283,3,42.07915,-94.66072,Active,IA
62084,iowa_cafo_group_1550,0,40.62383,-94.25528,Active,IA
62086,iowa_cafo_group_1967,3,40.93536,-94.03516,Active,IA
62088,iowa_cafo_group_1727,3,41.97951,-94.65084,Active,IA
62090,iowa_cafo_group_0173,3,42.12405,-95.22602,Active,IA
62091,iowa_cafo_group_0021,1,41.96317,-94.83343,Active,IA
62093,iowa_cafo_group_0011,3,42.82333,-96.04756,Active,IA
62096,iowa_cafo_group_1680,4,41.6144,-94.24669,Active,IA
62097,iowa_cafo_group_1968,1,41.62779,-95.42367,Active,IA
62098,iowa_cafo_group_1313,2,41.83,-92.92,Active,IA
62110,iowa_cafo_group_1969,4,41.47717,-94.77834,Active,IA
62111,iowa_cafo_group_1661,3,41.82,-94.81,Active,IA
62112,iowa_cafo_group_0905,4,42.35295,-93.18741,Active,IA
62113,iowa_cafo_group_0749,4,42.45669,-93.46693,Active,IA
62115,iowa_cafo_group_1218,3,41.80676,-94.94041,Active,IA
62117,iowa_cafo_group_1970,4,42.96683,-93.22091,Active,IA
62120,iowa_cafo_group_1281,2,42.1589,-93.10419,Active,IA
62121,iowa_cafo_group_0069,3,43.25557,-94.51078,Active,IA
62122,iowa_cafo_group_1971,3,43.34279,-94.1542,Active,IA
62123,iowa_cafo_group_1091,3,41.46615,-91.95374,Active,IA
62127,iowa_cafo_group_1972,2,42.59235,-92.37924,Active,IA
62128,iowa_cafo_group_0866,1,41.15938,-91.66937,Active,IA
62129,iowa_cafo_group_0025,2,41.54733,-94.88737,Active,IA
62130,iowa_cafo_group_1973,2,41.62432,-94.90081,Active,IA
62131,iowa_cafo_group_0695,4,41.70302,-94.89625,Active,IA
62132,iowa_cafo_group_1974,3,41.73304,-94.91464,Active,IA
62136,iowa_cafo_group_1975,2,41.78582,-94.82029,Active,IA
62143,iowa_cafo_group_0678,1,42.9914,-93.70278,Active,IA
62146,iowa_cafo_group_0793,1,42.82419,-95.40662,Active,IA
62147,iowa_cafo_group_0242,1,41.4949,-92.99177,Active,IA
62148,iowa_cafo_group_1162,1,41.49356,-93.02616,Active,IA
62149,iowa_cafo_group_0006,0,43.47941,-96.50306,Active,IA
62150,iowa_cafo_group_0493,1,42.55873,-92.99549,Active,IA
62151,iowa_cafo_group_1046,2,42.6008,-95.13223,Active,IA
62153,iowa_cafo_group_0826,4,41.96022,-95.1108,Active,IA
62154,iowa_cafo_group_1065,3,43.33962,-94.28678,Active,IA
62155,iowa_cafo_group_0282,2,42.00692,-94.22937,Active,IA
62156,iowa_cafo_group_0809,4,43.06799,-94.59875,Active,IA
62158,iowa_cafo_group_0561,1,43.11376,-95.58685,Active,IA
62159,iowa_cafo_group_0782,2,42.69095,-95.04568,Active,IA
62160,iowa_cafo_group_0006,0,43.34023,-96.35233,Active,IA
62161,iowa_cafo_group_1142,4,42.72008,-93.08392,Active,IA
62162,iowa_cafo_group_0782,2,42.58455,-94.99048,Active,IA
62163,iowa_cafo_group_1976,0,43.03,-95.47,Active,IA
62164,iowa_cafo_group_1977,3,41.67779,-92.61085,Active,IA
62165,iowa_cafo_group_1977,3,41.67425,-92.60577,Active,IA
62166,iowa_cafo_group_1978,0,41.78408,-95.01267,Active,IA
62167,iowa_cafo_group_1979,1,40.82483,-93.74865,Active,IA
62168,iowa_cafo_group_1980,2,42.48428,-91.56432,Active,IA
62170,iowa_cafo_group_0900,3,42.67919,-91.46138,Active,IA
62171,iowa_cafo_group_0618,1,43.29764,-92.37424,Active,IA
62172,iowa_cafo_group_0006,0,43.23175,-95.9184,Active,IA
62173,iowa_cafo_group_1172,3,43.24,-95.84,Active,IA
62174,iowa_cafo_group_0127,2,41.41098,-91.89817,Active,IA
62175,iowa_cafo_group_1001,4,42.61215,-90.92314,Active,IA
62176,iowa_cafo_group_1387,3,43.02539,-92.19231,Active,IA
62177,iowa_cafo_group_1981,1,41.24974,-91.39376,Active,IA
62178,iowa_cafo_group_0227,4,41.21173,-91.602,Active,IA
62180,iowa_cafo_group_1982,1,40.63082,-92.29449,Active,IA
62181,iowa_cafo_group_0545,4,42.44602,-93.3092,Active,IA
62182,iowa_cafo_group_1098,3,41.57108,-91.80553,Active,IA
62184,iowa_cafo_group_0006,0,43.20813,-96.21693,Active,IA
62185,iowa_cafo_group_0155,3,42.50521,-94.87585,Active,IA
62186,iowa_cafo_group_0957,2,42.84641,-95.01385,Active,IA
62188,iowa_cafo_group_0227,4,41.1227,-91.54671,Active,IA
62189,iowa_cafo_group_0127,2,41.41781,-91.81338,Active,IA
62190,iowa_cafo_group_1444,2,42.48681,-91.74288,Active,IA
62191,iowa_cafo_group_1983,4,42.45379,-95.12922,Active,IA
62192,iowa_cafo_group_0792,2,42.33776,-94.68918,Active,IA
62193,iowa_cafo_group_1338,1,41.31522,-92.78901,Active,IA
62194,iowa_cafo_group_0856,3,41.62894,-91.37694,Active,IA
62195,iowa_cafo_group_0856,3,41.62396,-91.37705,Active,IA
62196,iowa_cafo_group_1250,1,41.28062,-92.039,Active,IA
62199,iowa_cafo_group_0006,0,43.33425,-95.74353,Active,IA
62200,iowa_cafo_group_1479,3,43.49597,-94.51447,Active,IA
62201,iowa_cafo_group_0721,2,43.16985,-92.2274,Active,IA
62202,iowa_cafo_group_0414,4,42.96745,-95.26407,Active,IA
62204,iowa_cafo_group_1661,3,41.82124,-94.79564,Active,IA
62208,iowa_cafo_group_0027,1,41.8802,-94.90924,Active,IA
62209,iowa_cafo_group_0080,2,41.96414,-94.97407,Active,IA
62210,iowa_cafo_group_1984,3,41.98562,-94.71172,Active,IA
62211,iowa_cafo_group_1727,3,41.97255,-94.64952,Active,IA
62212,iowa_cafo_group_1985,1,42.16716,-95.35345,Active,IA
62213,iowa_cafo_group_1727,3,41.96552,-94.68142,Active,IA
62214,iowa_cafo_group_1986,2,41.94949,-94.63984,Active,IA
62215,iowa_cafo_group_1984,3,41.98601,-94.70021,Active,IA
62217,iowa_cafo_group_0080,2,42.03477,-94.97878,Active,IA
62218,iowa_cafo_group_1987,2,41.96682,-95.07387,Active,IA
62219,iowa_cafo_group_0143,1,42.03178,-94.8751,Active,IA
62220,iowa_cafo_group_0269,1,42.07478,-94.95655,Active,IA
62221,iowa_cafo_group_0239,4,42.18398,-95.03143,Active,IA
62223,iowa_cafo_group_0152,4,42.12467,-95.55181,Active,IA
62226,iowa_cafo_group_1988,1,41.90824,-95.28421,Active,IA
62227,iowa_cafo_group_1989,3,42.16666,-93.53227,Active,IA
62229,iowa_cafo_group_1559,4,42.08017,-95.21316,Active,IA
62230,iowa_cafo_group_1990,3,42.11534,-95.52202,Active,IA
62231,iowa_cafo_group_1991,3,41.97952,-95.51356,Active,IA
62232,iowa_cafo_group_0689,2,41.92691,-95.14006,Active,IA
62235,iowa_cafo_group_0006,0,43.15606,-96.29632,Active,IA
62236,iowa_cafo_group_0688,3,41.92136,-95.04756,Active,IA
62237,iowa_cafo_group_1992,4,43.05265,-94.00147,Active,IA
62238,iowa_cafo_group_1473,1,42.92312,-94.27418,Active,IA
62239,iowa_cafo_group_1993,0,42.08808,-94.14623,Active,IA
62240,iowa_cafo_group_1994,2,40.81383,-94.36995,Active,IA
62241,iowa_cafo_group_1995,4,42.98322,-94.94458,Active,IA
62242,iowa_cafo_group_1995,4,42.98328,-94.96432,Active,IA
62244,iowa_cafo_group_1996,3,43.02294,-92.98629,Active,IA
62245,iowa_cafo_group_1996,3,43.03359,-92.97674,Active,IA
62246,iowa_cafo_group_1997,0,43.08109,-92.94626,Active,IA
62247,iowa_cafo_group_1159,4,41.93371,-91.09194,Active,IA
62248,iowa_cafo_group_1998,4,42.16695,-94.53337,Active,IA
62249,iowa_cafo_group_0080,2,42.05755,-94.99632,Active,IA
62250,iowa_cafo_group_0080,2,42.04219,-94.99624,Active,IA
62251,iowa_cafo_group_0229,3,42.3847,-95.09029,Active,IA
62252,iowa_cafo_group_1999,0,42.84379,-95.17553,Active,IA
62254,iowa_cafo_group_0755,4,42.51164,-93.45366,Active,IA
62258,iowa_cafo_group_0006,0,43.18581,-96.20652,Active,IA
62261,iowa_cafo_group_1228,4,42.30064,-94.70623,Active,IA
62262,iowa_cafo_group_1064,3,42.62754,-95.50413,Active,IA
62264,iowa_cafo_group_0556,0,42.19473,-93.89425,Active,IA
62267,iowa_cafo_group_1043,4,40.78058,-94.10542,Active,IA
62269,iowa_cafo_group_1686,3,41.87958,-94.5298,Active,IA
62270,iowa_cafo_group_0603,1,42.34259,-93.80575,Active,IA
62274,iowa_cafo_group_2000,4,42.29571,-94.42605,Active,IA
62275,iowa_cafo_group_0618,1,43.28074,-92.34302,Active,IA
62285,iowa_cafo_group_0738,3,42.62358,-93.45764,Active,IA
62302,iowa_cafo_group_0974,2,42.11252,-94.63154,Active,IA
62307,iowa_cafo_group_0435,2,41.8781,-94.61056,Active,IA
62311,iowa_cafo_group_0974,2,42.13605,-94.61716,Active,IA
62313,iowa_cafo_group_2001,2,41.14668,-93.9836,Active,IA
62324,iowa_cafo_group_0006,0,43.44757,-95.76959,Active,IA
62325,iowa_cafo_group_0011,3,42.83804,-96.08262,Active,IA
62329,iowa_cafo_group_0006,0,43.11238,-95.8599,Active,IA
62330,iowa_cafo_group_0006,0,43.11912,-95.88361,Active,IA
62331,iowa_cafo_group_2002,4,41.53147,-91.91609,Active,IA
62332,iowa_cafo_group_2003,4,41.48928,-91.90599,Active,IA
62334,iowa_cafo_group_0972,4,42.97949,-92.83432,Active,IA
62336,iowa_cafo_group_1374,1,40.76186,-94.64438,Active,IA
62342,iowa_cafo_group_1113,2,43.07908,-93.59485,Active,IA
62343,iowa_cafo_group_2004,3,43.08706,-95.67805,Active,IA
62344,iowa_cafo_group_1836,3,43.26174,-95.44709,Active,IA
62346,iowa_cafo_group_0914,1,42.27856,-93.71891,Active,IA
62347,iowa_cafo_group_2005,0,42.72148,-95.60438,Active,IA
62348,iowa_cafo_group_2006,4,41.94192,-94.01221,Active,IA
62349,iowa_cafo_group_0006,0,43.28085,-96.02395,Active,IA
62356,iowa_cafo_group_0872,1,42.99594,-94.36961,Active,IA
62357,iowa_cafo_group_0018,2,42.13836,-94.71545,Active,IA
62358,iowa_cafo_group_1272,1,42.87739,-93.01359,Active,IA
62361,iowa_cafo_group_0006,0,43.14133,-95.94261,Active,IA
62362,iowa_cafo_group_0157,4,42.58534,-96.07516,Active,IA
62364,iowa_cafo_group_0830,1,42.06847,-94.20205,Active,IA
62366,iowa_cafo_group_0967,1,41.62067,-90.77136,Active,IA
62367,iowa_cafo_group_0967,1,41.63113,-90.7664,Active,IA
62368,iowa_cafo_group_0283,3,42.0752,-94.66932,Active,IA
62369,iowa_cafo_group_1314,3,41.24375,-91.44427,Active,IA
62370,iowa_cafo_group_2007,2,41.14745,-91.80777,Active,IA
62371,iowa_cafo_group_2008,2,41.87854,-94.48626,Active,IA
62372,iowa_cafo_group_1790,3,42.52747,-91.762,Active,IA
62373,iowa_cafo_group_1661,3,41.8063,-94.78743,Active,IA
62375,iowa_cafo_group_0559,1,42.15518,-94.96176,Active,IA
62376,iowa_cafo_group_1332,4,42.28117,-94.12149,Active,IA
62377,iowa_cafo_group_2009,1,42.23953,-94.1249,Active,IA
62383,iowa_cafo_group_0099,2,42.90843,-94.70908,Active,IA
62384,iowa_cafo_group_1314,3,41.22956,-91.48055,Active,IA
62385,iowa_cafo_group_0595,1,40.66316,-92.21074,Active,IA
62386,iowa_cafo_group_2010,4,42.5971,-92.15002,Active,IA
62387,iowa_cafo_group_1250,1,41.29202,-92.02039,Active,IA
62388,iowa_cafo_group_0021,1,41.98781,-94.76702,Active,IA
62389,iowa_cafo_group_2011,1,41.68532,-92.58431,Active,IA
62390,iowa_cafo_group_2012,3,43.4075,-92.84889,Active,IA
62392,iowa_cafo_group_2013,4,42.71647,-92.36747,Active,IA
62396,iowa_cafo_group_0337,4,41.63111,-95.16282,Active,IA
62397,iowa_cafo_group_0975,4,43.03,-92.24,Active,IA
62399,iowa_cafo_group_0100,3,42.929,-94.47858,Active,IA
62403,iowa_cafo_group_0872,1,43.02867,-94.44374,Active,IA
62404,iowa_cafo_group_0006,0,43.16172,-96.018,Active,IA
62405,iowa_cafo_group_0006,0,43.20177,-96.01085,Active,IA
62406,iowa_cafo_group_1100,2,42.75039,-96.27572,Active,IA
62407,iowa_cafo_group_2014,4,43.00236,-92.01197,Active,IA
62408,iowa_cafo_group_2014,4,42.99758,-92.0062,Active,IA
62409,iowa_cafo_group_0944,2,42.33743,-94.78563,Active,IA
62410,iowa_cafo_group_0976,4,41.91348,-94.72055,Active,IA
62411,iowa_cafo_group_2015,0,42.7346,-95.12947,Active,IA
62413,iowa_cafo_group_1449,2,41.3586,-92.79764,Active,IA
62415,iowa_cafo_group_2016,2,41.33651,-92.80518,Active,IA
62416,iowa_cafo_group_2017,0,41.53397,-94.67293,Active,IA
62417,iowa_cafo_group_0537,4,43.29999,-92.72373,Active,IA
62418,iowa_cafo_group_0739,1,42.58244,-93.23292,Active,IA
62420,iowa_cafo_group_2018,1,42.31869,-96.21931,Active,IA
62421,iowa_cafo_group_2019,4,41.28755,-94.41873,Active,IA
62422,iowa_cafo_group_2020,4,43.37728,-93.98682,Active,IA
62423,iowa_cafo_group_1975,2,41.77721,-94.82315,Active,IA
62424,iowa_cafo_group_2021,0,42.99661,-95.48863,Active,IA
62425,iowa_cafo_group_2022,2,40.9311,-91.29303,Active,IA
62426,iowa_cafo_group_2023,1,40.64107,-93.37398,Active,IA
62427,iowa_cafo_group_0854,4,42.09044,-93.12427,Active,IA
62428,iowa_cafo_group_0006,0,43.43905,-95.93925,Active,IA
62429,iowa_cafo_group_0006,0,43.00531,-96.33077,Active,IA
62430,iowa_cafo_group_2024,2,42.27585,-92.25401,Active,IA
62432,iowa_cafo_group_2025,4,41.19199,-92.15359,Active,IA
62433,iowa_cafo_group_2026,3,43.18325,-94.68772,Active,IA
62434,iowa_cafo_group_2027,1,42.67458,-96.40808,Active,IA
62435,iowa_cafo_group_0006,0,43.1257,-96.22105,Active,IA
62436,iowa_cafo_group_0011,3,42.79503,-96.06247,Active,IA
62438,iowa_cafo_group_0006,0,42.88637,-96.31381,Active,IA
62439,iowa_cafo_group_1737,3,42.86422,-96.38435,Active,IA
62440,iowa_cafo_group_2028,2,42.77325,-96.41225,Active,IA
62443,iowa_cafo_group_2029,3,42.97973,-91.32495,Active,IA
62444,iowa_cafo_group_2030,1,43.03219,-92.35808,Active,IA
62445,iowa_cafo_group_0979,3,41.81894,-94.54772,Active,IA
62447,iowa_cafo_group_2031,3,42.42783,-91.93073,Active,IA
62449,iowa_cafo_group_0006,0,43.07049,-95.84943,Active,IA
62450,iowa_cafo_group_2032,1,42.25421,-91.85387,Active,IA
62451,iowa_cafo_group_1984,3,41.99331,-94.69562,Active,IA
62452,iowa_cafo_group_1552,0,42.07096,-94.57056,Active,IA
62454,iowa_cafo_group_2033,3,42.5445,-95.62455,Active,IA
62456,iowa_cafo_group_2034,2,41.24542,-91.1302,Active,IA
62459,iowa_cafo_group_2035,4,42.80982,-93.5863,Active,IA
62460,iowa_cafo_group_0011,3,42.7783,-96.02621,Active,IA
62461,iowa_cafo_group_2036,4,42.7474,-94.86419,Active,IA
62462,iowa_cafo_group_0006,0,43.43433,-95.80322,Active,IA
62463,iowa_cafo_group_0886,3,42.41234,-93.62391,Active,IA
62464,iowa_cafo_group_1031,2,41.07647,-94.52459,Active,IA
62465,iowa_cafo_group_0069,3,43.28851,-94.64081,Active,IA
62466,iowa_cafo_group_0011,3,42.67379,-96.06591,Active,IA
62467,iowa_cafo_group_0822,2,41.75423,-94.995,Active,IA
62468,iowa_cafo_group_0822,2,41.73236,-95.00656,Active,IA
62469,iowa_cafo_group_2037,1,42.19614,-95.38631,Active,IA
62470,iowa_cafo_group_0021,1,41.96268,-94.84539,Active,IA
62471,iowa_cafo_group_1535,2,42.19586,-95.25212,Active,IA
62472,iowa_cafo_group_2038,4,42.01418,-94.37502,Active,IA
62473,iowa_cafo_group_0872,1,43.0376,-94.44738,Active,IA
62475,iowa_cafo_group_0483,4,42.95379,-95.75181,Active,IA
62476,iowa_cafo_group_0006,0,43.10856,-95.90221,Active,IA
62477,iowa_cafo_group_0786,1,42.76302,-94.93618,Active,IA
62478,iowa_cafo_group_0822,2,41.75885,-94.99709,Active,IA
62482,iowa_cafo_group_2039,2,42.66008,-94.84771,Active,IA
62483,iowa_cafo_group_0782,2,42.58245,-94.91614,Active,IA
62486,iowa_cafo_group_2040,1,41.90582,-94.79024,Active,IA
62487,iowa_cafo_group_1046,2,42.61745,-95.1123,Active,IA
62488,iowa_cafo_group_2041,4,42.00594,-92.43392,Active,IA
62489,iowa_cafo_group_0006,0,43.3791,-96.25466,Active,IA
62490,iowa_cafo_group_0545,4,42.26753,-93.3521,Active,IA
62491,iowa_cafo_group_1196,1,41.19102,-92.48786,Active,IA
62492,iowa_cafo_group_0069,3,43.32794,-94.61069,Active,IA
62493,iowa_cafo_group_0006,0,43.07672,-96.23333,Active,IA
62494,iowa_cafo_group_0006,0,42.88098,-96.22832,Active,IA
62496,iowa_cafo_group_2042,1,42.89983,-92.15983,Active,IA
62497,iowa_cafo_group_0006,0,43.12927,-95.95824,Active,IA
62498,iowa_cafo_group_2043,4,42.64877,-95.54012,Active,IA
62499,iowa_cafo_group_0782,2,42.68975,-94.96667,Active,IA
62500,iowa_cafo_group_2044,3,41.3723,-95.89393,Active,IA
62501,iowa_cafo_group_2045,1,42.63796,-92.22146,Active,IA
62502,iowa_cafo_group_0694,4,42.10627,-92.87052,Active,IA
62503,iowa_cafo_group_2046,0,43.46608,-95.26255,Active,IA
62504,iowa_cafo_group_0364,3,41.64593,-92.85526,Active,IA
62505,iowa_cafo_group_0900,3,42.64049,-91.4884,Active,IA
62506,iowa_cafo_group_0006,0,43.25201,-96.197,Active,IA
62508,iowa_cafo_group_2047,1,43.14748,-91.78885,Active,IA
62509,iowa_cafo_group_0760,1,43.11217,-94.45324,Active,IA
62510,iowa_cafo_group_2048,1,42.98566,-91.39763,Active,IA
62511,iowa_cafo_group_0737,3,42.64066,-93.30022,Active,IA
62512,iowa_cafo_group_0246,3,42.44222,-94.74589,Active,IA
62513,iowa_cafo_group_0246,3,42.45003,-94.72937,Active,IA
62514,iowa_cafo_group_0994,1,42.84474,-93.4596,Active,IA
62515,iowa_cafo_group_1929,4,43.21451,-95.57875,Active,IA
62516,iowa_cafo_group_0405,2,43.10731,-95.74167,Active,IA
62517,iowa_cafo_group_2049,1,41.44613,-93.32788,Active,IA
62518,iowa_cafo_group_2050,1,41.29141,-92.8262,Active,IA
62520,iowa_cafo_group_0191,1,43.47728,-96.0458,Active,IA
62521,iowa_cafo_group_0011,3,42.75622,-96.07065,Active,IA
62522,iowa_cafo_group_1250,1,41.30841,-92.02825,Active,IA
62523,iowa_cafo_group_0900,3,42.63772,-91.50695,Active,IA
62524,iowa_cafo_group_0755,4,42.48494,-93.45328,Active,IA
62525,iowa_cafo_group_2051,0,41.03725,-93.63801,Active,IA
62526,iowa_cafo_group_0006,0,43.18474,-96.13901,Active,IA
62527,iowa_cafo_group_1091,3,41.39414,-91.95268,Active,IA
62528,iowa_cafo_group_1091,3,41.40366,-91.94408,Active,IA
62529,iowa_cafo_group_0191,1,43.46267,-96.11069,Active,IA
62531,iowa_cafo_group_0760,1,43.10402,-94.44358,Active,IA
62532,iowa_cafo_group_0185,2,43.22345,-96.51961,Active,IA
62534,iowa_cafo_group_0883,1,42.36435,-94.93676,Active,IA
62536,iowa_cafo_group_0965,4,42.19688,-95.08946,Active,IA
62537,iowa_cafo_group_1442,2,43.19765,-92.60487,Active,IA
62538,iowa_cafo_group_1091,3,41.34911,-92.04185,Active,IA
62539,iowa_cafo_group_2052,3,41.49455,-92.21367,Active,IA
62541,iowa_cafo_group_0956,2,42.53456,-93.69442,Active,IA
62542,iowa_cafo_group_0143,1,41.98618,-94.85823,Active,IA
62543,iowa_cafo_group_0080,2,42.02878,-94.99621,Active,IA
62544,iowa_cafo_group_0006,0,43.44803,-95.68659,Active,IA
62551,iowa_cafo_group_0383,1,42.31121,-90.98782,Active,IA
62552,iowa_cafo_group_1123,4,41.12467,-91.02806,Active,IA
62553,iowa_cafo_group_1412,4,43.20171,-93.69388,Active,IA
62554,iowa_cafo_group_1450,4,43.16727,-93.77205,Active,IA
62555,iowa_cafo_group_0499,3,41.41009,-95.49869,Active,IA
62556,iowa_cafo_group_0006,0,42.84192,-96.27584,Active,IA
62558,iowa_cafo_group_1336,2,41.0508,-94.01149,Active,IA
62560,iowa_cafo_group_0006,0,43.23258,-96.19883,Active,IA
62561,iowa_cafo_group_0006,0,43.24446,-96.22336,Active,IA
62563,iowa_cafo_group_0740,3,42.77387,-93.45298,Active,IA
62564,iowa_cafo_group_2053,1,42.57597,-95.92372,Active,IA
62566,iowa_cafo_group_0224,2,43.02294,-94.81554,Active,IA
62567,iowa_cafo_group_2054,0,41.68161,-91.928,Active,IA
62569,iowa_cafo_group_0006,0,43.49017,-96.32474,Active,IA
62571,iowa_cafo_group_0546,3,42.34898,-95.74727,Active,IA
62573,iowa_cafo_group_1947,4,41.23327,-92.64316,Active,IA
62574,iowa_cafo_group_1713,1,42.70231,-93.94123,Active,IA
62576,iowa_cafo_group_0942,2,42.78,-93.95,Active,IA
62577,iowa_cafo_group_0942,2,42.77938,-93.9541,Active,IA
62578,iowa_cafo_group_2055,2,43.48308,-95.38847,Active,IA
62579,iowa_cafo_group_0006,0,43.45078,-95.89671,Active,IA
62580,iowa_cafo_group_0006,0,43.43364,-95.71868,Active,IA
62581,iowa_cafo_group_0782,2,42.54074,-95.03193,Active,IA
62582,iowa_cafo_group_0082,4,42.78273,-93.27995,Active,IA
62583,iowa_cafo_group_0082,4,42.80243,-93.43742,Active,IA
62584,iowa_cafo_group_0082,4,42.82533,-93.33884,Active,IA
62585,iowa_cafo_group_0887,3,42.84962,-93.75286,Active,IA
62586,iowa_cafo_group_1577,3,42.66974,-93.62896,Active,IA
62587,iowa_cafo_group_1577,3,42.65559,-93.66892,Active,IA
62588,iowa_cafo_group_1577,3,42.68454,-93.64425,Active,IA
62591,iowa_cafo_group_0006,0,43.20477,-95.90039,Active,IA
62592,iowa_cafo_group_0006,0,43.19205,-95.90286,Active,IA
62593,iowa_cafo_group_0789,3,41.19458,-91.39367,Active,IA
62594,iowa_cafo_group_0006,0,42.85547,-96.15668,Active,IA
62598,iowa_cafo_group_2056,2,42.37709,-95.05272,Active,IA
62599,iowa_cafo_group_2057,2,43.49916,-94.42304,Active,IA
62602,iowa_cafo_group_0785,2,42.76935,-95.24821,Active,IA
62603,iowa_cafo_group_2058,3,42.28077,-94.68945,Active,IA
62605,iowa_cafo_group_2059,4,42.41237,-92.97461,Active,IA
62606,iowa_cafo_group_0689,2,41.90684,-95.09776,Active,IA
62607,iowa_cafo_group_2060,3,42.26478,-92.47704,Active,IA
62608,iowa_cafo_group_2061,4,42.59091,-91.5612,Active,IA
62609,iowa_cafo_group_2062,2,42.72616,-91.94079,Active,IA
62610,iowa_cafo_group_0006,0,43.15766,-96.16859,Active,IA
62613,iowa_cafo_group_0006,0,43.36691,-95.7013,Active,IA
62614,iowa_cafo_group_0535,3,41.65429,-90.41268,Active,IA
62615,iowa_cafo_group_1134,2,41.2588,-92.56378,Active,IA
62617,iowa_cafo_group_0006,0,43.4186,-95.98104,Active,IA
62618,iowa_cafo_group_0782,2,42.68488,-95.05252,Active,IA
62619,iowa_cafo_group_2063,0,40.82056,-93.18466,Active,IA
62621,iowa_cafo_group_2064,2,41.08942,-91.69661,Active,IA
62622,iowa_cafo_group_0127,2,41.43154,-91.80703,Active,IA
62623,iowa_cafo_group_1249,2,42.34123,-91.42017,Active,IA
62624,iowa_cafo_group_1781,0,42.22057,-92.5594,Active,IA
62625,iowa_cafo_group_0739,1,42.60226,-93.22093,Active,IA
62626,iowa_cafo_group_0750,4,42.30504,-93.48427,Active,IA
62628,iowa_cafo_group_2065,0,41.59974,-93.04618,Active,IA
62630,iowa_cafo_group_1883,2,40.94217,-91.98731,Active,IA
62632,iowa_cafo_group_0598,4,42.28418,-95.0963,Active,IA
62633,iowa_cafo_group_1363,4,42.74202,-96.41036,Active,IA
62634,iowa_cafo_group_0006,0,43.4518,-95.92129,Active,IA
62635,iowa_cafo_group_2066,3,42.80058,-95.73972,Active,IA
62636,iowa_cafo_group_2067,2,41.90464,-93.63176,Active,IA
62637,iowa_cafo_group_2068,2,41.78036,-92.55465,Active,IA
62638,iowa_cafo_group_1069,1,41.43497,-91.23145,Active,IA
62639,iowa_cafo_group_0782,2,42.64668,-94.9459,Active,IA
62640,iowa_cafo_group_0006,0,43.34646,-96.32399,Active,IA
62642,iowa_cafo_group_0227,4,41.28637,-91.64686,Active,IA
62643,iowa_cafo_group_0227,4,41.2982,-91.61108,Active,IA
62644,iowa_cafo_group_0227,4,41.28344,-91.65228,Active,IA
62648,iowa_cafo_group_1046,2,42.5768,-95.12214,Active,IA
62649,iowa_cafo_group_1075,1,43.4006,-92.36885,Active,IA
62650,iowa_cafo_group_2069,0,41.99403,-94.27107,Active,IA
62651,iowa_cafo_group_0824,2,41.68452,-94.97729,Active,IA
62652,iowa_cafo_group_1668,2,42.48467,-91.22502,Active,IA
62654,iowa_cafo_group_2070,3,42.92293,-91.40975,Active,IA
62656,iowa_cafo_group_0127,2,41.41181,-91.78848,Active,IA
62657,iowa_cafo_group_2071,1,42.67832,-92.62915,Active,IA
62658,iowa_cafo_group_2072,4,42.4705,-92.77954,Active,IA
62659,iowa_cafo_group_2073,1,42.35959,-92.92595,Active,IA
62660,iowa_cafo_group_2074,1,41.52637,-92.78439,Active,IA
62662,iowa_cafo_group_2075,1,42.24978,-92.69599,Active,IA
62663,iowa_cafo_group_2076,1,41.92,-94.44,Active,IA
62664,iowa_cafo_group_0082,4,42.79494,-93.37876,Active,IA
62665,iowa_cafo_group_2077,0,41.83499,-94.45298,Active,IA
62666,iowa_cafo_group_2078,2,41.54795,-92.82375,Active,IA
62667,iowa_cafo_group_2079,1,40.90084,-94.51508,Active,IA
62668,iowa_cafo_group_1056,4,42.96758,-94.82979,Active,IA
62669,iowa_cafo_group_2080,4,42.26331,-92.67163,Active,IA
62671,iowa_cafo_group_0006,0,43.34685,-96.24051,Active,IA
62672,iowa_cafo_group_0006,0,43.04405,-95.89765,Active,IA
62673,iowa_cafo_group_0006,0,43.10704,-96.15653,Active,IA
62674,iowa_cafo_group_0006,0,43.1997,-96.05385,Active,IA
62675,iowa_cafo_group_0006,0,43.33043,-96.33123,Active,IA
62676,iowa_cafo_group_2081,2,42.63786,-92.97079,Active,IA
62677,iowa_cafo_group_0006,0,43.33169,-96.29944,Active,IA
62678,iowa_cafo_group_2082,3,41.13182,-91.38554,Active,IA
62681,iowa_cafo_group_0006,0,43.18513,-96.09955,Active,IA
62682,iowa_cafo_group_0726,3,42.62787,-92.73076,Active,IA
62683,iowa_cafo_group_1443,2,43.04551,-93.67789,Active,IA
62684,iowa_cafo_group_0006,0,43.37474,-96.3716,Active,IA
62685,iowa_cafo_group_2024,2,42.2703,-92.2631,Active,IA
62686,iowa_cafo_group_2083,3,41.70164,-94.95255,Active,IA
62687,iowa_cafo_group_0006,0,43.21277,-95.9033,Active,IA
62688,iowa_cafo_group_0090,3,41.22203,-91.72449,Active,IA
62689,iowa_cafo_group_2084,0,41.40117,-91.53541,Active,IA
62690,iowa_cafo_group_0443,3,43.22574,-95.74483,Active,IA
62694,iowa_cafo_group_2085,3,41.67923,-90.86277,Active,IA
62695,iowa_cafo_group_0006,0,43.47691,-96.34156,Active,IA
62697,iowa_cafo_group_0576,4,42.72862,-91.8793,Active,IA
62698,iowa_cafo_group_2086,2,42.22,-90.97,Active,IA
62699,iowa_cafo_group_2087,4,41.70622,-91.21822,Active,IA
62700,iowa_cafo_group_0227,4,41.31029,-91.60238,Active,IA
62701,iowa_cafo_group_2082,3,41.1041,-91.38573,Active,IA
62702,iowa_cafo_group_2088,1,42.52905,-91.19018,Active,IA
62703,iowa_cafo_group_0653,4,42.40694,-91.5576,Active,IA
62704,iowa_cafo_group_0480,1,41.13436,-91.73426,Active,IA
62705,iowa_cafo_group_1542,3,42.03726,-94.29152,Active,IA
62707,iowa_cafo_group_2089,2,42.25,-91.10942,Active,IA
62708,iowa_cafo_group_1088,4,42.94946,-92.02895,Active,IA
62709,iowa_cafo_group_1088,4,42.93653,-92.03052,Active,IA
62710,iowa_cafo_group_1940,2,42.25322,-91.35486,Active,IA
62712,iowa_cafo_group_2090,1,41.41722,-94.73547,Active,IA
62713,iowa_cafo_group_2091,3,40.79897,-94.38571,Active,IA
62714,iowa_cafo_group_2092,2,42.9149,-91.80715,Active,IA
62715,iowa_cafo_group_0006,0,43.41787,-96.48801,Active,IA
62716,iowa_cafo_group_2093,3,42.09983,-95.11145,Active,IA
62717,iowa_cafo_group_2094,4,41.04109,-94.33879,Active,IA
62718,iowa_cafo_group_2095,4,43.3388,-94.86827,Active,IA
62719,iowa_cafo_group_0851,1,41.42021,-92.49194,Active,IA
62720,iowa_cafo_group_0611,1,42.44169,-92.10646,Active,IA
62721,iowa_cafo_group_0061,1,42.83739,-95.91534,Active,IA
62722,iowa_cafo_group_1668,2,42.47281,-91.17884,Active,IA
62723,iowa_cafo_group_0006,0,42.9981,-96.14883,Active,IA
62724,iowa_cafo_group_2096,2,43.01066,-94.22937,Active,IA
62725,iowa_cafo_group_2097,3,42.58338,-95.62364,Active,IA
62726,iowa_cafo_group_0270,4,42.93585,-92.41621,Active,IA
62728,iowa_cafo_group_2098,0,42.75123,-94.59462,Active,IA
62730,iowa_cafo_group_0386,1,40.65334,-94.02595,Active,IA
62731,iowa_cafo_group_2099,4,41.2845,-94.79719,Active,IA
62733,iowa_cafo_group_2100,3,42.60526,-93.08339,Active,IA
62734,iowa_cafo_group_2101,1,42.26719,-93.17916,Active,IA
62735,iowa_cafo_group_2102,2,41.92382,-95.3222,Active,IA
62736,iowa_cafo_group_1726,3,40.70536,-94.47544,Active,IA
62737,iowa_cafo_group_2103,0,41.18735,-94.34105,Active,IA
62738,iowa_cafo_group_1498,4,41.32264,-91.46576,Active,IA
62739,iowa_cafo_group_0976,4,41.9099,-94.70394,Active,IA
62740,iowa_cafo_group_1921,3,41.87823,-94.9898,Active,IA
62743,iowa_cafo_group_1817,1,43.12114,-93.62507,Active,IA
62744,iowa_cafo_group_0342,2,42.42513,-92.53491,Active,IA
62745,iowa_cafo_group_2104,3,42.86642,-94.30156,Active,IA
62746,iowa_cafo_group_0278,2,43.48758,-94.27684,Active,IA
62747,iowa_cafo_group_1442,2,43.22064,-92.59329,Active,IA
62749,iowa_cafo_group_1582,3,42.7916,-91.97247,Active,IA
62751,iowa_cafo_group_1511,1,41.25039,-92.49223,Active,IA
62754,iowa_cafo_group_0080,2,41.993,-95.04456,Active,IA
62755,iowa_cafo_group_1375,4,41.99316,-92.17434,Active,IA
62756,iowa_cafo_group_0006,0,42.99406,-96.25473,Active,IA
62757,iowa_cafo_group_0912,2,42.34044,-93.57255,Active,IA
62758,iowa_cafo_group_0912,2,42.34712,-93.58317,Active,IA
62759,iowa_cafo_group_0912,2,42.35362,-93.55841,Active,IA
62760,iowa_cafo_group_2105,2,42.68415,-90.99129,Active,IA
62761,iowa_cafo_group_0006,0,42.84778,-96.15664,Active,IA
62762,iowa_cafo_group_0011,3,42.65234,-96.08721,Active,IA
62763,iowa_cafo_group_0440,4,42.21375,-94.7532,Active,IA
62765,iowa_cafo_group_0011,3,42.77976,-96.10862,Active,IA
62766,iowa_cafo_group_1447,3,41.2632,-92.52177,Active,IA
62768,iowa_cafo_group_0782,2,42.71217,-95.01395,Active,IA
62769,iowa_cafo_group_0931,1,42.68872,-96.21278,Active,IA
62770,iowa_cafo_group_2106,1,42.66149,-95.36045,Active,IA
62771,iowa_cafo_group_2107,1,42.019,-91.77517,Active,IA
62772,iowa_cafo_group_1582,3,42.80358,-91.987,Active,IA
62773,iowa_cafo_group_0968,0,42.39934,-95.1692,Active,IA
62774,iowa_cafo_group_0006,0,43.06887,-96.03605,Active,IA
62775,iowa_cafo_group_2108,3,42.87696,-91.60116,Active,IA
62776,iowa_cafo_group_2109,0,42.77963,-92.37443,Active,IA
62777,iowa_cafo_group_0754,1,42.26053,-93.5222,Active,IA
62778,iowa_cafo_group_0900,3,42.65001,-91.46164,Active,IA
62779,iowa_cafo_group_0900,3,42.65882,-91.45564,Active,IA
62780,iowa_cafo_group_2110,4,42.31012,-93.88844,Active,IA
62781,iowa_cafo_group_0080,2,42.01765,-94.95987,Active,IA
62782,iowa_cafo_group_2111,3,42.77846,-91.86092,Active,IA
62783,iowa_cafo_group_1509,2,42.30953,-93.85548,Active,IA
62784,iowa_cafo_group_0689,2,41.93014,-95.12964,Active,IA
62785,iowa_cafo_group_0739,1,42.53301,-93.10877,Active,IA
62786,iowa_cafo_group_2112,1,40.99887,-94.51885,Active,IA
62787,iowa_cafo_group_2113,3,42.6357,-95.34953,Active,IA
62788,iowa_cafo_group_1250,1,41.29067,-92.02612,Active,IA
62789,iowa_cafo_group_0483,4,42.97045,-95.76294,Active,IA
62790,iowa_cafo_group_0483,4,42.97041,-95.74397,Active,IA
62791,iowa_cafo_group_0483,4,42.93491,-95.79923,Active,IA
62792,iowa_cafo_group_0483,4,42.94397,-95.76182,Active,IA
62793,iowa_cafo_group_2114,4,42.0525,-91.36576,Active,IA
62795,iowa_cafo_group_2115,2,41.98366,-91.30352,Active,IA
62797,iowa_cafo_group_2116,3,42.00888,-91.34145,Active,IA
62798,iowa_cafo_group_0393,2,41.51131,-91.76334,Active,IA
62799,iowa_cafo_group_2117,3,41.34966,-92.75948,Active,IA
62800,iowa_cafo_group_2118,2,40.73133,-91.40267,Active,IA
62801,iowa_cafo_group_0227,4,41.22618,-91.56145,Active,IA
62802,iowa_cafo_group_2119,1,41.95641,-90.75966,Active,IA
62804,iowa_cafo_group_0006,0,43.3612,-96.14892,Active,IA
62806,iowa_cafo_group_1882,4,42.90821,-94.58932,Active,IA
62807,iowa_cafo_group_2120,4,40.73488,-91.50105,Active,IA
62808,iowa_cafo_group_2121,3,41.72314,-90.91713,Active,IA
62809,iowa_cafo_group_2122,4,41.41804,-91.61222,Active,IA
62810,iowa_cafo_group_2123,0,41.79,-91.11,Active,IA
62812,iowa_cafo_group_2124,3,43.00947,-91.82319,Active,IA
62813,iowa_cafo_group_0900,3,42.62888,-91.48,Active,IA
62814,iowa_cafo_group_0894,4,42.91415,-92.57267,Active,IA
62815,iowa_cafo_group_2125,2,42.81914,-91.2764,Active,IA
62816,iowa_cafo_group_0675,3,42.88787,-95.68083,Active,IA
62817,iowa_cafo_group_0006,0,43.18119,-96.21655,Active,IA
62819,iowa_cafo_group_0782,2,42.63291,-94.97729,Active,IA
62820,iowa_cafo_group_0439,3,42.82026,-92.40882,Active,IA
62821,iowa_cafo_group_2126,4,43.03077,-95.32911,Active,IA
62823,iowa_cafo_group_0611,1,42.4149,-92.15135,Active,IA
62824,iowa_cafo_group_2127,2,41.34199,-92.51093,Active,IA
62826,iowa_cafo_group_1681,4,42.97463,-95.07494,Active,IA
62827,iowa_cafo_group_0006,0,43.257,-96.39474,Active,IA
62828,iowa_cafo_group_0330,1,42.42769,-94.9515,Active,IA
62829,iowa_cafo_group_0739,1,42.61225,-93.18505,Active,IA
62830,iowa_cafo_group_0743,4,42.64682,-93.18442,Active,IA
62831,iowa_cafo_group_2128,2,42.32518,-93.04536,Active,IA
62832,iowa_cafo_group_0006,0,43.05673,-95.9594,Active,IA
62834,iowa_cafo_group_0743,4,42.63592,-93.1842,Active,IA
62835,iowa_cafo_group_1279,4,43.45599,-92.09806,Active,IA
62836,iowa_cafo_group_2129,0,42.3885,-91.34037,Active,IA
62838,iowa_cafo_group_0293,4,42.73554,-95.77323,Active,IA
62840,iowa_cafo_group_2130,1,43.04811,-92.41357,Active,IA
62841,iowa_cafo_group_1310,4,43.49974,-94.23699,Active,IA
62842,iowa_cafo_group_1699,4,40.96465,-94.37406,Active,IA
62843,iowa_cafo_group_2131,0,41.75354,-91.11368,Active,IA
62844,iowa_cafo_group_0688,3,41.91106,-95.03584,Active,IA
62845,iowa_cafo_group_0597,1,43.27019,-92.64957,Active,IA
62846,iowa_cafo_group_1603,4,42.4962,-93.75285,Active,IA
62847,iowa_cafo_group_0006,0,43.00842,-96.43096,Active,IA
62848,iowa_cafo_group_0854,4,42.04925,-93.06902,Active,IA
62849,iowa_cafo_group_0305,3,42.81256,-96.50847,Active,IA
62850,iowa_cafo_group_2132,3,42.84371,-96.45024,Active,IA
62852,iowa_cafo_group_0800,1,43.36901,-94.47004,Active,IA
62853,iowa_cafo_group_0015,4,42.22418,-94.9516,Active,IA
62854,iowa_cafo_group_2133,2,41.08376,-91.85016,Active,IA
62855,iowa_cafo_group_0111,2,42.45915,-96.2345,Active,IA
62856,iowa_cafo_group_0227,4,41.36285,-91.67297,Active,IA
62858,iowa_cafo_group_0355,1,42.51953,-95.1388,Active,IA
62859,iowa_cafo_group_1396,2,41.1045,-91.88654,Active,IA
62860,iowa_cafo_group_2134,0,43.47895,-92.19212,Active,IA
62861,iowa_cafo_group_0414,4,42.97099,-95.18893,Active,IA
62862,iowa_cafo_group_0006,0,43.12614,-95.85332,Active,IA
62863,iowa_cafo_group_0222,1,43.09887,-95.08331,Active,IA
62864,iowa_cafo_group_0252,3,42.44185,-92.48602,Active,IA
62866,iowa_cafo_group_2135,4,43.4031,-94.72063,Active,IA
62867,iowa_cafo_group_1421,2,42.36926,-92.86457,Active,IA
62869,iowa_cafo_group_0006,0,43.11286,-96.13076,Active,IA
62870,iowa_cafo_group_1376,1,43.47319,-92.86333,Active,IA
62871,iowa_cafo_group_2136,3,42.15348,-92.60186,Active,IA
62872,iowa_cafo_group_0006,0,43.44081,-95.95907,Active,IA
62873,iowa_cafo_group_0223,3,43.07773,-95.25216,Active,IA
62875,iowa_cafo_group_2137,0,42.81184,-92.87059,Active,IA
62876,iowa_cafo_group_2138,0,42.38192,-91.36465,Active,IA
62878,iowa_cafo_group_2139,1,41.55515,-90.84366,Active,IA
62879,iowa_cafo_group_2140,1,41.84095,-91.03704,Active,IA
62880,iowa_cafo_group_2141,4,41.84847,-90.95268,Active,IA
62881,iowa_cafo_group_2142,2,41.07472,-91.58789,Active,IA
62882,iowa_cafo_group_0069,3,43.34045,-94.59308,Active,IA
62884,iowa_cafo_group_2143,3,42.27552,-90.79658,Active,IA
62887,iowa_cafo_group_0246,3,42.49565,-94.75767,Active,IA
62888,iowa_cafo_group_2144,1,42.30125,-94.78517,Active,IA
62890,iowa_cafo_group_0127,2,41.39569,-91.74922,Active,IA
62891,iowa_cafo_group_2145,3,42.05802,-92.36801,Active,IA
62895,iowa_cafo_group_2146,1,42.31591,-91.82966,Active,IA
62896,iowa_cafo_group_2147,3,43.48387,-94.99258,Active,IA
62898,iowa_cafo_group_0850,4,41.3795,-92.52753,Active,IA
62899,iowa_cafo_group_0006,0,43.34327,-96.44904,Active,IA
62901,iowa_cafo_group_0006,0,43.4421,-96.05892,Active,IA
62902,iowa_cafo_group_0006,0,43.43311,-95.83311,Active,IA
62903,iowa_cafo_group_1964,3,41.13457,-94.35968,Active,IA
62904,iowa_cafo_group_1442,2,43.20531,-92.55527,Active,IA
62905,iowa_cafo_group_2148,2,41.86161,-95.42049,Active,IA
62908,iowa_cafo_group_0753,4,43.05271,-93.82708,Active,IA
62909,iowa_cafo_group_2149,3,43.27176,-92.16143,Active,IA
62910,iowa_cafo_group_1091,3,41.40554,-91.96664,Active,IA
62911,iowa_cafo_group_2150,1,42.98419,-91.92119,Active,IA
62912,iowa_cafo_group_0721,2,43.22866,-92.24835,Active,IA
62913,iowa_cafo_group_2151,0,42.19746,-92.3492,Active,IA
62914,iowa_cafo_group_1117,3,42.85401,-91.27932,Active,IA
62915,iowa_cafo_group_2152,3,43.41881,-95.67206,Active,IA
62916,iowa_cafo_group_2153,1,43.41541,-94.87343,Active,IA
62917,iowa_cafo_group_0900,3,42.64018,-91.44546,Active,IA
62918,iowa_cafo_group_2154,2,43.41696,-94.01121,Active,IA
62919,iowa_cafo_group_0872,1,43.06744,-94.46055,Active,IA
62921,iowa_cafo_group_0782,2,42.66915,-94.91403,Active,IA
62922,iowa_cafo_group_2155,4,42.63695,-96.21213,Active,IA
62923,iowa_cafo_group_1113,2,43.05274,-93.60703,Active,IA
62924,iowa_cafo_group_1388,3,43.23892,-91.24104,Active,IA
62925,iowa_cafo_group_2156,1,43.22156,-91.60939,Active,IA
62926,iowa_cafo_group_2157,1,43.12147,-91.66461,Active,IA
62927,iowa_cafo_group_2158,4,43.14246,-91.37372,Active,IA
62928,iowa_cafo_group_0919,3,43.198,-91.61834,Active,IA
62929,iowa_cafo_group_0919,3,43.20263,-91.60344,Active,IA
62930,iowa_cafo_group_2159,0,43.38455,-91.91256,Active,IA
62931,iowa_cafo_group_2160,3,43.21816,-91.69237,Active,IA
62932,iowa_cafo_group_0183,2,43.22629,-94.3497,Active,IA
62933,iowa_cafo_group_2161,2,42.05749,-94.43596,Active,IA
62934,iowa_cafo_group_0077,2,42.1513,-91.58265,Active,IA
62935,iowa_cafo_group_2162,1,42.18071,-91.408,Active,IA
62937,iowa_cafo_group_0138,4,42.31081,-93.06573,Active,IA
62939,iowa_cafo_group_2163,1,42.03405,-93.38468,Active,IA
62940,iowa_cafo_group_2164,2,41.93381,-95.07167,Active,IA
62941,iowa_cafo_group_0484,4,41.86559,-95.09349,Active,IA
62942,iowa_cafo_group_0400,2,42.45762,-94.68099,Active,IA
62943,iowa_cafo_group_2165,1,40.80064,-91.59698,Active,IA
62944,iowa_cafo_group_0006,0,43.37582,-96.1806,Active,IA
62945,iowa_cafo_group_0006,0,43.3306,-96.22279,Active,IA
62946,iowa_cafo_group_1009,3,42.91349,-91.24937,Active,IA
62947,iowa_cafo_group_0872,1,43.04103,-94.46045,Active,IA
62948,iowa_cafo_group_2166,3,43.31375,-94.09775,Active,IA
62949,iowa_cafo_group_1106,3,43.1829,-94.56458,Active,IA
62950,iowa_cafo_group_1496,3,42.36982,-95.0283,Active,IA
62951,iowa_cafo_group_2167,2,42.22628,-94.58198,Active,IA
62952,iowa_cafo_group_0006,0,43.47759,-95.78279,Active,IA
62953,iowa_cafo_group_2168,0,42.02186,-92.19712,Active,IA
62954,iowa_cafo_group_0200,2,43.35668,-95.40688,Active,IA
62956,iowa_cafo_group_0015,4,42.28028,-94.92211,Active,IA
62957,iowa_cafo_group_0754,1,42.26856,-93.54667,Active,IA
62958,iowa_cafo_group_0191,1,43.47748,-96.11086,Active,IA
62959,iowa_cafo_group_2169,3,43.45161,-92.23405,Active,IA
62961,iowa_cafo_group_2170,1,42.32344,-95.26323,Active,IA
62962,iowa_cafo_group_0056,1,42.34896,-95.12956,Active,IA
62963,iowa_cafo_group_0981,4,42.86345,-93.37754,Active,IA
62965,iowa_cafo_group_2171,3,42.17434,-90.80383,Active,IA
62966,iowa_cafo_group_2172,4,42.22832,-95.38055,Active,IA
62967,iowa_cafo_group_1495,1,42.55537,-95.43004,Active,IA
62968,iowa_cafo_group_1915,2,42.4755,-94.92334,Active,IA
62970,iowa_cafo_group_0307,4,41.55981,-95.38397,Active,IA
62971,iowa_cafo_group_0460,4,42.44294,-91.25008,Active,IA
62972,iowa_cafo_group_0175,2,42.53475,-95.5982,Active,IA
62974,iowa_cafo_group_0779,0,42.8495,-93.50133,Active,IA
62975,iowa_cafo_group_2173,0,42.022,-91.12887,Active,IA
62976,iowa_cafo_group_0644,1,42.3203,-94.87652,Active,IA
62977,iowa_cafo_group_0379,1,42.25392,-95.50561,Active,IA
62978,iowa_cafo_group_2174,3,41.74524,-94.80305,Active,IA
62980,iowa_cafo_group_0183,2,43.25988,-94.34341,Active,IA
62981,iowa_cafo_group_0227,4,41.18177,-91.63688,Active,IA
62982,iowa_cafo_group_2175,0,41.79755,-90.89277,Active,IA
62983,iowa_cafo_group_1503,3,41.74223,-91.05109,Active,IA
62984,iowa_cafo_group_1219,3,41.17421,-91.35827,Active,IA
62985,iowa_cafo_group_0227,4,41.27825,-91.63761,Active,IA
62986,iowa_cafo_group_2176,1,41.70059,-90.73511,Active,IA
62987,iowa_cafo_group_0006,0,43.41774,-96.04875,Active,IA
62988,iowa_cafo_group_0006,0,43.38227,-96.23351,Active,IA
62989,iowa_cafo_group_2177,1,42.87046,-92.49498,Active,IA
62990,iowa_cafo_group_1484,2,42.69043,-94.86192,Active,IA
62991,iowa_cafo_group_2178,1,43.44902,-92.79281,Active,IA
62992,iowa_cafo_group_2179,4,41.43836,-92.62209,Active,IA
62993,iowa_cafo_group_2180,0,41.88688,-90.77803,Active,IA
62994,iowa_cafo_group_2181,0,41.33148,-93.26371,Active,IA
62995,iowa_cafo_group_0242,1,41.48219,-92.98538,Active,IA
62996,iowa_cafo_group_2182,4,40.61173,-92.31224,Active,IA
62998,iowa_cafo_group_2183,3,43.12943,-95.48894,Active,IA
62999,iowa_cafo_group_0006,0,43.24944,-96.35499,Active,IA
63000,iowa_cafo_group_0006,0,43.48471,-95.89692,Active,IA
63001,iowa_cafo_group_1524,4,42.15062,-93.60707,Active,IA
63002,iowa_cafo_group_1267,3,42.1478,-93.2719,Active,IA
63003,iowa_cafo_group_2184,3,41.98119,-93.65388,Active,IA
63004,iowa_cafo_group_0080,2,42.02282,-94.96361,Active,IA
63005,iowa_cafo_group_0992,2,42.19679,-93.29081,Active,IA
63006,iowa_cafo_group_2185,4,41.88443,-93.2253,Active,IA
63007,iowa_cafo_group_2186,3,42.38867,-93.00368,Active,IA
63008,iowa_cafo_group_0866,1,41.16114,-91.64513,Active,IA
63009,iowa_cafo_group_0371,2,42.04457,-93.15536,Active,IA
63010,iowa_cafo_group_2187,3,42.02389,-93.20519,Active,IA
63011,iowa_cafo_group_2188,2,42.03395,-93.22666,Active,IA
63015,iowa_cafo_group_0982,4,41.92103,-92.83515,Active,IA
63016,iowa_cafo_group_2189,2,41.93046,-92.76694,Active,IA
63017,iowa_cafo_group_2190,3,41.06506,-92.66991,Active,IA
63018,iowa_cafo_group_0355,1,42.52313,-95.12894,Active,IA
63019,iowa_cafo_group_0036,3,42.53134,-95.06483,Active,IA
63020,iowa_cafo_group_0854,4,42.07862,-93.13365,Active,IA
63021,iowa_cafo_group_2191,3,41.11536,-92.73696,Active,IA
63022,iowa_cafo_group_0866,1,41.13461,-91.69088,Active,IA
63024,iowa_cafo_group_0883,1,42.37974,-94.98371,Active,IA
63025,iowa_cafo_group_0027,1,41.84805,-94.89921,Active,IA
63027,iowa_cafo_group_1510,3,42.36589,-92.0444,Active,IA
63028,iowa_cafo_group_2192,1,43.43094,-94.2078,Active,IA
63029,iowa_cafo_group_2193,0,41.05139,-95.30979,Active,IA
63030,iowa_cafo_group_2194,3,41.10075,-95.31023,Active,IA
63031,iowa_cafo_group_2195,2,42.36918,-94.11561,Active,IA
63032,iowa_cafo_group_2196,2,41.69941,-92.1212,Active,IA
63033,iowa_cafo_group_2197,1,42.18181,-92.33472,Active,IA
63034,iowa_cafo_group_2198,4,42.1577,-92.465,Active,IA
63035,iowa_cafo_group_2199,0,42.04822,-92.33603,Active,IA
63038,iowa_cafo_group_0127,2,41.41054,-91.87155,Active,IA
63039,iowa_cafo_group_0006,0,43.02534,-95.89561,Active,IA
63040,iowa_cafo_group_0127,2,41.37145,-91.85053,Active,IA
63041,iowa_cafo_group_2200,2,43.35628,-92.76432,Active,IA
63042,iowa_cafo_group_0038,1,43.42759,-94.32521,Active,IA
63043,iowa_cafo_group_0038,1,43.43125,-94.34506,Active,IA
63044,iowa_cafo_group_0038,1,43.41658,-94.34571,Active,IA
63045,iowa_cafo_group_0254,3,42.09117,-90.35703,Active,IA
63046,iowa_cafo_group_1375,4,41.97804,-92.17177,Active,IA
63047,iowa_cafo_group_0866,1,41.16196,-91.67532,Active,IA
63048,iowa_cafo_group_2201,4,41.66566,-94.48242,Active,IA
63049,iowa_cafo_group_0006,0,43.38051,-96.19439,Active,IA
63050,iowa_cafo_group_0006,0,43.21392,-96.33956,Active,IA
63051,iowa_cafo_group_0782,2,42.56073,-94.93351,Active,IA
63052,iowa_cafo_group_2202,4,42.3349,-91.17118,Active,IA
63054,iowa_cafo_group_1260,1,43.27157,-92.43841,Active,IA
63055,iowa_cafo_group_0006,0,43.04133,-96.3926,Active,IA
63057,iowa_cafo_group_0061,1,42.96436,-95.93678,Active,IA
63058,iowa_cafo_group_0227,4,41.13204,-91.56637,Active,IA
63059,iowa_cafo_group_2203,2,41.06166,-91.45771,Active,IA
63060,iowa_cafo_group_0524,1,42.46217,-95.26509,Active,IA
63062,iowa_cafo_group_0061,1,42.93016,-95.93925,Active,IA
63063,iowa_cafo_group_0061,1,42.91773,-96.03838,Active,IA
63064,iowa_cafo_group_1751,0,42.60844,-92.02031,Active,IA
63066,iowa_cafo_group_0006,0,43.15232,-96.05801,Active,IA
63067,iowa_cafo_group_0006,0,43.10478,-96.09885,Active,IA
63068,iowa_cafo_group_0006,0,43.12889,-96.04797,Active,IA
63069,iowa_cafo_group_0006,0,43.08376,-96.03905,Active,IA
63070,iowa_cafo_group_1110,2,42.64216,-93.08638,Active,IA
63071,iowa_cafo_group_0212,1,41.44698,-90.93855,Active,IA
63072,iowa_cafo_group_0212,1,41.44148,-90.93664,Active,IA
63073,iowa_cafo_group_0212,1,41.43847,-90.94053,Active,IA
63074,iowa_cafo_group_2204,2,41.03246,-91.21745,Active,IA
63075,iowa_cafo_group_1872,4,41.59507,-91.49626,Active,IA
63076,iowa_cafo_group_0393,2,41.53751,-91.70588,Active,IA
63077,iowa_cafo_group_2205,2,41.58074,-91.62558,Active,IA
63078,iowa_cafo_group_1543,3,41.53717,-91.63349,Active,IA
63079,iowa_cafo_group_0127,2,41.36524,-91.84176,Active,IA
63080,iowa_cafo_group_0006,0,43.04487,-96.11474,Active,IA
63081,iowa_cafo_group_0006,0,43.03368,-96.19314,Active,IA
63082,iowa_cafo_group_2206,3,43.34003,-91.32642,Active,IA
63083,iowa_cafo_group_2207,3,42.32523,-91.8977,Active,IA
63084,iowa_cafo_group_1467,2,42.53366,-91.43237,Active,IA
63085,iowa_cafo_group_2208,4,42.43332,-91.27577,Active,IA
63086,iowa_cafo_group_1812,2,42.48923,-91.32116,Active,IA
63087,iowa_cafo_group_0006,0,42.99307,-95.95519,Active,IA
63088,iowa_cafo_group_0006,0,43.07442,-95.88028,Active,IA
63089,iowa_cafo_group_1579,2,42.60925,-93.59854,Active,IA
63090,iowa_cafo_group_1091,3,41.43184,-91.96695,Active,IA
63091,iowa_cafo_group_2209,2,41.45473,-92.09912,Active,IA
63092,iowa_cafo_group_2210,1,41.42697,-92.00532,Active,IA
63093,iowa_cafo_group_0866,1,41.16472,-91.68093,Active,IA
63094,iowa_cafo_group_0227,4,41.1773,-91.61131,Active,IA
63095,iowa_cafo_group_0227,4,41.17771,-91.62288,Active,IA
63096,iowa_cafo_group_0227,4,41.16953,-91.62222,Active,IA
63100,iowa_cafo_group_2211,4,41.35306,-91.55896,Active,IA
63101,iowa_cafo_group_0090,3,41.21901,-91.75154,Active,IA
63102,iowa_cafo_group_0393,2,41.49965,-91.77892,Active,IA
63103,iowa_cafo_group_0393,2,41.49663,-91.7304,Active,IA
63104,iowa_cafo_group_2212,1,41.49728,-91.67485,Active,IA
63105,iowa_cafo_group_0550,4,42.7645,-95.28665,Active,IA
63106,iowa_cafo_group_1091,3,41.44248,-91.84862,Active,IA
63108,iowa_cafo_group_0227,4,41.14361,-91.60003,Active,IA
63109,iowa_cafo_group_2213,3,40.61548,-92.49802,Active,IA
63110,iowa_cafo_group_0866,1,41.14582,-91.63844,Active,IA
63111,iowa_cafo_group_1220,3,41.17335,-91.44644,Active,IA
63112,iowa_cafo_group_2214,1,41.44107,-91.61913,Active,IA
63113,iowa_cafo_group_0471,4,42.27139,-94.5109,Active,IA
63114,iowa_cafo_group_0191,1,43.46252,-96.08729,Active,IA
63115,iowa_cafo_group_2215,3,42.28001,-92.65004,Active,IA
63119,iowa_cafo_group_2216,4,41.43545,-93.77836,Active,IA
63122,iowa_cafo_group_2217,0,40.7469,-94.6199,Active,IA
63124,iowa_cafo_group_2218,2,41.22365,-93.59559,Active,IA
63125,iowa_cafo_group_2219,1,42.00607,-92.79109,Active,IA
63127,iowa_cafo_group_1506,2,41.67943,-90.91996,Active,IA
63128,iowa_cafo_group_0857,2,41.68223,-91.03676,Active,IA
63129,iowa_cafo_group_0459,2,42.57009,-91.15935,Active,IA
63130,iowa_cafo_group_2220,4,41.08045,-93.95648,Active,IA
63131,iowa_cafo_group_2221,0,41.92336,-93.518,Active,IA
63132,iowa_cafo_group_2222,2,41.84893,-94.23882,Active,IA
63134,iowa_cafo_group_2223,1,41.60093,-92.37038,Active,IA
63135,iowa_cafo_group_2224,2,41.76806,-93.34949,Active,IA
63137,iowa_cafo_group_2225,4,41.77632,-93.53244,Active,IA
63138,iowa_cafo_group_2226,1,42.58958,-91.40876,Active,IA
63139,iowa_cafo_group_0439,3,42.83355,-92.38084,Active,IA
63140,iowa_cafo_group_0006,0,43.05516,-96.22841,Active,IA
63143,iowa_cafo_group_2227,4,41.709,-91.90773,Active,IA
63144,iowa_cafo_group_0006,0,43.14183,-95.98859,Active,IA
63146,iowa_cafo_group_1657,2,41.54192,-91.86162,Active,IA
63147,iowa_cafo_group_0061,1,42.91496,-96.08052,Active,IA
63148,iowa_cafo_group_0006,0,43.01813,-95.93965,Active,IA
63149,iowa_cafo_group_0006,0,43.02522,-95.93673,Active,IA
63150,iowa_cafo_group_0006,0,43.1852,-96.01555,Active,IA
63151,iowa_cafo_group_0127,2,41.38229,-91.86797,Active,IA
63152,iowa_cafo_group_2228,3,43.30432,-92.09805,Active,IA
63155,iowa_cafo_group_2229,1,40.74216,-93.81612,Active,IA
63158,iowa_cafo_group_2230,3,41.50784,-93.05826,Active,IA
63159,iowa_cafo_group_0006,0,42.91033,-96.12094,Active,IA
63160,iowa_cafo_group_2231,3,41.34891,-94.75847,Active,IA
63161,iowa_cafo_group_0738,3,42.61687,-93.35219,Active,IA
63162,iowa_cafo_group_0738,3,42.59487,-93.37897,Active,IA
63163,iowa_cafo_group_2232,4,43.49454,-91.90944,Active,IA
63164,iowa_cafo_group_1787,3,42.17987,-93.60621,Active,IA
63165,iowa_cafo_group_2233,4,40.96532,-94.87065,Active,IA
63166,iowa_cafo_group_2234,1,42.03769,-93.59319,Active,IA
63168,iowa_cafo_group_2235,2,40.7964,-93.41667,Active,IA
63172,iowa_cafo_group_1065,3,43.32635,-94.31458,Active,IA
63173,iowa_cafo_group_1788,1,42.53013,-91.71005,Active,IA
63174,iowa_cafo_group_2228,3,43.29,-92.1,Active,IA
63175,iowa_cafo_group_0644,1,42.32558,-94.88194,Active,IA
63176,iowa_cafo_group_0027,1,41.93043,-94.82273,Active,IA
63177,iowa_cafo_group_0398,3,41.32988,-94.56486,Active,IA
63178,iowa_cafo_group_0484,4,41.87634,-95.12358,Active,IA
63179,iowa_cafo_group_2162,1,42.1821,-91.42769,Active,IA
63183,iowa_cafo_group_0006,0,43.10768,-96.21611,Active,IA
63184,iowa_cafo_group_2236,1,42.3093,-93.41087,Active,IA
63185,iowa_cafo_group_0754,1,42.29717,-93.55819,Active,IA
63187,iowa_cafo_group_0912,2,42.36673,-93.54621,Active,IA
63190,iowa_cafo_group_2237,2,41.49787,-93.87598,Active,IA
63192,iowa_cafo_group_2238,1,41.80272,-92.82312,Active,IA
63193,iowa_cafo_group_0006,0,43.17964,-95.97788,Active,IA
63195,iowa_cafo_group_2239,2,41.45555,-94.06921,Active,IA
63196,iowa_cafo_group_0011,3,42.80768,-96.08673,Active,IA
63199,iowa_cafo_group_0011,3,42.83598,-96.03202,Active,IA
63205,iowa_cafo_group_2240,3,41.85475,-94.00967,Active,IA
63206,iowa_cafo_group_2241,3,41.9663,-92.95947,Active,IA
63207,iowa_cafo_group_0148,4,41.93066,-92.98941,Active,IA
63208,iowa_cafo_group_0148,4,41.93432,-92.97021,Active,IA
63209,iowa_cafo_group_2242,1,41.09342,-93.88274,Active,IA
63210,iowa_cafo_group_0737,3,42.66284,-93.3741,Active,IA
63211,iowa_cafo_group_0006,0,42.84992,-96.25136,Active,IA
63212,iowa_cafo_group_2243,4,41.14728,-92.03326,Active,IA
63213,iowa_cafo_group_0959,1,42.25031,-93.13153,Active,IA
63214,iowa_cafo_group_0061,1,42.77787,-95.87464,Active,IA
63215,iowa_cafo_group_0027,1,41.91874,-94.82075,Active,IA
63216,iowa_cafo_group_1291,1,42.72332,-95.95985,Active,IA
63217,iowa_cafo_group_0215,4,42.1259,-90.74607,Active,IA
63218,iowa_cafo_group_0080,2,42.04884,-94.99834,Active,IA
63219,iowa_cafo_group_0239,4,42.16889,-95.06232,Active,IA
63220,iowa_cafo_group_0782,2,42.61779,-94.94274,Active,IA
63221,iowa_cafo_group_1138,2,42.92511,-95.15243,Active,IA
63222,iowa_cafo_group_0006,0,42.83321,-96.2508,Active,IA
63224,iowa_cafo_group_2244,4,41.08469,-91.50748,Active,IA
63225,iowa_cafo_group_2245,0,40.87244,-91.6183,Active,IA
63226,iowa_cafo_group_0893,1,43.35742,-94.33195,Active,IA
63227,iowa_cafo_group_2246,1,41.46129,-94.52332,Active,IA
63228,iowa_cafo_group_2246,1,41.45927,-94.53265,Active,IA
63229,iowa_cafo_group_2247,1,41.48881,-94.52776,Active,IA
63230,iowa_cafo_group_0227,4,41.14119,-91.5953,Active,IA
63231,iowa_cafo_group_2248,1,42.82141,-96.3908,Active,IA
63232,iowa_cafo_group_0006,0,43.25114,-96.11952,Active,IA
63233,iowa_cafo_group_0872,1,43.02736,-94.50065,Active,IA
63234,iowa_cafo_group_2249,1,42.15262,-95.31111,Active,IA
63235,iowa_cafo_group_0006,0,43.1556,-95.91983,Active,IA
63236,iowa_cafo_group_0011,3,42.80459,-96.01598,Active,IA
63237,iowa_cafo_group_0011,3,42.80768,-96.0059,Active,IA
63238,iowa_cafo_group_1720,3,40.85858,-94.27476,Active,IA
63239,iowa_cafo_group_0484,4,41.87374,-95.14971,Active,IA
63240,iowa_cafo_group_1533,4,41.60423,-91.31674,Active,IA
63241,iowa_cafo_group_1091,3,41.43254,-91.92136,Active,IA
63242,iowa_cafo_group_0866,1,41.14213,-91.68026,Active,IA
63243,iowa_cafo_group_0782,2,42.67049,-94.93394,Active,IA
63244,iowa_cafo_group_0246,3,42.45283,-94.76593,Active,IA
63245,iowa_cafo_group_1074,2,43.48747,-92.55028,Active,IA
63246,iowa_cafo_group_0011,3,42.66092,-96.19086,Active,IA
63247,iowa_cafo_group_2250,0,42.67549,-95.55029,Active,IA
63248,iowa_cafo_group_1628,4,43.36433,-95.36971,Active,IA
63249,iowa_cafo_group_1628,4,43.37075,-95.37531,Active,IA
63250,iowa_cafo_group_0006,0,43.36094,-96.29849,Active,IA
63251,iowa_cafo_group_2251,4,42.10541,-93.81385,Active,IA
63252,iowa_cafo_group_0686,2,42.42631,-92.37907,Active,IA
63253,iowa_cafo_group_0011,3,42.82401,-96.06684,Active,IA
63254,iowa_cafo_group_0011,3,42.80891,-96.09131,Active,IA
63255,iowa_cafo_group_2252,4,42.33334,-94.31933,Active,IA
63256,iowa_cafo_group_2121,3,41.73355,-90.93483,Active,IA
63257,iowa_cafo_group_2253,2,41.3458,-93.75064,Active,IA
63258,iowa_cafo_group_2254,2,41.06792,-91.69015,Active,IA
63259,iowa_cafo_group_1086,4,43.02618,-95.57325,Active,IA
63260,iowa_cafo_group_2255,1,41.66915,-94.81295,Active,IA
63261,iowa_cafo_group_0168,1,42.13896,-95.48614,Active,IA
63262,iowa_cafo_group_2256,2,42.10143,-95.41882,Active,IA
63263,iowa_cafo_group_0006,0,43.02967,-96.05618,Active,IA
63264,iowa_cafo_group_2257,4,41.35251,-91.97704,Active,IA
63265,iowa_cafo_group_0782,2,42.56993,-94.97195,Active,IA
63267,iowa_cafo_group_2258,1,43.42596,-95.64146,Active,IA
63268,iowa_cafo_group_1225,1,42.57218,-91.22098,Active,IA
63269,iowa_cafo_group_0944,2,42.33901,-94.77571,Active,IA
63270,iowa_cafo_group_0992,2,42.20747,-93.29297,Active,IA
63271,iowa_cafo_group_2259,2,42.08137,-95.40488,Active,IA
63272,iowa_cafo_group_0082,4,42.78822,-93.37426,Active,IA
63273,iowa_cafo_group_0588,4,43.36129,-92.8916,Active,IA
63275,iowa_cafo_group_0739,1,42.57786,-93.22267,Active,IA
63277,iowa_cafo_group_2260,2,42.16004,-95.63215,Active,IA
63278,iowa_cafo_group_0618,1,43.27171,-92.35618,Active,IA
63279,iowa_cafo_group_0524,1,42.47011,-95.24949,Active,IA
63280,iowa_cafo_group_1639,2,43.21359,-95.36426,Active,IA
63281,iowa_cafo_group_1123,4,41.05927,-91.03469,Active,IA
63282,iowa_cafo_group_2261,4,42.5304,-95.28102,Active,IA
63284,iowa_cafo_group_2262,1,43.35599,-92.8396,Active,IA
63285,iowa_cafo_group_2263,4,41.53116,-91.05856,Active,IA
63286,iowa_cafo_group_0681,3,42.4,-93.18,Active,IA
63287,iowa_cafo_group_0905,4,42.37556,-93.17569,Active,IA
63288,iowa_cafo_group_0483,4,43.0343,-95.72199,Active,IA
63289,iowa_cafo_group_0533,0,42.66071,-93.98804,Active,IA
63290,iowa_cafo_group_0483,4,43.01009,-95.74284,Active,IA
63291,iowa_cafo_group_1598,3,41.42676,-92.88881,Active,IA
63292,iowa_cafo_group_2264,3,41.91114,-90.99023,Active,IA
63294,iowa_cafo_group_1123,4,41.05928,-91.036,Active,IA
63295,iowa_cafo_group_1650,4,40.82398,-91.51093,Active,IA
63296,iowa_cafo_group_2265,4,42.78993,-93.53742,Active,IA
63297,iowa_cafo_group_0740,3,42.7571,-93.49967,Active,IA
63300,iowa_cafo_group_2266,2,41.39454,-91.42147,Active,IA
63302,iowa_cafo_group_0537,4,43.31502,-92.70795,Active,IA
63304,iowa_cafo_group_0847,4,40.65311,-93.71388,Active,IA
63305,iowa_cafo_group_0741,3,42.82011,-93.1319,Active,IA
63306,iowa_cafo_group_0364,3,41.67435,-92.85916,Active,IA
63307,iowa_cafo_group_1208,4,43.44587,-93.93308,Active,IA
63309,iowa_cafo_group_2267,1,41.9622,-92.13729,Active,IA
63311,iowa_cafo_group_0134,4,42.44231,-95.58967,Active,IA
63312,iowa_cafo_group_0793,1,42.80698,-95.40913,Active,IA
63313,iowa_cafo_group_0191,1,43.45321,-96.07873,Active,IA
63315,iowa_cafo_group_2268,0,42.61915,-91.74425,Active,IA
63318,iowa_cafo_group_2269,1,41.04553,-93.3762,Active,IA
63319,iowa_cafo_group_2269,1,41.03051,-93.3726,Active,IA
63320,iowa_cafo_group_2269,1,41.02786,-93.37155,Active,IA
63321,iowa_cafo_group_1480,1,42.84964,-95.21557,Active,IA
63322,iowa_cafo_group_1701,3,40.93069,-91.89055,Active,IA
63323,iowa_cafo_group_0851,1,41.4153,-92.50153,Active,IA
63324,iowa_cafo_group_0719,2,43.31,-92.55,Active,IA
63325,iowa_cafo_group_0082,4,42.80459,-93.33003,Active,IA
63326,iowa_cafo_group_2270,1,43.17454,-91.76048,Active,IA
63327,iowa_cafo_group_1729,3,43.20155,-91.34495,Active,IA
63328,iowa_cafo_group_2271,0,43.39218,-91.71593,Active,IA
63329,iowa_cafo_group_0782,2,42.6044,-94.95867,Active,IA
63330,iowa_cafo_group_0797,1,42.92526,-94.96208,Active,IA
63331,iowa_cafo_group_2257,4,41.34873,-92.00376,Active,IA
63332,iowa_cafo_group_1467,2,42.5502,-91.44443,Active,IA
63333,iowa_cafo_group_0011,3,42.77955,-96.13248,Active,IA
63334,iowa_cafo_group_1480,1,42.8904,-95.2498,Active,IA
63335,iowa_cafo_group_0782,2,42.70601,-95.03273,Active,IA
63336,iowa_cafo_group_2272,0,42.82741,-95.49852,Active,IA
63337,iowa_cafo_group_0112,1,42.7907,-95.07588,Active,IA
63338,iowa_cafo_group_2273,1,42.48463,-92.98106,Active,IA
63339,iowa_cafo_group_1114,1,43.04431,-95.36895,Active,IA
63341,iowa_cafo_group_2274,2,42.75937,-93.31374,Active,IA
63342,iowa_cafo_group_2275,2,41.52955,-92.84469,Active,IA
63343,iowa_cafo_group_0006,0,43.14208,-96.3713,Active,IA
63344,iowa_cafo_group_0006,0,43.129,-96.37749,Active,IA
63346,iowa_cafo_group_1308,2,43.16876,-93.79779,Active,IA
63347,iowa_cafo_group_2276,2,43.25436,-91.44759,Active,IA
63349,iowa_cafo_group_1759,3,42.68189,-94.8078,Active,IA
63350,iowa_cafo_group_2277,1,42.70052,-94.50364,Active,IA
63351,iowa_cafo_group_2278,3,40.92343,-91.01426,Active,IA
63352,iowa_cafo_group_0006,0,43.49842,-96.20528,Active,IA
63354,iowa_cafo_group_0006,0,43.25946,-95.9405,Active,IA
63355,iowa_cafo_group_0112,1,42.80385,-95.01812,Active,IA
63356,iowa_cafo_group_0112,1,42.77841,-94.97602,Active,IA
63358,iowa_cafo_group_0957,2,42.82301,-95.02491,Active,IA
63360,iowa_cafo_group_2279,2,41.86716,-90.39349,Active,IA
63361,iowa_cafo_group_2280,3,43.06597,-91.42794,Active,IA
63363,iowa_cafo_group_2281,0,41.41301,-93.20662,Active,IA
63364,iowa_cafo_group_2282,1,41.18157,-93.22219,Active,IA
63365,iowa_cafo_group_2283,2,41.31087,-93.24804,Active,IA
63366,iowa_cafo_group_0955,3,42.34612,-94.16226,Active,IA
63368,iowa_cafo_group_2284,4,41.45352,-93.13489,Active,IA
63369,iowa_cafo_group_0704,0,41.27935,-94.58569,Active,IA
63370,iowa_cafo_group_0006,0,43.20081,-96.15233,Active,IA
63371,iowa_cafo_group_1046,2,42.60247,-95.11094,Active,IA
63372,iowa_cafo_group_0596,1,41.70329,-92.24667,Active,IA
63373,iowa_cafo_group_2285,3,41.76102,-92.18111,Active,IA
63374,iowa_cafo_group_0061,1,42.91032,-95.93776,Active,IA
63376,iowa_cafo_group_0617,2,41.63788,-92.05433,Active,IA
63378,iowa_cafo_group_2286,3,42.38079,-95.69092,Active,IA
63379,iowa_cafo_group_0957,2,42.85598,-95.05543,Active,IA
63380,iowa_cafo_group_0006,0,43.39043,-96.2036,Active,IA
63382,iowa_cafo_group_0061,1,42.76482,-95.75822,Active,IA
63383,iowa_cafo_group_2287,2,42.66294,-96.32601,Active,IA
63387,iowa_cafo_group_0529,1,43.25592,-95.31496,Active,IA
63388,iowa_cafo_group_0550,4,42.80039,-95.25113,Active,IA
63389,iowa_cafo_group_2288,3,40.9918,-94.27096,Active,IA
63390,iowa_cafo_group_1994,2,40.82331,-94.37865,Active,IA
63391,iowa_cafo_group_0159,1,41.97065,-90.30809,Active,IA
63392,iowa_cafo_group_2289,3,42.09298,-90.28438,Active,IA
63393,iowa_cafo_group_1668,2,42.48388,-91.19535,Active,IA
63394,iowa_cafo_group_2290,2,41.51177,-93.80328,Active,IA
63398,iowa_cafo_group_2291,0,41.43513,-93.65885,Active,IA
63399,iowa_cafo_group_0618,1,43.30638,-92.40897,Active,IA
63401,iowa_cafo_group_0443,3,43.2547,-95.70241,Active,IA
63402,iowa_cafo_group_2292,0,43.46913,-93.35724,Active,IA
63404,iowa_cafo_group_1546,3,40.87707,-95.59919,Active,IA
63405,iowa_cafo_group_2293,3,43.34115,-92.01263,Active,IA
63406,iowa_cafo_group_1036,1,42.65944,-95.44551,Active,IA
63407,iowa_cafo_group_2294,4,43.17032,-95.68508,Active,IA
63408,iowa_cafo_group_0191,1,43.47575,-96.08749,Active,IA
63409,iowa_cafo_group_0965,4,42.23973,-95.05171,Active,IA
63410,iowa_cafo_group_2295,3,42.92811,-95.2887,Active,IA
63411,iowa_cafo_group_0483,4,43.04283,-95.69423,Active,IA
63412,iowa_cafo_group_2296,2,42.63685,-90.98302,Active,IA
63413,iowa_cafo_group_2294,4,43.16281,-95.68237,Active,IA
63414,iowa_cafo_group_0443,3,43.30245,-95.59186,Active,IA
63415,iowa_cafo_group_0011,3,42.7098,-96.11731,Active,IA
63416,iowa_cafo_group_0781,1,42.86115,-93.79172,Active,IA
63417,iowa_cafo_group_1238,2,42.70307,-92.13508,Active,IA
63418,iowa_cafo_group_1918,1,43.15059,-92.06319,Active,IA
63419,iowa_cafo_group_2297,2,42.42038,-93.67855,Active,IA
63420,iowa_cafo_group_2298,4,42.45706,-93.651,Active,IA
63422,iowa_cafo_group_2299,4,41.37284,-92.58799,Active,IA
63423,iowa_cafo_group_0425,3,42.71775,-93.02486,Active,IA
63424,iowa_cafo_group_0011,3,42.76503,-96.00718,Active,IA
63425,iowa_cafo_group_2300,2,42.98364,-93.51595,Active,IA
63426,iowa_cafo_group_1812,2,42.50827,-91.30219,Active,IA
63427,iowa_cafo_group_0061,1,42.84791,-95.79785,Active,IA
63428,iowa_cafo_group_0739,1,42.58695,-93.1995,Active,IA
63429,iowa_cafo_group_2301,0,43.26934,-95.82101,Active,IA
63430,iowa_cafo_group_0006,0,43.15397,-96.2927,Active,IA
63431,iowa_cafo_group_0483,4,43.01214,-95.78218,Active,IA
63434,iowa_cafo_group_2302,2,41.36666,-94.11152,Active,IA
63435,iowa_cafo_group_0242,1,41.47365,-92.98164,Active,IA
63436,iowa_cafo_group_2303,2,41.65914,-92.47904,Active,IA
63437,iowa_cafo_group_0006,0,43.39188,-96.48066,Active,IA
63438,iowa_cafo_group_0006,0,43.31823,-96.46084,Active,IA
63441,iowa_cafo_group_0511,2,41.48914,-95.17877,Active,IA
63442,iowa_cafo_group_2304,4,41.84978,-93.32724,Active,IA
63443,iowa_cafo_group_2305,2,41.76516,-93.29613,Active,IA
63444,iowa_cafo_group_2306,3,42.46302,-90.98052,Active,IA
63445,iowa_cafo_group_2307,0,41.75928,-93.18743,Active,IA
63447,iowa_cafo_group_2308,4,41.67,-92.90445,Active,IA
63450,iowa_cafo_group_2309,0,41.78709,-93.01037,Active,IA
63451,iowa_cafo_group_2307,0,41.76087,-93.19955,Active,IA
63452,iowa_cafo_group_0848,3,41.78577,-93.07873,Active,IA
63453,iowa_cafo_group_0006,0,43.26012,-96.33329,Active,IA
63454,iowa_cafo_group_0006,0,43.27348,-96.35556,Active,IA
63455,iowa_cafo_group_0006,0,43.28602,-95.99055,Active,IA
63456,iowa_cafo_group_0006,0,43.26971,-95.88246,Active,IA
63458,iowa_cafo_group_0006,0,43.32955,-96.22976,Active,IA
63459,iowa_cafo_group_2262,1,43.37172,-92.81778,Active,IA
63460,iowa_cafo_group_0393,2,41.48108,-91.74953,Active,IA
63461,iowa_cafo_group_2310,4,43.25135,-91.56797,Active,IA
63463,iowa_cafo_group_1038,4,42.83649,-94.66553,Active,IA
63464,iowa_cafo_group_2311,0,42.66458,-92.21787,Active,IA
63465,iowa_cafo_group_1203,4,42.77209,-92.26833,Active,IA
63466,iowa_cafo_group_0006,0,43.49203,-96.40296,Active,IA
63467,iowa_cafo_group_0006,0,43.49063,-96.34277,Active,IA
63468,iowa_cafo_group_0006,0,43.46903,-96.3907,Active,IA
63469,iowa_cafo_group_0922,3,42.91218,-92.87059,Active,IA
63470,iowa_cafo_group_0006,0,43.41667,-96.11542,Active,IA
63472,iowa_cafo_group_2312,1,40.58641,-93.84519,Active,IA
63473,iowa_cafo_group_2313,4,42.98073,-91.58883,Active,IA
63474,iowa_cafo_group_2314,2,42.64537,-91.37686,Active,IA
63475,iowa_cafo_group_2313,4,42.98092,-91.59913,Active,IA
63476,iowa_cafo_group_0850,4,41.41851,-92.54663,Active,IA
63478,iowa_cafo_group_2315,2,42.93003,-91.38692,Active,IA
63479,iowa_cafo_group_2316,3,43.2271,-91.56249,Active,IA
63481,iowa_cafo_group_2317,4,42.57192,-91.376,Active,IA
63484,iowa_cafo_group_2318,3,43.47493,-94.64522,Active,IA
63485,iowa_cafo_group_0244,4,41.52498,-92.3665,Active,IA
63486,iowa_cafo_group_2319,0,41.64836,-92.3643,Active,IA
63487,iowa_cafo_group_0537,4,43.30745,-92.73055,Active,IA
63492,iowa_cafo_group_0900,3,42.65287,-91.47505,Active,IA
63493,iowa_cafo_group_0307,4,41.57968,-95.39109,Active,IA
63494,iowa_cafo_group_0782,2,42.68047,-95.03655,Active,IA
63496,iowa_cafo_group_0061,1,42.85302,-95.6813,Active,IA
63497,iowa_cafo_group_0183,2,43.23204,-94.34301,Active,IA
63498,iowa_cafo_group_0510,3,43.41579,-92.70652,Active,IA
63499,iowa_cafo_group_2320,0,41.83024,-94.39852,Active,IA
63500,iowa_cafo_group_1117,3,42.88788,-91.31091,Active,IA
63501,iowa_cafo_group_2321,1,42.04619,-94.34704,Active,IA
63502,iowa_cafo_group_2322,4,42.01251,-94.28147,Active,IA
63505,iowa_cafo_group_1812,2,42.52866,-91.29443,Active,IA
63506,iowa_cafo_group_0006,0,43.19969,-95.93678,Active,IA
63507,iowa_cafo_group_2323,0,41.72719,-91.96944,Active,IA
63508,iowa_cafo_group_1100,2,42.79071,-96.234,Active,IA
63509,iowa_cafo_group_0545,4,42.38289,-93.3629,Active,IA
63512,iowa_cafo_group_2324,1,42.82151,-91.81383,Active,IA
63513,iowa_cafo_group_1535,2,42.19413,-95.29748,Active,IA
63515,iowa_cafo_group_0016,2,42.39444,-94.8777,Active,IA
63516,iowa_cafo_group_2325,2,41.2828,-92.52833,Active,IA
63518,iowa_cafo_group_2127,2,41.34121,-92.4998,Active,IA
63519,iowa_cafo_group_0850,4,41.40733,-92.54975,Active,IA
63521,iowa_cafo_group_1253,2,41.34938,-92.67507,Active,IA
63522,iowa_cafo_group_2326,4,41.26143,-92.67506,Active,IA
63523,iowa_cafo_group_0478,1,41.16228,-92.59704,Active,IA
63525,iowa_cafo_group_0478,1,41.17162,-92.61319,Active,IA
63526,iowa_cafo_group_1253,2,41.34103,-92.706,Active,IA
63527,iowa_cafo_group_0026,2,42.12221,-94.82415,Active,IA
63528,iowa_cafo_group_1987,2,41.96831,-95.05148,Active,IA
63529,iowa_cafo_group_0782,2,42.6395,-94.91459,Active,IA
63531,iowa_cafo_group_0782,2,42.60457,-94.92451,Active,IA
63532,iowa_cafo_group_1134,2,41.2344,-92.54345,Active,IA
63536,iowa_cafo_group_1511,1,41.24146,-92.50583,Active,IA
63539,iowa_cafo_group_0006,0,43.16931,-96.45208,Active,IA
63540,iowa_cafo_group_0155,3,42.52179,-94.79555,Active,IA
63542,iowa_cafo_group_2327,2,41.85304,-95.32291,Active,IA
63543,iowa_cafo_group_0006,0,43.28098,-96.35375,Active,IA
63544,iowa_cafo_group_2328,3,43.25605,-95.09009,Active,IA
63545,iowa_cafo_group_2329,0,42.04553,-95.95134,Active,IA
63546,iowa_cafo_group_2330,4,42.93101,-92.29903,Active,IA
63547,iowa_cafo_group_0443,3,43.27533,-95.6633,Active,IA
63548,iowa_cafo_group_0090,3,41.25535,-91.75792,Active,IA
63549,iowa_cafo_group_0545,4,42.23915,-93.2515,Active,IA
63550,iowa_cafo_group_0006,0,43.14176,-96.02853,Active,IA
63552,iowa_cafo_group_0006,0,43.4481,-96.30913,Active,IA
63553,iowa_cafo_group_0006,0,43.30817,-96.21307,Active,IA
63556,iowa_cafo_group_0553,1,43.43938,-91.41377,Active,IA
63557,iowa_cafo_group_2331,0,43.42222,-95.48585,Active,IA
63558,iowa_cafo_group_2332,3,42.44869,-92.69713,Active,IA
63559,iowa_cafo_group_1009,3,42.91503,-91.25292,Active,IA
63560,iowa_cafo_group_0310,4,43.06817,-91.61608,Active,IA
63561,iowa_cafo_group_2258,1,43.4766,-95.59814,Active,IA
63562,iowa_cafo_group_1103,1,42.87597,-92.02401,Active,IA
63563,iowa_cafo_group_0443,3,43.25901,-95.68312,Active,IA
63564,iowa_cafo_group_0653,4,42.41278,-91.60353,Active,IA
63565,iowa_cafo_group_0715,1,42.89799,-91.7314,Active,IA
63566,iowa_cafo_group_2333,4,41.89146,-94.24172,Active,IA
63567,iowa_cafo_group_0006,0,43.39952,-96.35117,Active,IA
63568,iowa_cafo_group_2334,2,40.98787,-95.4305,Active,IA
63569,iowa_cafo_group_0042,2,42.09339,-95.73052,Active,IA
63570,iowa_cafo_group_0042,2,42.08145,-95.737,Active,IA
63571,iowa_cafo_group_0042,2,42.0819,-95.74975,Active,IA
63575,iowa_cafo_group_0068,2,42.36652,-95.22472,Active,IA
63576,iowa_cafo_group_1100,2,42.80432,-96.24728,Active,IA
63577,iowa_cafo_group_2335,0,41.59716,-90.39771,Active,IA
63578,iowa_cafo_group_0006,0,43.33061,-96.27027,Active,IA
63579,iowa_cafo_group_0726,3,42.64289,-92.72156,Active,IA
63580,iowa_cafo_group_0738,3,42.59761,-93.35938,Active,IA
63582,iowa_cafo_group_1586,3,41.88607,-90.2852,Active,IA
63583,iowa_cafo_group_0738,3,42.57221,-93.3199,Active,IA
63585,iowa_cafo_group_0006,0,43.31676,-96.40924,Active,IA
63586,iowa_cafo_group_0006,0,43.48987,-95.7324,Active,IA
63587,iowa_cafo_group_2336,2,40.8484,-94.67973,Active,IA
63588,iowa_cafo_group_0227,4,41.41036,-91.70827,Active,IA
63589,iowa_cafo_group_0080,2,41.97567,-94.95682,Active,IA
63590,iowa_cafo_group_0653,4,42.40647,-91.54054,Active,IA
63591,iowa_cafo_group_1535,2,42.20349,-95.28589,Active,IA
63592,iowa_cafo_group_0420,4,42.97901,-92.21778,Active,IA
63594,iowa_cafo_group_0006,0,43.47604,-96.54026,Active,IA
63595,iowa_cafo_group_0006,0,43.21393,-96.4045,Active,IA
63596,iowa_cafo_group_0782,2,42.51305,-94.9941,Active,IA
63597,iowa_cafo_group_0981,4,42.84789,-93.3887,Active,IA
63598,iowa_cafo_group_0726,3,42.62785,-92.71785,Active,IA
63599,iowa_cafo_group_0127,2,41.39183,-91.79779,Active,IA
63600,iowa_cafo_group_1629,4,42.88515,-94.95473,Active,IA
63601,iowa_cafo_group_0782,2,42.55963,-94.90683,Active,IA
63602,iowa_cafo_group_0754,1,42.27501,-93.56139,Active,IA
63603,iowa_cafo_group_0749,4,42.46163,-93.50068,Active,IA
63604,iowa_cafo_group_0183,2,43.22756,-94.38192,Active,IA
63605,iowa_cafo_group_0545,4,42.22254,-93.22332,Active,IA
63606,iowa_cafo_group_0006,0,42.96748,-96.13468,Active,IA
63607,iowa_cafo_group_2337,4,41.49595,-95.05746,Active,IA
63608,iowa_cafo_group_0006,0,43.14181,-95.99988,Active,IA
63609,iowa_cafo_group_0006,0,43.32946,-96.25803,Active,IA
63610,iowa_cafo_group_1287,4,42.59226,-95.46913,Active,IA
63611,iowa_cafo_group_0611,1,42.41354,-92.12827,Active,IA
63612,iowa_cafo_group_2338,2,42.13819,-95.27177,Active,IA
63613,iowa_cafo_group_2339,0,41.64158,-94.81989,Active,IA
63614,iowa_cafo_group_0616,4,42.27754,-95.38217,Active,IA
63615,iowa_cafo_group_0006,0,42.88052,-96.30554,Active,IA
63616,iowa_cafo_group_0247,2,43.31244,-95.41619,Active,IA
63617,iowa_cafo_group_2340,3,43.46643,-95.44837,Active,IA
63618,iowa_cafo_group_0529,1,43.2766,-95.34944,Active,IA
63619,iowa_cafo_group_0006,0,43.47575,-95.92832,Active,IA
63620,iowa_cafo_group_2341,2,43.17008,-91.64653,Active,IA
63621,iowa_cafo_group_0491,2,43.32539,-94.20511,Active,IA
63623,iowa_cafo_group_0999,2,42.6991,-92.70304,Active,IA
63625,iowa_cafo_group_0959,1,42.25304,-93.12381,Active,IA
63626,iowa_cafo_group_0885,4,42.81594,-92.63476,Active,IA
63627,iowa_cafo_group_2342,3,42.81894,-92.06961,Active,IA
63628,iowa_cafo_group_0545,4,42.22524,-93.26216,Active,IA
63629,iowa_cafo_group_0893,1,43.34711,-94.36492,Active,IA
63630,iowa_cafo_group_1201,1,42.80328,-92.94219,Active,IA
63631,iowa_cafo_group_0908,4,42.51488,-93.03862,Active,IA
63632,iowa_cafo_group_0069,3,43.31334,-94.66072,Active,IA
63634,iowa_cafo_group_1098,3,41.58535,-91.84338,Active,IA
63635,iowa_cafo_group_2343,3,43.32973,-95.5345,Active,IA
63636,iowa_cafo_group_0443,3,43.21119,-95.70441,Active,IA
63637,iowa_cafo_group_0931,1,42.69352,-96.22777,Active,IA
63638,iowa_cafo_group_2344,3,42.65914,-92.05836,Active,IA
63639,iowa_cafo_group_0808,2,42.98245,-94.28695,Active,IA
63640,iowa_cafo_group_2345,1,43.04204,-91.36677,Active,IA
63641,iowa_cafo_group_2346,3,42.65506,-91.08189,Active,IA
63642,iowa_cafo_group_2347,3,43.44213,-92.16995,Active,IA
63643,iowa_cafo_group_2348,3,42.79797,-95.20881,Active,IA
63644,iowa_cafo_group_1480,1,42.86523,-95.23134,Active,IA
63645,iowa_cafo_group_0761,4,43.113,-94.34951,Active,IA
63646,iowa_cafo_group_0227,4,41.31807,-91.63798,Active,IA
63647,iowa_cafo_group_2349,4,41.96933,-90.6244,Active,IA
63649,iowa_cafo_group_0510,3,43.45088,-92.67131,Active,IA
63650,iowa_cafo_group_1274,1,42.77522,-93.34933,Active,IA
63652,iowa_cafo_group_1331,2,42.5108,-91.72072,Active,IA
63653,iowa_cafo_group_2350,3,43.22797,-94.84099,Active,IA
63654,iowa_cafo_group_2351,4,41.15693,-94.3113,Active,IA
63655,iowa_cafo_group_0006,0,43.0562,-96.22374,Active,IA
63656,iowa_cafo_group_1074,2,43.4942,-92.55462,Active,IA
63657,iowa_cafo_group_1074,2,43.48771,-92.5692,Active,IA
63658,iowa_cafo_group_0678,1,43.0024,-93.7159,Active,IA
63659,iowa_cafo_group_0537,4,43.32828,-92.69385,Active,IA
63660,iowa_cafo_group_1707,3,43.26238,-94.30446,Active,IA
63661,iowa_cafo_group_2352,2,41.63109,-92.78875,Active,IA
63663,iowa_cafo_group_2353,1,41.60462,-93.4225,Active,IA
63664,iowa_cafo_group_2354,4,41.53275,-92.61744,Active,IA
63667,iowa_cafo_group_2355,1,41.64433,-94.07786,Active,IA
63668,iowa_cafo_group_2356,1,41.73255,-94.15974,Active,IA
63670,iowa_cafo_group_1705,0,43.31274,-94.04053,Active,IA
63671,iowa_cafo_group_2357,1,42.3472,-95.05337,Active,IA
63672,iowa_cafo_group_2198,4,42.14771,-92.45667,Active,IA
63673,iowa_cafo_group_0069,3,43.24524,-94.58081,Active,IA
63674,iowa_cafo_group_0006,0,43.48999,-95.76042,Active,IA
63675,iowa_cafo_group_0981,4,42.86685,-93.40064,Active,IA
63676,iowa_cafo_group_2358,2,43.14926,-91.66977,Active,IA
63677,iowa_cafo_group_0786,1,42.77098,-94.93448,Active,IA
63679,iowa_cafo_group_0427,4,42.34956,-92.71131,Active,IA
63680,iowa_cafo_group_1143,3,42.73865,-93.34143,Active,IA
63681,iowa_cafo_group_1846,2,43.10568,-92.80412,Active,IA
63682,iowa_cafo_group_2359,4,42.96749,-92.61469,Active,IA
63683,iowa_cafo_group_2360,3,42.47727,-93.69599,Active,IA
63684,iowa_cafo_group_0886,3,42.3995,-93.5997,Active,IA
63685,iowa_cafo_group_2361,4,42.25392,-93.76758,Active,IA
63686,iowa_cafo_group_0603,1,42.32086,-93.77598,Active,IA
63687,iowa_cafo_group_0719,2,43.30075,-92.5927,Active,IA
63689,iowa_cafo_group_0168,1,42.19118,-95.53958,Active,IA
63690,iowa_cafo_group_1985,1,42.16658,-95.36111,Active,IA
63691,iowa_cafo_group_2362,2,42.16863,-95.6634,Active,IA
63692,iowa_cafo_group_0972,4,42.96472,-92.82074,Active,IA
63693,iowa_cafo_group_2363,3,41.79354,-90.72195,Active,IA
63694,iowa_cafo_group_0737,3,42.67257,-93.31967,Active,IA
63695,iowa_cafo_group_0737,3,42.6821,-93.32187,Active,IA
63696,iowa_cafo_group_0545,4,42.45318,-93.39708,Active,IA
63697,iowa_cafo_group_0200,2,43.41419,-95.45912,Active,IA
63698,iowa_cafo_group_2364,3,42.95986,-94.54059,Active,IA
63699,iowa_cafo_group_0738,3,42.55194,-93.35988,Active,IA
63700,iowa_cafo_group_1442,2,43.16994,-92.67003,Active,IA
63701,iowa_cafo_group_1000,4,42.60114,-93.26793,Active,IA
63702,iowa_cafo_group_2365,3,43.37382,-92.65471,Active,IA
63703,iowa_cafo_group_0973,3,43.31717,-92.64637,Active,IA
63704,iowa_cafo_group_0006,0,43.49188,-96.26372,Active,IA
63705,iowa_cafo_group_0100,3,42.93239,-94.46157,Active,IA
63706,iowa_cafo_group_2366,4,43.10531,-95.40681,Active,IA
63707,iowa_cafo_group_0782,2,42.55811,-94.96297,Active,IA
63708,iowa_cafo_group_0653,4,42.39915,-91.59685,Active,IA
63709,iowa_cafo_group_2367,1,42.75989,-92.85063,Active,IA
63710,iowa_cafo_group_1467,2,42.55778,-91.45163,Active,IA
63711,iowa_cafo_group_0738,3,42.59003,-93.35931,Active,IA
63712,iowa_cafo_group_0739,1,42.56103,-93.16337,Active,IA
63713,iowa_cafo_group_0640,1,43.06044,-94.85539,Active,IA
63714,iowa_cafo_group_0006,0,43.35296,-96.07873,Active,IA
63715,iowa_cafo_group_0006,0,43.14005,-96.33208,Active,IA
63716,iowa_cafo_group_0618,1,43.29969,-92.3946,Active,IA
63717,iowa_cafo_group_0754,1,42.23942,-93.5789,Active,IA
63718,iowa_cafo_group_0754,1,42.31647,-93.55752,Active,IA
63719,iowa_cafo_group_2030,1,43.02313,-92.36762,Active,IA
63720,iowa_cafo_group_2368,3,42.30775,-93.5873,Active,IA
63721,iowa_cafo_group_2368,3,42.30175,-93.59797,Active,IA
63722,iowa_cafo_group_0754,1,42.30551,-93.55833,Active,IA
63723,iowa_cafo_group_0754,1,42.27638,-93.60208,Active,IA
63724,iowa_cafo_group_0912,2,42.34204,-93.55797,Active,IA
63725,iowa_cafo_group_0912,2,42.37933,-93.55764,Active,IA
63726,iowa_cafo_group_0006,0,43.12712,-95.97827,Active,IA
63727,iowa_cafo_group_1264,3,41.35642,-91.38482,Active,IA
63729,iowa_cafo_group_0006,0,43.12076,-96.33151,Active,IA
63731,iowa_cafo_group_0127,2,41.36993,-91.79488,Active,IA
63732,iowa_cafo_group_0227,4,41.32323,-91.66771,Active,IA
63733,iowa_cafo_group_0011,3,42.8375,-96.04087,Active,IA
63734,iowa_cafo_group_0989,1,43.22712,-95.50026,Active,IA
63735,iowa_cafo_group_0006,0,43.49,-96.49,Active,IA
63736,iowa_cafo_group_0011,3,42.66401,-96.06979,Active,IA
63737,iowa_cafo_group_2348,3,42.82597,-95.23108,Active,IA
63738,iowa_cafo_group_0550,4,42.8134,-95.27101,Active,IA
63739,iowa_cafo_group_0782,2,42.69128,-95.02258,Active,IA
63740,iowa_cafo_group_2369,3,43.43642,-93.81159,Active,IA
63741,iowa_cafo_group_2370,0,41.61541,-93.9491,Active,IA
63742,iowa_cafo_group_0957,2,42.8062,-95.06328,Active,IA
63743,iowa_cafo_group_2371,3,41.88145,-93.95196,Active,IA
63744,iowa_cafo_group_2372,3,41.66748,-93.92983,Active,IA
63745,iowa_cafo_group_0027,1,41.86888,-94.83952,Active,IA
63746,iowa_cafo_group_0155,3,42.53989,-94.81669,Active,IA
63747,iowa_cafo_group_2373,3,41.71628,-93.90591,Active,IA
63748,iowa_cafo_group_0939,4,41.78445,-94.16284,Active,IA
63750,iowa_cafo_group_2374,3,41.63068,-93.9239,Active,IA
63751,iowa_cafo_group_0006,0,43.3234,-96.31335,Active,IA
63752,iowa_cafo_group_1202,3,41.74639,-94.13419,Active,IA
63753,iowa_cafo_group_2372,3,41.67413,-93.92909,Active,IA
63754,iowa_cafo_group_0939,4,41.79039,-94.19093,Active,IA
63755,iowa_cafo_group_2375,3,43.05651,-93.94911,Active,IA
63756,iowa_cafo_group_2376,4,41.74041,-93.96398,Active,IA
63757,iowa_cafo_group_0893,1,43.36407,-94.34313,Active,IA
63758,iowa_cafo_group_0545,4,42.24402,-93.23124,Active,IA
63759,iowa_cafo_group_1761,1,41.68737,-94.13597,Active,IA
63760,iowa_cafo_group_0888,2,41.76473,-93.95136,Active,IA
63761,iowa_cafo_group_2377,1,41.7761,-94.11542,Active,IA
63762,iowa_cafo_group_1202,3,41.73939,-94.09069,Active,IA
63764,iowa_cafo_group_0006,0,42.83714,-96.20898,Active,IA
63765,iowa_cafo_group_0989,1,43.2354,-95.4879,Active,IA
63766,iowa_cafo_group_0443,3,43.3303,-95.63366,Active,IA
63768,iowa_cafo_group_2340,3,43.47471,-95.45778,Active,IA
63769,iowa_cafo_group_0006,0,43.46268,-95.87361,Active,IA
63770,iowa_cafo_group_0093,1,42.97456,-92.06151,Active,IA
63771,iowa_cafo_group_0006,0,43.46416,-95.87948,Active,IA
63772,iowa_cafo_group_0006,0,43.3303,-96.41908,Active,IA
63773,iowa_cafo_group_0011,3,42.67873,-96.09551,Active,IA
63774,iowa_cafo_group_0200,2,43.32102,-95.45629,Active,IA
63775,iowa_cafo_group_0006,0,43.30247,-95.83486,Active,IA
63776,iowa_cafo_group_2378,0,42.41504,-95.40239,Active,IA
63778,iowa_cafo_group_0545,4,42.42184,-93.29839,Active,IA
63779,iowa_cafo_group_0893,1,43.37,-94.33481,Active,IA
63780,iowa_cafo_group_1533,4,41.63945,-91.29972,Active,IA
63782,iowa_cafo_group_0739,1,42.62996,-93.23104,Active,IA
63783,iowa_cafo_group_2379,2,42.75385,-94.0483,Active,IA
63784,iowa_cafo_group_2380,0,42.39916,-94.16356,Active,IA
63785,iowa_cafo_group_2381,4,42.55892,-94.11863,Active,IA
63786,iowa_cafo_group_2382,0,42.47459,-94.39762,Active,IA
63787,iowa_cafo_group_2383,4,42.55945,-94.16588,Active,IA
63788,iowa_cafo_group_0768,3,42.23261,-94.30234,Active,IA
63789,iowa_cafo_group_2384,4,43.14061,-93.59103,Active,IA
63790,iowa_cafo_group_0871,1,43.00826,-93.50192,Active,IA
63791,iowa_cafo_group_0754,1,42.2918,-93.56149,Active,IA
63792,iowa_cafo_group_2368,3,42.31338,-93.60173,Active,IA
63793,iowa_cafo_group_0112,1,42.79297,-95.10835,Active,IA
63794,iowa_cafo_group_2385,2,42.93062,-94.53253,Active,IA
63795,iowa_cafo_group_2386,2,41.57046,-91.10972,Active,IA
63796,iowa_cafo_group_0006,0,42.95262,-96.16802,Active,IA
63797,iowa_cafo_group_2028,2,42.76389,-96.42987,Active,IA
63798,iowa_cafo_group_0754,1,42.28353,-93.60249,Active,IA
63799,iowa_cafo_group_1363,4,42.73054,-96.40839,Active,IA
63800,iowa_cafo_group_0914,1,42.27406,-93.69974,Active,IA
63801,iowa_cafo_group_0099,2,42.87894,-94.77131,Active,IA
63802,iowa_cafo_group_2387,1,42.71564,-95.12101,Active,IA
63803,iowa_cafo_group_0364,3,41.64093,-92.83811,Active,IA
63804,iowa_cafo_group_0069,3,43.34333,-94.55222,Active,IA
63805,iowa_cafo_group_1139,3,41.67398,-94.01645,Active,IA
63806,iowa_cafo_group_0006,0,42.9249,-96.14398,Active,IA
63807,iowa_cafo_group_2388,4,42.82229,-92.43713,Active,IA
63808,iowa_cafo_group_0168,1,42.15443,-95.511,Active,IA
63809,iowa_cafo_group_1532,4,42.13503,-94.76582,Active,IA
63810,iowa_cafo_group_2389,2,41.53064,-95.43257,Active,IA
63812,iowa_cafo_group_1891,1,43.17618,-93.51833,Active,IA
63814,iowa_cafo_group_1065,3,43.30587,-94.30697,Active,IA
63815,iowa_cafo_group_0038,1,43.40648,-94.32583,Active,IA
63816,iowa_cafo_group_1312,1,42.29745,-92.86078,Active,IA
63817,iowa_cafo_group_0786,1,42.75358,-94.93525,Active,IA
63818,iowa_cafo_group_1579,2,42.61795,-93.59839,Active,IA
63819,iowa_cafo_group_0999,2,42.71551,-92.68153,Active,IA
63820,iowa_cafo_group_0082,4,42.79651,-93.26055,Active,IA
63821,iowa_cafo_group_1901,2,42.81914,-92.89968,Active,IA
63822,iowa_cafo_group_0493,1,42.56434,-92.98522,Active,IA
63823,iowa_cafo_group_2390,2,43.24468,-93.25105,Active,IA
63824,iowa_cafo_group_2391,3,42.87712,-94.48088,Active,IA
63826,iowa_cafo_group_1380,2,42.8201,-94.39467,Active,IA
63827,iowa_cafo_group_0759,4,42.81908,-94.42783,Active,IA
63828,iowa_cafo_group_1141,2,41.33949,-92.62833,Active,IA
63829,iowa_cafo_group_0307,4,41.58156,-95.38235,Active,IA
63830,iowa_cafo_group_1056,4,42.98248,-94.84129,Active,IA
63831,iowa_cafo_group_1055,3,43.05304,-94.90682,Active,IA
63832,iowa_cafo_group_0006,0,43.21601,-96.19265,Active,IA
63834,iowa_cafo_group_0127,2,41.35094,-91.93664,Active,IA
63835,iowa_cafo_group_2392,0,42.38322,-94.39616,Active,IA
63836,iowa_cafo_group_1629,4,42.88552,-94.935,Active,IA
63837,iowa_cafo_group_0510,3,43.42931,-92.67389,Active,IA
63838,iowa_cafo_group_1377,4,43.11262,-93.93222,Active,IA
63839,iowa_cafo_group_1619,2,43.24893,-93.2791,Active,IA
63840,iowa_cafo_group_1619,2,43.26273,-93.27709,Active,IA
63841,iowa_cafo_group_0140,2,42.87173,-96.46843,Active,IA
63842,iowa_cafo_group_0494,2,43.14186,-95.59514,Active,IA
63843,iowa_cafo_group_0476,1,41.56181,-91.95113,Active,IA
63844,iowa_cafo_group_0793,1,42.79669,-95.34468,Active,IA
63845,iowa_cafo_group_2393,1,43.11871,-91.82306,Active,IA
63846,iowa_cafo_group_0721,2,43.31499,-92.22803,Active,IA
63847,iowa_cafo_group_0718,3,43.43629,-92.52408,Active,IA
63848,iowa_cafo_group_2394,4,42.21847,-95.34144,Active,IA
63849,iowa_cafo_group_2395,1,42.82715,-92.1794,Active,IA
63850,iowa_cafo_group_0872,1,42.99415,-94.41158,Active,IA
63851,iowa_cafo_group_2396,3,42.3023,-93.12872,Active,IA
63852,iowa_cafo_group_1111,3,41.28581,-91.79465,Active,IA
63853,iowa_cafo_group_0400,2,42.46075,-94.69308,Active,IA
63854,iowa_cafo_group_2397,0,42.59146,-92.04903,Active,IA
63855,iowa_cafo_group_1003,2,42.42849,-94.58848,Active,IA
63856,iowa_cafo_group_2397,0,42.58718,-92.05602,Active,IA
63858,iowa_cafo_group_2398,4,42.72467,-92.01191,Active,IA
63859,iowa_cafo_group_0082,4,42.7961,-93.43985,Active,IA
63860,iowa_cafo_group_0006,0,42.8461,-96.19376,Active,IA
63861,iowa_cafo_group_0307,4,41.56424,-95.40928,Active,IA
63862,iowa_cafo_group_1410,3,43.35726,-94.39311,Active,IA
63863,iowa_cafo_group_2399,1,43.09606,-94.86712,Active,IA
63864,iowa_cafo_group_0892,3,42.6986,-95.85896,Active,IA
63865,iowa_cafo_group_0989,1,43.24997,-95.46845,Active,IA
63866,iowa_cafo_group_0545,4,42.43733,-93.40613,Active,IA
63867,iowa_cafo_group_0981,4,42.85486,-93.32188,Active,IA
63868,iowa_cafo_group_0510,3,43.44275,-92.67403,Active,IA
63869,iowa_cafo_group_2000,4,42.31006,-94.40662,Active,IA
63870,iowa_cafo_group_2400,3,42.4133,-91.74944,Active,IA
63871,iowa_cafo_group_2401,2,42.94037,-94.16694,Active,IA
63872,iowa_cafo_group_2402,3,41.53718,-92.76257,Active,IA
63873,iowa_cafo_group_2403,4,42.58522,-91.4793,Active,IA
63874,iowa_cafo_group_1249,2,42.34151,-91.37441,Active,IA
63876,iowa_cafo_group_2404,4,43.00909,-92.10761,Active,IA
63878,iowa_cafo_group_2405,2,43.34696,-94.24854,Active,IA
63879,iowa_cafo_group_2406,1,43.2268,-92.34042,Active,IA
63880,iowa_cafo_group_2036,4,42.78641,-94.89437,Active,IA
63881,iowa_cafo_group_0084,4,42.58409,-91.81631,Active,IA
63882,iowa_cafo_group_2399,1,43.09006,-94.85493,Active,IA
63883,iowa_cafo_group_0243,3,42.12131,-95.36368,Active,IA
63884,iowa_cafo_group_2407,2,41.70336,-93.36703,Active,IA
63885,iowa_cafo_group_0006,0,43.14257,-96.24134,Active,IA
63887,iowa_cafo_group_2408,1,40.77801,-91.48351,Active,IA
63888,iowa_cafo_group_2409,2,40.88854,-94.56292,Active,IA
63889,iowa_cafo_group_2410,4,42.72256,-92.79186,Active,IA
63890,iowa_cafo_group_2411,4,43.31837,-95.30689,Active,IA
63891,iowa_cafo_group_1643,2,42.73933,-94.7755,Active,IA
63892,iowa_cafo_group_0510,3,43.40586,-92.63247,Active,IA
63893,iowa_cafo_group_2412,4,41.70371,-92.20919,Active,IA
63894,iowa_cafo_group_0121,2,43.37373,-96.00772,Active,IA
63895,iowa_cafo_group_1024,1,42.7969,-94.73928,Active,IA
63896,iowa_cafo_group_0740,3,42.76804,-93.44023,Active,IA
63897,iowa_cafo_group_2413,3,42.13807,-94.42189,Active,IA
63898,iowa_cafo_group_0147,1,41.40872,-92.85472,Active,IA
63899,iowa_cafo_group_2414,3,41.24366,-94.46526,Active,IA
63900,iowa_cafo_group_2224,2,41.75332,-93.34628,Active,IA
63901,iowa_cafo_group_0115,2,41.27198,-94.55545,Active,IA
63902,iowa_cafo_group_2415,4,42.17,-91.5,Active,IA
63903,iowa_cafo_group_1106,3,43.1988,-94.60445,Active,IA
63904,iowa_cafo_group_1106,3,43.19874,-94.62492,Active,IA
63905,iowa_cafo_group_0006,0,43.35388,-96.31447,Active,IA
63906,iowa_cafo_group_0491,2,43.34853,-94.2179,Active,IA
63907,iowa_cafo_group_2416,2,42.9519,-94.59863,Active,IA
63908,iowa_cafo_group_0006,0,43.24381,-96.34599,Active,IA
63909,iowa_cafo_group_0545,4,42.38439,-93.45906,Active,IA
63910,iowa_cafo_group_1798,3,42.52865,-91.37442,Active,IA
63911,iowa_cafo_group_0299,3,41.61002,-95.44078,Active,IA
63912,iowa_cafo_group_2417,4,41.74518,-92.10816,Active,IA
63913,iowa_cafo_group_0738,3,42.60066,-93.34167,Active,IA
63914,iowa_cafo_group_1159,4,41.91404,-91.0857,Active,IA
63915,iowa_cafo_group_2418,1,40.76436,-94.96223,Active,IA
63916,iowa_cafo_group_2419,4,43.43104,-94.41895,Active,IA
63917,iowa_cafo_group_2420,1,43.25473,-94.70891,Active,IA
63918,iowa_cafo_group_2183,3,43.12139,-95.4677,Active,IA
63919,iowa_cafo_group_1707,3,43.22933,-94.30716,Active,IA
63920,iowa_cafo_group_0737,3,42.69756,-93.2234,Active,IA
63921,iowa_cafo_group_2421,1,43.40407,-92.5066,Active,IA
63922,iowa_cafo_group_2422,1,41.89808,-90.33327,Active,IA
63923,iowa_cafo_group_0006,0,43.14116,-95.92254,Active,IA
63924,iowa_cafo_group_2423,4,43.07404,-91.54625,Active,IA
63925,iowa_cafo_group_0653,4,42.41267,-91.62087,Active,IA
63926,iowa_cafo_group_0093,1,42.98287,-92.08029,Active,IA
63927,iowa_cafo_group_2424,3,42.37756,-95.1658,Active,IA
63928,iowa_cafo_group_0981,4,42.87237,-93.37867,Active,IA
63929,iowa_cafo_group_1467,2,42.56526,-91.459,Active,IA
63930,iowa_cafo_group_2157,1,43.11343,-91.6653,Active,IA
63931,iowa_cafo_group_0687,3,43.02673,-91.96438,Active,IA
63932,iowa_cafo_group_0653,4,42.39907,-91.6136,Active,IA
63933,iowa_cafo_group_2425,3,42.33968,-91.6361,Active,IA
63934,iowa_cafo_group_2426,2,42.57128,-93.62593,Active,IA
63935,iowa_cafo_group_2427,1,42.47755,-91.64668,Active,IA
63936,iowa_cafo_group_1667,1,42.34904,-92.49377,Active,IA
63938,iowa_cafo_group_0616,4,42.25469,-95.40636,Active,IA
63939,iowa_cafo_group_0006,0,42.9246,-96.40149,Active,IA
63940,iowa_cafo_group_0069,3,43.22588,-94.49175,Active,IA
63941,iowa_cafo_group_2428,4,43.47315,-94.4373,Active,IA
63942,iowa_cafo_group_2063,0,40.81419,-93.19175,Active,IA
63943,iowa_cafo_group_1582,3,42.75911,-92.04017,Active,IA
63944,iowa_cafo_group_0006,0,43.1063,-95.93851,Active,IA
63945,iowa_cafo_group_0957,2,42.91044,-95.06259,Active,IA
63947,iowa_cafo_group_2429,1,43.19536,-94.75645,Active,IA
63948,iowa_cafo_group_0782,2,42.62218,-94.9925,Active,IA
63949,iowa_cafo_group_2430,3,43.19098,-91.70977,Active,IA
63952,iowa_cafo_group_0545,4,42.38397,-93.37396,Active,IA
63953,iowa_cafo_group_0082,4,42.79683,-93.42037,Active,IA
63954,iowa_cafo_group_0101,3,42.79022,-95.97533,Active,IA
63955,iowa_cafo_group_2431,0,42.87824,-92.36645,Active,IA
63956,iowa_cafo_group_0739,1,42.6034,-93.18354,Active,IA
63957,iowa_cafo_group_2332,3,42.45561,-92.67597,Active,IA
63958,iowa_cafo_group_2432,2,41.71821,-92.09361,Active,IA
63959,iowa_cafo_group_0006,0,43.1021,-96.09363,Active,IA
63960,iowa_cafo_group_1841,4,43.32374,-95.93945,Active,IA
63961,iowa_cafo_group_0006,0,43.36082,-95.93079,Active,IA
63962,iowa_cafo_group_0006,0,43.44785,-95.65204,Active,IA
63963,iowa_cafo_group_0006,0,43.45362,-95.6623,Active,IA
63964,iowa_cafo_group_2433,3,41.68404,-95.14291,Active,IA
63965,iowa_cafo_group_2434,2,43.13413,-92.1368,Active,IA
63967,iowa_cafo_group_2435,0,43.02611,-91.40779,Active,IA
63968,iowa_cafo_group_2436,2,41.84957,-94.94712,Active,IA
63969,iowa_cafo_group_0080,2,42.04335,-95.03524,Active,IA
63970,iowa_cafo_group_1921,3,41.86246,-94.99648,Active,IA
63971,iowa_cafo_group_1922,2,42.13509,-95.13071,Active,IA
63974,iowa_cafo_group_0737,3,42.6725,-93.37385,Active,IA
63975,iowa_cafo_group_0404,2,43.32648,-94.73644,Active,IA
63976,iowa_cafo_group_0786,1,42.75518,-94.95209,Active,IA
63977,iowa_cafo_group_0379,1,42.28418,-95.48772,Active,IA
63978,iowa_cafo_group_0006,0,43.46146,-96.35318,Active,IA
63979,iowa_cafo_group_0698,2,42.38378,-95.42497,Active,IA
63980,iowa_cafo_group_1737,3,42.84433,-96.40841,Active,IA
63981,iowa_cafo_group_0545,4,42.3874,-93.31092,Active,IA
63982,iowa_cafo_group_0751,4,43.15479,-93.72115,Active,IA
63983,iowa_cafo_group_2437,1,43.19075,-93.73541,Active,IA
63984,iowa_cafo_group_1450,4,43.17452,-93.756,Active,IA
63985,iowa_cafo_group_0263,1,42.71182,-93.14232,Active,IA
63986,iowa_cafo_group_0006,0,43.48409,-95.92138,Active,IA
63987,iowa_cafo_group_0140,2,42.82877,-96.4699,Active,IA
63988,iowa_cafo_group_0006,0,43.3017,-96.18686,Active,IA
63990,iowa_cafo_group_2438,4,42.44322,-91.7232,Active,IA
63991,iowa_cafo_group_0810,2,43.16311,-94.48113,Active,IA
63992,iowa_cafo_group_1722,4,43.11275,-94.95005,Active,IA
63993,iowa_cafo_group_0168,1,42.14955,-95.49707,Active,IA
63994,iowa_cafo_group_0006,0,43.12779,-95.85959,Active,IA
63995,iowa_cafo_group_2427,1,42.4698,-91.64192,Active,IA
63996,iowa_cafo_group_2439,3,40.8135,-91.64084,Active,IA
64000,iowa_cafo_group_0006,0,43.23171,-96.34997,Active,IA
64001,iowa_cafo_group_2440,1,43.2996,-95.49642,Active,IA
64004,iowa_cafo_group_0006,0,43.476,-96.45588,Active,IA
64005,iowa_cafo_group_0082,4,42.76747,-93.2804,Active,IA
64006,iowa_cafo_group_0782,2,42.67634,-94.95849,Active,IA
64009,iowa_cafo_group_1144,4,43.18316,-92.09015,Active,IA
64010,iowa_cafo_group_1722,4,43.10652,-94.93533,Active,IA
64011,iowa_cafo_group_2441,1,43.0323,-94.96783,Active,IA
64012,iowa_cafo_group_0090,3,41.20898,-91.80038,Active,IA
64013,iowa_cafo_group_0460,4,42.45465,-91.22095,Active,IA
64014,iowa_cafo_group_2442,3,41.057,-95.2509,Active,IA
64015,iowa_cafo_group_2442,3,41.05703,-95.23632,Active,IA
64016,iowa_cafo_group_2443,2,41.94494,-90.58885,Active,IA
64017,iowa_cafo_group_1083,2,42.70099,-91.98584,Active,IA
64018,iowa_cafo_group_0183,2,43.25805,-94.40258,Active,IA
64019,iowa_cafo_group_0379,1,42.29141,-95.49912,Active,IA
64020,iowa_cafo_group_2444,1,40.71284,-94.55828,Active,IA
64021,iowa_cafo_group_0760,1,43.12727,-94.46297,Active,IA
64022,iowa_cafo_group_2445,0,42.59402,-92.25672,Active,IA
64023,iowa_cafo_group_0027,1,41.86965,-94.87991,Active,IA
64024,iowa_cafo_group_0006,0,43.11071,-96.35317,Active,IA
64025,iowa_cafo_group_0229,3,42.41566,-95.07321,Active,IA
64026,iowa_cafo_group_0760,1,43.12564,-94.44921,Active,IA
64027,iowa_cafo_group_1451,3,42.89289,-93.45274,Active,IA
64028,iowa_cafo_group_1979,1,40.83,-93.75,Active,IA
64029,iowa_cafo_group_0782,2,42.56736,-94.93527,Active,IA
64030,iowa_cafo_group_2446,4,43.37673,-94.18882,Active,IA
64031,iowa_cafo_group_2447,4,42.78195,-93.22304,Active,IA
64032,iowa_cafo_group_0011,3,42.67737,-96.07552,Active,IA
64033,iowa_cafo_group_2448,2,43.36486,-93.71479,Active,IA
64034,iowa_cafo_group_0782,2,42.59738,-94.95579,Active,IA
64035,iowa_cafo_group_1947,4,41.24321,-92.63228,Active,IA
64036,iowa_cafo_group_0545,4,42.27976,-93.32591,Active,IA
64038,iowa_cafo_group_0989,1,43.22133,-95.5244,Active,IA
64039,iowa_cafo_group_0003,1,42.59629,-92.98993,Active,IA
64040,iowa_cafo_group_2449,2,41.52622,-91.19237,Active,IA
64041,iowa_cafo_group_1047,1,43.358,-94.12724,Active,IA
64043,iowa_cafo_group_0150,3,42.0495,-95.06458,Active,IA
64044,iowa_cafo_group_0006,0,42.95135,-96.09668,Active,IA
64045,iowa_cafo_group_0006,0,43.22968,-96.30154,Active,IA
64046,iowa_cafo_group_0374,4,42.10316,-94.76536,Active,IA
64047,iowa_cafo_group_0006,0,43.06817,-95.83268,Active,IA
64048,iowa_cafo_group_2450,1,43.35718,-94.08057,Active,IA
64049,iowa_cafo_group_1074,2,43.48876,-92.60201,Active,IA
64050,iowa_cafo_group_1171,1,42.44224,-93.70549,Active,IA
64052,iowa_cafo_group_0006,0,42.97316,-96.33277,Active,IA
64053,iowa_cafo_group_1143,3,42.73031,-93.34956,Active,IA
64054,iowa_cafo_group_1592,0,40.74653,-93.99254,Active,IA
64055,iowa_cafo_group_2451,2,41.56563,-93.10794,Active,IA
64056,iowa_cafo_group_0006,0,42.98264,-96.28046,Active,IA
64057,iowa_cafo_group_0449,4,43.2559,-94.84281,Active,IA
64058,iowa_cafo_group_0981,4,42.87761,-93.32682,Active,IA
64060,iowa_cafo_group_2452,3,41.05312,-91.6744,Active,IA
64061,iowa_cafo_group_0191,1,43.4916,-96.11699,Active,IA
64062,iowa_cafo_group_0006,0,43.21531,-96.21236,Active,IA
64063,iowa_cafo_group_0006,0,43.19539,-96.15832,Active,IA
64064,iowa_cafo_group_0006,0,43.18674,-96.16425,Active,IA
64065,iowa_cafo_group_0006,0,43.22997,-96.13957,Active,IA
64066,iowa_cafo_group_1172,3,43.24322,-95.87353,Active,IA
64067,iowa_cafo_group_0006,0,43.08329,-96.38811,Active,IA
64068,iowa_cafo_group_2413,3,42.12227,-94.46915,Active,IA
64069,iowa_cafo_group_2453,0,41.99299,-95.01117,Active,IA
64070,iowa_cafo_group_2454,2,42.23592,-90.83054,Active,IA
64071,iowa_cafo_group_2455,1,42.01568,-91.18154,Active,IA
64072,iowa_cafo_group_0006,0,43.20021,-96.03799,Active,IA
64078,iowa_cafo_group_0989,1,43.21419,-95.50299,Active,IA
64079,iowa_cafo_group_0006,0,43.18741,-95.98877,Active,IA
64081,iowa_cafo_group_0006,0,43.22997,-96.09038,Active,IA
64082,iowa_cafo_group_0006,0,43.16788,-96.29121,Active,IA
64084,iowa_cafo_group_0006,0,43.24414,-96.31072,Active,IA
64085,iowa_cafo_group_0006,0,43.01092,-96.2918,Active,IA
64086,iowa_cafo_group_2456,4,41.51812,-92.50756,Active,IA
64087,iowa_cafo_group_0178,3,43.47,-94.49,Active,IA
64088,iowa_cafo_group_0618,1,43.2729,-92.3784,Active,IA
64089,iowa_cafo_group_2457,2,42.39183,-94.91686,Active,IA
64090,iowa_cafo_group_2421,1,43.38862,-92.51107,Active,IA
64092,iowa_cafo_group_0399,2,42.93657,-94.43408,Active,IA
64093,iowa_cafo_group_0957,2,42.86182,-95.05198,Active,IA
64094,iowa_cafo_group_1086,4,43.03921,-95.52264,Active,IA
64096,iowa_cafo_group_2458,2,41.72407,-92.94806,Active,IA
64097,iowa_cafo_group_1442,2,43.16,-92.59,Active,IA
64098,iowa_cafo_group_1287,4,42.60473,-95.4771,Active,IA
64099,iowa_cafo_group_1218,3,41.81297,-94.97519,Active,IA
64100,iowa_cafo_group_0561,1,43.09948,-95.62192,Active,IA
64101,iowa_cafo_group_1250,1,41.30092,-92.04238,Active,IA
64102,iowa_cafo_group_2263,4,41.52538,-91.06918,Active,IA
64104,iowa_cafo_group_0006,0,43.28745,-95.83311,Active,IA
64105,iowa_cafo_group_2459,0,43.16862,-92.06123,Active,IA
64106,iowa_cafo_group_0183,2,43.21513,-94.35177,Active,IA
64107,iowa_cafo_group_1377,4,43.11088,-93.95815,Active,IA
64108,iowa_cafo_group_2460,4,42.65227,-91.52551,Active,IA
64109,iowa_cafo_group_1376,1,43.47209,-92.82662,Active,IA
64110,iowa_cafo_group_0006,0,43.17275,-96.09028,Active,IA
64111,iowa_cafo_group_0006,0,43.23937,-96.09547,Active,IA
64112,iowa_cafo_group_2319,0,41.63999,-92.35441,Active,IA
64113,iowa_cafo_group_0293,4,42.70944,-95.77964,Active,IA
64114,iowa_cafo_group_0847,4,40.66658,-93.72537,Active,IA
64115,iowa_cafo_group_2461,1,41.16135,-94.15427,Active,IA
64116,iowa_cafo_group_1106,3,43.17024,-94.53356,Active,IA
64117,iowa_cafo_group_0293,4,42.72182,-95.76246,Active,IA
64121,iowa_cafo_group_2462,0,42.63871,-94.77481,Active,IA
64122,iowa_cafo_group_2463,3,41.37784,-95.69489,Active,IA
64123,iowa_cafo_group_2464,4,41.87727,-93.62418,Active,IA
64126,iowa_cafo_group_0006,0,42.86615,-96.30263,Active,IA
64127,iowa_cafo_group_1299,4,42.34945,-91.68919,Active,IA
64128,iowa_cafo_group_0627,1,42.31033,-91.36927,Active,IA
64129,iowa_cafo_group_1503,3,41.7273,-91.08484,Active,IA
64130,iowa_cafo_group_0006,0,43.00789,-96.39204,Active,IA
64131,iowa_cafo_group_2465,1,42.1741,-92.40566,Active,IA
64132,iowa_cafo_group_0616,4,42.29704,-95.40532,Active,IA
64134,iowa_cafo_group_0061,1,42.81547,-95.71003,Active,IA
64136,iowa_cafo_group_1706,1,43.42897,-93.73937,Active,IA
64137,iowa_cafo_group_0134,4,42.42941,-95.59037,Active,IA
64138,iowa_cafo_group_2466,1,42.50451,-95.4929,Active,IA
64141,iowa_cafo_group_0191,1,43.43367,-96.14367,Active,IA
64145,iowa_cafo_group_0850,4,41.36957,-92.51116,Active,IA
64146,iowa_cafo_group_2467,1,41.40303,-94.27137,Active,IA
64147,iowa_cafo_group_2468,2,41.07065,-94.71395,Active,IA
64148,iowa_cafo_group_2469,4,41.35235,-92.13924,Active,IA
64149,iowa_cafo_group_0023,4,42.1231,-94.91783,Active,IA
64151,iowa_cafo_group_2413,3,42.12335,-94.4563,Active,IA
64153,iowa_cafo_group_2470,1,40.9285,-94.36567,Active,IA
64154,iowa_cafo_group_0015,4,42.2504,-94.8987,Active,IA
64156,iowa_cafo_group_0598,4,42.2751,-95.07395,Active,IA
64157,iowa_cafo_group_2036,4,42.77569,-94.87739,Active,IA
64158,iowa_cafo_group_2471,4,42.71227,-94.63958,Active,IA
64159,iowa_cafo_group_0080,2,42.00955,-94.94388,Active,IA
64160,iowa_cafo_group_0143,1,42.0286,-94.84937,Active,IA
64161,iowa_cafo_group_2472,2,43.38402,-93.73306,Active,IA
64162,iowa_cafo_group_0006,0,43.2268,-96.25456,Active,IA
64163,iowa_cafo_group_0047,4,41.30973,-95.12555,Active,IA
64164,iowa_cafo_group_0952,3,41.31016,-95.1649,Active,IA
64165,iowa_cafo_group_2473,0,41.29258,-94.75734,Active,IA
64166,iowa_cafo_group_2474,2,41.42489,-94.95525,Active,IA
64167,iowa_cafo_group_2475,4,41.49429,-94.96437,Active,IA
64169,iowa_cafo_group_1008,3,42.00493,-96.12542,Active,IA
64170,iowa_cafo_group_2476,4,41.60284,-94.43627,Active,IA
64171,iowa_cafo_group_2477,4,42.20713,-94.25256,Active,IA
64173,iowa_cafo_group_0006,0,43.20019,-96.37241,Active,IA
64174,iowa_cafo_group_2478,2,41.70082,-95.23437,Active,IA
64175,iowa_cafo_group_0006,0,43.27378,-96.0178,Active,IA
64176,iowa_cafo_group_1390,2,42.87309,-96.50926,Active,IA
64178,iowa_cafo_group_0006,0,43.16623,-96.31301,Active,IA
64179,iowa_cafo_group_0027,1,41.85572,-94.87998,Active,IA
64180,iowa_cafo_group_0722,1,43.44248,-92.44612,Active,IA
64181,iowa_cafo_group_0722,1,43.43656,-92.43424,Active,IA
64182,iowa_cafo_group_0431,1,42.08008,-92.33183,Active,IA
64185,iowa_cafo_group_1005,1,42.3273,-93.15307,Active,IA
64186,iowa_cafo_group_0185,2,43.24477,-96.52515,Active,IA
64187,iowa_cafo_group_0883,1,42.36648,-94.95336,Active,IA
64188,iowa_cafo_group_2479,1,40.85819,-93.65098,Active,IA
64189,iowa_cafo_group_0687,3,43.06286,-91.96214,Active,IA
64192,iowa_cafo_group_0016,2,42.40252,-94.81703,Active,IA
64193,iowa_cafo_group_0006,0,43.20162,-96.23672,Active,IA
64194,iowa_cafo_group_0006,0,43.20109,-96.19024,Active,IA
64196,iowa_cafo_group_0254,3,42.07278,-90.38594,Active,IA
64197,iowa_cafo_group_0006,0,43.21273,-96.31869,Active,IA
64198,iowa_cafo_group_0006,0,43.21524,-96.09434,Active,IA
64199,iowa_cafo_group_0006,0,43.24648,-96.15564,Active,IA
64200,iowa_cafo_group_0006,0,43.19999,-96.10303,Active,IA
64202,iowa_cafo_group_0006,0,43.182,-96.29654,Active,IA
64204,iowa_cafo_group_0006,0,43.1749,-96.23451,Active,IA
64205,iowa_cafo_group_0006,0,43.21505,-96.18409,Active,IA
64206,iowa_cafo_group_0006,0,43.25609,-96.16886,Active,IA
64207,iowa_cafo_group_0211,3,41.02216,-91.85601,Active,IA
64208,iowa_cafo_group_1822,1,42.41108,-91.3091,Active,IA
64209,iowa_cafo_group_0171,2,42.37387,-95.81634,Active,IA
64210,iowa_cafo_group_0061,1,42.90946,-96.06988,Active,IA
64211,iowa_cafo_group_2480,4,42.06451,-93.81473,Active,IA
64212,iowa_cafo_group_0006,0,43.19312,-96.41057,Active,IA
64213,iowa_cafo_group_0006,0,43.23667,-96.23355,Active,IA
64214,iowa_cafo_group_0006,0,43.17101,-96.43459,Active,IA
64215,iowa_cafo_group_0006,0,43.21917,-95.94042,Active,IA
64217,iowa_cafo_group_0400,2,42.46482,-94.71034,Active,IA
64218,iowa_cafo_group_0006,0,43.2573,-96.32057,Active,IA
64219,iowa_cafo_group_0006,0,43.23155,-96.43126,Active,IA
64222,iowa_cafo_group_1884,3,42.87676,-91.92749,Active,IA
64223,iowa_cafo_group_0209,1,42.42901,-94.899,Active,IA
64224,iowa_cafo_group_0006,0,43.19883,-96.11533,Active,IA
64225,iowa_cafo_group_0006,0,43.18263,-96.3341,Active,IA
64226,iowa_cafo_group_2481,3,41.91321,-93.41738,Active,IA
64227,iowa_cafo_group_1962,4,40.60524,-94.17657,Active,IA
64229,iowa_cafo_group_0434,4,41.52222,-93.1632,Active,IA
64230,iowa_cafo_group_0434,4,41.52179,-93.16772,Active,IA
64231,iowa_cafo_group_0434,4,41.52224,-93.16299,Active,IA
64232,iowa_cafo_group_0434,4,41.52369,-93.17167,Active,IA
64233,iowa_cafo_group_0434,4,41.52219,-93.1679,Active,IA
64234,iowa_cafo_group_2396,3,42.30132,-93.14031,Active,IA
64235,iowa_cafo_group_2262,1,43.37974,-92.81956,Active,IA
64236,iowa_cafo_group_0848,3,41.79365,-93.07973,Active,IA
64237,iowa_cafo_group_2393,1,43.1,-91.85,Active,IA
64238,iowa_cafo_group_0006,0,42.95338,-96.35262,Active,IA
64239,iowa_cafo_group_0011,3,42.74835,-96.0588,Active,IA
64241,iowa_cafo_group_2004,3,43.09,-95.69,Active,IA
64242,iowa_cafo_group_0443,3,43.21576,-95.66213,Active,IA
64243,iowa_cafo_group_2482,4,42.80387,-92.02904,Active,IA
64244,iowa_cafo_group_2483,0,42.2733,-94.97538,Active,IA
64245,iowa_cafo_group_2484,4,42.04277,-95.18989,Active,IA
64246,iowa_cafo_group_1638,3,43.10994,-95.36682,Active,IA
64247,iowa_cafo_group_2485,4,42.32968,-91.33395,Active,IA
64248,iowa_cafo_group_0006,0,42.97326,-96.27218,Active,IA
64249,iowa_cafo_group_2486,3,41.59153,-91.55043,Active,IA
64250,iowa_cafo_group_1274,1,42.76672,-93.33899,Active,IA
64251,iowa_cafo_group_0006,0,42.87911,-96.37025,Active,IA
64254,iowa_cafo_group_0006,0,43.11747,-95.95836,Active,IA
64255,iowa_cafo_group_0006,0,43.09405,-95.93826,Active,IA
64256,iowa_cafo_group_0006,0,43.16247,-95.87974,Active,IA
64257,iowa_cafo_group_2487,0,42.30621,-93.02437,Active,IA
64258,iowa_cafo_group_0756,4,42.47403,-93.33905,Active,IA
64259,iowa_cafo_group_2488,4,42.49938,-92.03214,Active,IA
64260,iowa_cafo_group_2489,4,42.51968,-92.02265,Active,IA
64261,iowa_cafo_group_0932,4,42.73046,-93.46872,Active,IA
64262,iowa_cafo_group_2490,1,42.57002,-91.87523,Active,IA
64263,iowa_cafo_group_2491,2,42.47517,-92.02351,Active,IA
64264,iowa_cafo_group_2492,0,42.61438,-92.20381,Active,IA
64265,iowa_cafo_group_2493,4,40.63798,-93.45236,Active,IA
64266,iowa_cafo_group_2494,0,42.58335,-92.01527,Active,IA
64267,iowa_cafo_group_2495,3,42.00564,-91.11737,Active,IA
64268,iowa_cafo_group_2496,2,41.55943,-91.33137,Active,IA
64269,iowa_cafo_group_1883,2,40.9299,-91.99753,Active,IA
64270,iowa_cafo_group_0006,0,43.12756,-96.06743,Active,IA
64271,iowa_cafo_group_1787,3,42.16708,-93.62252,Active,IA
64272,iowa_cafo_group_2497,3,42.412,-91.71364,Active,IA
64273,iowa_cafo_group_2121,3,41.72327,-90.93582,Active,IA
64274,iowa_cafo_group_0227,4,41.38183,-91.68879,Active,IA
64279,iowa_cafo_group_2498,3,42.12806,-95.64768,Active,IA
64280,iowa_cafo_group_0559,1,42.15779,-94.99361,Active,IA
64281,iowa_cafo_group_2499,3,43.28464,-94.41437,Active,IA
64282,iowa_cafo_group_0545,4,42.44002,-93.43354,Active,IA
64283,iowa_cafo_group_0782,2,42.72841,-94.97191,Active,IA
64284,iowa_cafo_group_0006,0,43.12386,-96.05732,Active,IA
64285,iowa_cafo_group_0006,0,43.21431,-96.12213,Active,IA
64286,iowa_cafo_group_2500,1,42.69343,-96.00714,Active,IA
64287,iowa_cafo_group_2501,2,41.57049,-93.07428,Active,IA
64288,iowa_cafo_group_0451,1,42.49176,-95.58261,Active,IA
64289,iowa_cafo_group_1194,2,42.74075,-92.13193,Active,IA
64290,iowa_cafo_group_1194,2,42.74968,-92.15178,Active,IA
64292,iowa_cafo_group_0015,4,42.22387,-94.96701,Active,IA
64293,iowa_cafo_group_0015,4,42.23502,-94.97369,Active,IA
64294,iowa_cafo_group_0136,2,42.31742,-91.14567,Active,IA
64295,iowa_cafo_group_1917,3,42.25455,-95.34183,Active,IA
64296,iowa_cafo_group_0080,2,41.95511,-94.95627,Active,IA
64297,iowa_cafo_group_2502,1,42.24169,-95.29461,Active,IA
64298,iowa_cafo_group_1864,2,42.61133,-94.7955,Active,IA
64299,iowa_cafo_group_0726,3,42.62141,-92.73297,Active,IA
64300,iowa_cafo_group_0739,1,42.57024,-93.18489,Active,IA
64301,iowa_cafo_group_0755,4,42.50075,-93.51503,Active,IA
64302,iowa_cafo_group_2352,2,41.63476,-92.80411,Active,IA
64303,iowa_cafo_group_0015,4,42.20404,-94.99609,Active,IA
64304,iowa_cafo_group_0006,0,43.16763,-96.37189,Active,IA
64305,iowa_cafo_group_0006,0,43.27589,-96.05845,Active,IA
64306,iowa_cafo_group_2503,1,42.86008,-94.14796,Active,IA
64307,iowa_cafo_group_2504,1,43.48971,-92.32472,Active,IA
64308,iowa_cafo_group_1506,2,41.67675,-90.89539,Active,IA
64310,iowa_cafo_group_0227,4,41.27537,-91.65729,Active,IA
64312,iowa_cafo_group_1364,3,43.02367,-92.14929,Active,IA
64313,iowa_cafo_group_0006,0,43.05874,-96.43265,Active,IA
64314,iowa_cafo_group_2497,3,42.41106,-91.721,Active,IA
64315,iowa_cafo_group_1106,3,43.19748,-94.61436,Active,IA
64316,iowa_cafo_group_0168,1,42.19917,-95.51845,Active,IA
64317,iowa_cafo_group_0244,4,41.55164,-92.38739,Active,IA
64318,iowa_cafo_group_2505,3,41.70757,-94.8398,Active,IA
64319,iowa_cafo_group_0379,1,42.2394,-95.51179,Active,IA
64320,iowa_cafo_group_0443,3,43.24328,-95.62343,Active,IA
64321,iowa_cafo_group_0036,3,42.47528,-95.07985,Active,IA
64322,iowa_cafo_group_0756,4,42.47726,-93.31703,Active,IA
64323,iowa_cafo_group_0229,3,42.44216,-95.0823,Active,IA
64324,iowa_cafo_group_0061,1,42.85771,-95.73941,Active,IA
64326,iowa_cafo_group_0364,3,41.64431,-92.87687,Active,IA
64329,iowa_cafo_group_0994,1,42.86225,-93.45767,Active,IA
64330,iowa_cafo_group_2506,4,41.41371,-92.67139,Active,IA
64332,iowa_cafo_group_2088,1,42.53153,-91.19941,Active,IA
64333,iowa_cafo_group_2507,2,41.76711,-94.86141,Active,IA
64334,iowa_cafo_group_0829,1,42.00539,-95.54912,Active,IA
64338,iowa_cafo_group_2508,1,42.39819,-94.60857,Active,IA
64339,iowa_cafo_group_0829,1,41.99978,-95.54047,Active,IA
64342,iowa_cafo_group_0006,0,43.16972,-96.12756,Active,IA
64343,iowa_cafo_group_0134,4,42.42905,-95.57645,Active,IA
64344,iowa_cafo_group_1268,3,41.4,-92.43,Active,IA
64345,iowa_cafo_group_0006,0,43.09726,-96.13753,Active,IA
64346,iowa_cafo_group_0006,0,43.15505,-96.11621,Active,IA
64347,iowa_cafo_group_0006,0,43.09917,-96.02071,Active,IA
64348,iowa_cafo_group_0443,3,43.30152,-95.56546,Active,IA
64349,iowa_cafo_group_0342,2,42.41761,-92.53791,Active,IA
64350,iowa_cafo_group_0874,2,42.54259,-92.73007,Active,IA
64351,iowa_cafo_group_0746,2,42.51324,-92.83245,Active,IA
64352,iowa_cafo_group_0423,0,41.96198,-95.63155,Active,IA
64353,iowa_cafo_group_0486,2,42.03562,-95.60326,Active,IA
64354,iowa_cafo_group_0737,3,42.6843,-93.2605,Active,IA
64356,iowa_cafo_group_0882,1,42.38447,-93.23129,Active,IA
64357,iowa_cafo_group_0675,3,42.88179,-95.71036,Active,IA
64358,iowa_cafo_group_2509,1,42.78881,-94.01977,Active,IA
64359,iowa_cafo_group_0739,1,42.58077,-93.20211,Active,IA
64360,iowa_cafo_group_2510,3,42.19607,-95.58441,Active,IA
64361,iowa_cafo_group_0112,1,42.82122,-94.9832,Active,IA
64362,iowa_cafo_group_0112,1,42.7673,-94.99158,Active,IA
64363,iowa_cafo_group_0244,4,41.56896,-92.39825,Active,IA
64364,iowa_cafo_group_2456,4,41.54089,-92.47817,Active,IA
64365,iowa_cafo_group_0782,2,42.68309,-94.97468,Active,IA
64366,iowa_cafo_group_1323,1,41.64595,-92.65794,Active,IA
64367,iowa_cafo_group_0244,4,41.56582,-92.43076,Active,IA
64369,iowa_cafo_group_0737,3,42.70254,-93.28262,Active,IA
64370,iowa_cafo_group_0296,2,43.47314,-94.89711,Active,IA
64371,iowa_cafo_group_1106,3,43.16242,-94.55924,Active,IA
64372,iowa_cafo_group_0782,2,42.67543,-94.98431,Active,IA
64373,iowa_cafo_group_2511,1,41.81347,-95.65555,Active,IA
64374,iowa_cafo_group_2512,1,42.29826,-95.32539,Active,IA
64375,iowa_cafo_group_2227,4,41.72142,-91.91387,Active,IA
64376,iowa_cafo_group_0443,3,43.39079,-95.57381,Active,IA
64377,iowa_cafo_group_0756,4,42.49568,-93.34889,Active,IA
64378,iowa_cafo_group_0006,0,43.14848,-96.05983,Active,IA
64379,iowa_cafo_group_0006,0,43.17126,-96.06385,Active,IA
64380,iowa_cafo_group_0006,0,43.17061,-96.09643,Active,IA
64381,iowa_cafo_group_2513,3,41.22714,-92.09951,Active,IA
64382,iowa_cafo_group_1657,2,41.50779,-91.81204,Active,IA
64383,iowa_cafo_group_0965,4,42.24005,-95.03493,Active,IA
64385,iowa_cafo_group_0127,2,41.397,-91.83173,Active,IA
64387,iowa_cafo_group_0393,2,41.50062,-91.72817,Active,IA
64388,iowa_cafo_group_2514,1,40.83179,-91.80594,Active,IA
64389,iowa_cafo_group_0015,4,42.19593,-94.99338,Active,IA
64390,iowa_cafo_group_2515,3,42.0297,-94.60848,Active,IA
64391,iowa_cafo_group_2516,3,43.24885,-95.22889,Active,IA
64392,iowa_cafo_group_0554,1,41.79155,-94.68152,Active,IA
64393,iowa_cafo_group_2517,0,42.4581,-95.63198,Active,IA
64394,iowa_cafo_group_2518,4,41.58744,-91.43216,Active,IA
64395,iowa_cafo_group_0738,3,42.64273,-93.37932,Active,IA
64396,iowa_cafo_group_2029,3,42.97671,-91.30404,Active,IA
64397,iowa_cafo_group_0981,4,42.8617,-93.30684,Active,IA
64398,iowa_cafo_group_1323,1,41.63021,-92.63354,Active,IA
64399,iowa_cafo_group_1431,1,43.32937,-93.74513,Active,IA
64400,iowa_cafo_group_0739,1,42.57875,-93.12395,Active,IA
64401,iowa_cafo_group_2519,2,43.37194,-93.67042,Active,IA
64402,iowa_cafo_group_2520,0,42.26014,-94.37789,Active,IA
64403,iowa_cafo_group_2509,1,42.79735,-94.02956,Active,IA
64404,iowa_cafo_group_0459,2,42.58069,-91.13609,Active,IA
64405,iowa_cafo_group_0011,3,42.77773,-96.04795,Active,IA
64406,iowa_cafo_group_0721,2,43.25982,-92.24348,Active,IA
64407,iowa_cafo_group_0721,2,43.22042,-92.23808,Active,IA
64408,iowa_cafo_group_0099,2,42.91337,-94.81444,Active,IA
64409,iowa_cafo_group_0006,0,43.15732,-96.34396,Active,IA
64410,iowa_cafo_group_0006,0,42.98039,-96.29351,Active,IA
64411,iowa_cafo_group_0524,1,42.45748,-95.26904,Active,IA
64412,iowa_cafo_group_0892,3,42.66148,-95.87829,Active,IA
64413,iowa_cafo_group_2521,2,42.97244,-93.00603,Active,IA
64414,iowa_cafo_group_0737,3,42.67273,-93.33369,Active,IA
64415,iowa_cafo_group_0771,4,42.42847,-93.91492,Active,IA
64416,iowa_cafo_group_0771,4,42.43133,-93.90626,Active,IA
64417,iowa_cafo_group_0754,1,42.25343,-93.42988,Active,IA
64418,iowa_cafo_group_2522,1,43.4153,-93.84259,Active,IA
64419,iowa_cafo_group_0739,1,42.52282,-93.09983,Active,IA
64420,iowa_cafo_group_2523,2,42.86944,-93.04975,Active,IA
64421,iowa_cafo_group_0771,4,42.3976,-93.9151,Active,IA
64422,iowa_cafo_group_1846,2,43.12565,-92.81495,Active,IA
64423,iowa_cafo_group_2524,0,42.45771,-92.17674,Active,IA
64424,iowa_cafo_group_0397,4,42.16677,-95.5621,Active,IA
64425,iowa_cafo_group_0006,0,43.22961,-96.25014,Active,IA
64426,iowa_cafo_group_0006,0,43.19961,-96.21689,Active,IA
64427,iowa_cafo_group_0006,0,43.42283,-96.36859,Active,IA
64428,iowa_cafo_group_1628,4,43.39966,-95.37912,Active,IA
64429,iowa_cafo_group_0757,1,42.80482,-93.01388,Active,IA
64430,iowa_cafo_group_0981,4,42.85397,-93.39836,Active,IA
64431,iowa_cafo_group_2525,3,42.8857,-93.39804,Active,IA
64432,iowa_cafo_group_0756,4,42.47811,-93.31916,Active,IA
64433,iowa_cafo_group_2295,3,42.91779,-95.27509,Active,IA
64434,iowa_cafo_group_0068,2,42.39307,-95.22645,Active,IA
64435,iowa_cafo_group_2526,4,42.26725,-95.53942,Active,IA
64436,iowa_cafo_group_0006,0,43.30053,-96.21008,Active,IA
64437,iowa_cafo_group_2527,3,43.19216,-95.56589,Active,IA
64438,iowa_cafo_group_2528,3,42.86548,-96.13062,Active,IA
64439,iowa_cafo_group_0011,3,42.85095,-96.0661,Active,IA
64440,iowa_cafo_group_0476,1,41.56914,-91.96498,Active,IA
64441,iowa_cafo_group_2529,0,42.716,-95.18912,Active,IA
64442,iowa_cafo_group_2530,1,41.58942,-92.18819,Active,IA
64443,iowa_cafo_group_2531,0,41.00246,-91.81938,Active,IA
64444,iowa_cafo_group_0006,0,43.41175,-96.38998,Active,IA
64446,iowa_cafo_group_1091,3,41.43244,-91.90626,Active,IA
64447,iowa_cafo_group_1135,3,43.30561,-92.25985,Active,IA
64448,iowa_cafo_group_0875,4,42.45588,-91.48802,Active,IA
64449,iowa_cafo_group_2398,4,42.72256,-91.98244,Active,IA
64450,iowa_cafo_group_0830,1,42.09408,-94.20232,Active,IA
64451,iowa_cafo_group_0875,4,42.45588,-91.50912,Active,IA
64452,iowa_cafo_group_0307,4,41.56847,-95.40199,Active,IA
64453,iowa_cafo_group_0101,3,42.83042,-95.96091,Active,IA
64454,iowa_cafo_group_0638,2,41.87952,-94.7964,Active,IA
64455,iowa_cafo_group_2055,2,43.4746,-95.3981,Active,IA
64456,iowa_cafo_group_0027,1,41.84766,-94.83558,Active,IA
64457,iowa_cafo_group_0379,1,42.26029,-95.45782,Active,IA
64458,iowa_cafo_group_0011,3,42.72921,-96.11471,Active,IA
64459,iowa_cafo_group_0006,0,43.14884,-96.27256,Active,IA
64460,iowa_cafo_group_0006,0,43.15692,-96.27099,Active,IA
64461,iowa_cafo_group_0545,4,42.37508,-93.40626,Active,IA
64462,iowa_cafo_group_0545,4,42.36892,-93.41188,Active,IA
64463,iowa_cafo_group_0799,1,43.25568,-94.43276,Active,IA
64465,iowa_cafo_group_0006,0,43.40294,-96.31399,Active,IA
64466,iowa_cafo_group_0718,3,43.40072,-92.56343,Active,IA
64469,iowa_cafo_group_1836,3,43.26924,-95.46193,Active,IA
64470,iowa_cafo_group_2532,2,41.55,-92.11,Active,IA
64471,iowa_cafo_group_0545,4,42.34933,-93.34568,Active,IA
64472,iowa_cafo_group_0748,1,42.32576,-92.97403,Active,IA
64473,iowa_cafo_group_2533,3,42.7837,-93.82577,Active,IA
64474,iowa_cafo_group_2026,3,43.19881,-94.66949,Active,IA
64475,iowa_cafo_group_2534,1,43.44271,-91.44685,Active,IA
64476,iowa_cafo_group_1862,4,41.42262,-91.63722,Active,IA
64477,iowa_cafo_group_2535,3,41.94292,-94.47257,Active,IA
64478,iowa_cafo_group_0069,3,43.33539,-94.57923,Active,IA
64480,iowa_cafo_group_0069,3,43.30253,-94.6603,Active,IA
64481,iowa_cafo_group_2536,1,40.79987,-93.73512,Active,IA
64482,iowa_cafo_group_2537,4,43.22652,-93.98137,Active,IA
64483,iowa_cafo_group_2538,0,41.83682,-95.69319,Active,IA
64484,iowa_cafo_group_2539,3,42.85046,-94.64839,Active,IA
64485,iowa_cafo_group_2540,0,42.87802,-94.59468,Active,IA
64486,iowa_cafo_group_0006,0,43.19972,-95.97437,Active,IA
64487,iowa_cafo_group_2541,4,42.51317,-91.58588,Active,IA
64488,iowa_cafo_group_0739,1,42.60179,-93.15488,Active,IA
64489,iowa_cafo_group_0006,0,43.14301,-96.25167,Active,IA
64495,iowa_cafo_group_2542,4,43.13895,-91.98107,Active,IA
64496,iowa_cafo_group_2177,1,42.88384,-92.50688,Active,IA
64497,iowa_cafo_group_2330,4,42.91396,-92.30437,Active,IA
64498,iowa_cafo_group_2543,1,41.49654,-92.42301,Active,IA
64501,iowa_cafo_group_0006,0,43.44966,-96.50753,Active,IA
64502,iowa_cafo_group_1374,1,40.75943,-94.66295,Active,IA
64504,iowa_cafo_group_1998,4,42.14366,-94.52381,Active,IA
64506,iowa_cafo_group_0443,3,43.21576,-95.74242,Active,IA
64507,iowa_cafo_group_0006,0,43.47397,-96.30181,Active,IA
64508,iowa_cafo_group_0011,3,42.79408,-96.04925,Active,IA
64510,iowa_cafo_group_1628,4,43.40097,-95.40677,Active,IA
64511,iowa_cafo_group_0006,0,43.34327,-96.23112,Active,IA
64512,iowa_cafo_group_0739,1,42.57049,-93.24476,Active,IA
64513,iowa_cafo_group_2544,3,42.81832,-94.12826,Active,IA
64514,iowa_cafo_group_1038,4,42.82093,-94.66977,Active,IA
64515,iowa_cafo_group_0694,4,42.09662,-92.8765,Active,IA
64516,iowa_cafo_group_0675,3,42.8949,-95.74735,Active,IA
64517,iowa_cafo_group_0006,0,43.02529,-95.91837,Active,IA
64518,iowa_cafo_group_2545,0,42.34729,-92.05965,Active,IA
64520,iowa_cafo_group_1537,1,42.57923,-95.05383,Active,IA
64521,iowa_cafo_group_0782,2,42.66941,-94.95554,Active,IA
64522,iowa_cafo_group_2546,0,42.89275,-93.77209,Active,IA
64523,iowa_cafo_group_2547,1,41.98058,-91.03176,Active,IA
64524,iowa_cafo_group_1329,3,42.35493,-94.44949,Active,IA
64525,iowa_cafo_group_1329,3,42.35737,-94.41566,Active,IA
64526,iowa_cafo_group_0755,4,42.48694,-93.45867,Active,IA
64527,iowa_cafo_group_1165,2,43.17755,-93.55868,Active,IA
64528,iowa_cafo_group_1894,3,40.59688,-94.74877,Active,IA
64529,iowa_cafo_group_1827,4,42.7395,-93.02379,Active,IA
64530,iowa_cafo_group_2548,4,42.42301,-91.44294,Active,IA
64531,iowa_cafo_group_0618,1,43.28376,-92.37594,Active,IA
64532,iowa_cafo_group_0576,4,42.73346,-91.86612,Active,IA
64533,iowa_cafo_group_0015,4,42.22481,-94.92551,Active,IA
64534,iowa_cafo_group_2549,1,43.0345,-91.51769,Active,IA
64535,iowa_cafo_group_0871,1,43.0235,-93.49856,Active,IA
64536,iowa_cafo_group_2236,1,42.32088,-93.40287,Active,IA
64537,iowa_cafo_group_0989,1,43.2142,-95.47243,Active,IA
64539,iowa_cafo_group_0545,4,42.35454,-93.41133,Active,IA
64540,iowa_cafo_group_1335,1,42.36723,-93.29417,Active,IA
64541,iowa_cafo_group_0099,2,42.90865,-94.74309,Active,IA
64542,iowa_cafo_group_2550,1,42.73436,-96.29624,Active,IA
64544,iowa_cafo_group_2332,3,42.45179,-92.71238,Active,IA
64545,iowa_cafo_group_2551,3,41.8254,-90.51036,Active,IA
64546,iowa_cafo_group_0989,1,43.2194,-95.42674,Active,IA
64547,iowa_cafo_group_0006,0,43.33243,-96.13505,Active,IA
64548,iowa_cafo_group_0006,0,43.31816,-96.11909,Active,IA
64549,iowa_cafo_group_2552,0,41.32422,-91.29382,Active,IA
64550,iowa_cafo_group_2553,3,41.31773,-91.25271,Active,IA
64551,iowa_cafo_group_2554,0,42.6606,-94.78006,Active,IA
64552,iowa_cafo_group_1091,3,41.39523,-92.00102,Active,IA
64553,iowa_cafo_group_1268,3,41.38118,-92.42963,Active,IA
64554,iowa_cafo_group_0006,0,42.92349,-96.15439,Active,IA
64555,iowa_cafo_group_0006,0,43.05594,-95.96868,Active,IA
64556,iowa_cafo_group_0006,0,43.28113,-96.00102,Active,IA
64557,iowa_cafo_group_0127,2,41.3656,-91.74555,Active,IA
64558,iowa_cafo_group_1693,3,41.54239,-91.30637,Active,IA
64559,iowa_cafo_group_1693,3,41.53852,-91.32052,Active,IA
64560,iowa_cafo_group_0568,1,41.57137,-92.12749,Active,IA
64561,iowa_cafo_group_1792,4,41.61289,-92.18859,Active,IA
64562,iowa_cafo_group_0006,0,43.47664,-95.72763,Active,IA
64563,iowa_cafo_group_0722,1,43.44425,-92.46511,Active,IA
64564,iowa_cafo_group_0006,0,43.03247,-95.99659,Active,IA
64565,iowa_cafo_group_0965,4,42.20986,-95.06032,Active,IA
64566,iowa_cafo_group_0696,1,41.86438,-95.23609,Active,IA
64567,iowa_cafo_group_0015,4,42.19655,-94.93903,Active,IA
64568,iowa_cafo_group_0887,3,42.85539,-93.7158,Active,IA
64569,iowa_cafo_group_2349,4,41.98295,-90.62959,Active,IA
64570,iowa_cafo_group_2555,1,41.7762,-94.74316,Active,IA
64571,iowa_cafo_group_2556,2,41.61589,-94.74992,Active,IA
64573,iowa_cafo_group_2345,1,43.03051,-91.34909,Active,IA
64574,iowa_cafo_group_0006,0,43.30868,-95.82205,Active,IA
64575,iowa_cafo_group_2426,2,42.57292,-93.64899,Active,IA
64576,iowa_cafo_group_0761,4,43.09105,-94.40016,Active,IA
64578,iowa_cafo_group_0660,3,41.44212,-95.07865,Active,IA
64579,iowa_cafo_group_2557,4,41.85883,-94.6705,Active,IA
64580,iowa_cafo_group_0006,0,43.28617,-95.93525,Active,IA
64581,iowa_cafo_group_0653,4,42.37581,-91.58843,Active,IA
64582,iowa_cafo_group_2558,1,41.41991,-92.14002,Active,IA
64584,iowa_cafo_group_1628,4,43.38144,-95.42621,Active,IA
64585,iowa_cafo_group_0749,4,42.45679,-93.53197,Active,IA
64586,iowa_cafo_group_2559,2,42.19139,-94.45667,Active,IA
64587,iowa_cafo_group_0832,4,42.20544,-94.42352,Active,IA
64589,iowa_cafo_group_2293,3,43.33615,-92.03104,Active,IA
64590,iowa_cafo_group_2293,3,43.32892,-92.00061,Active,IA
64591,iowa_cafo_group_0006,0,42.98277,-96.22411,Active,IA
64592,iowa_cafo_group_0006,0,43.24505,-96.08437,Active,IA
64593,iowa_cafo_group_1259,1,42.23858,-92.60276,Active,IA
64594,iowa_cafo_group_2560,0,41.6837,-93.34717,Active,IA
64595,iowa_cafo_group_2561,3,42.21648,-92.60995,Active,IA
64596,iowa_cafo_group_2561,3,42.21089,-92.60186,Active,IA
64597,iowa_cafo_group_1104,4,41.53912,-92.32832,Active,IA
64598,iowa_cafo_group_2456,4,41.5329,-92.49773,Active,IA
64599,iowa_cafo_group_0383,1,42.31241,-91.01247,Active,IA
64600,iowa_cafo_group_0383,1,42.31942,-91.00786,Active,IA
64601,iowa_cafo_group_0949,1,42.90373,-93.83148,Active,IA
64602,iowa_cafo_group_2562,1,41.20875,-93.34512,Active,IA
64603,iowa_cafo_group_1668,2,42.48005,-91.19359,Active,IA
64604,iowa_cafo_group_0136,2,42.29247,-91.05258,Active,IA
64605,iowa_cafo_group_1100,2,42.7384,-96.23226,Active,IA
64606,iowa_cafo_group_2563,2,43.32118,-92.44203,Active,IA
64607,iowa_cafo_group_1088,4,42.93638,-92.05303,Active,IA
64608,iowa_cafo_group_1608,1,42.87769,-92.97742,Active,IA
64609,iowa_cafo_group_0811,3,43.15788,-94.42189,Active,IA
64612,iowa_cafo_group_0787,1,42.2236,-94.78427,Active,IA
64613,iowa_cafo_group_2564,4,42.47551,-95.20842,Active,IA
64614,iowa_cafo_group_2565,1,43.00642,-94.9921,Active,IA
64615,iowa_cafo_group_2566,3,42.87581,-93.68465,Active,IA
64616,iowa_cafo_group_0782,2,42.5596,-94.91535,Active,IA
64617,iowa_cafo_group_0011,3,42.83753,-96.12903,Active,IA
64619,iowa_cafo_group_2540,0,42.88538,-94.58108,Active,IA
64620,iowa_cafo_group_0006,0,43.27202,-95.9944,Active,IA
64621,iowa_cafo_group_2352,2,41.64642,-92.78932,Active,IA
64622,iowa_cafo_group_0989,1,43.19942,-95.42541,Active,IA
64623,iowa_cafo_group_2567,4,42.29845,-96.19006,Active,IA
64624,iowa_cafo_group_1218,3,41.79005,-94.9671,Active,IA
64625,iowa_cafo_group_0755,4,42.51509,-93.44588,Active,IA
64626,iowa_cafo_group_0443,3,43.21584,-95.68415,Active,IA
64627,iowa_cafo_group_2568,0,42.78524,-95.46733,Active,IA
64628,iowa_cafo_group_0749,4,42.3688,-93.51068,Active,IA
64629,iowa_cafo_group_0755,4,42.53607,-93.42173,Active,IA
64630,iowa_cafo_group_2569,0,40.87791,-91.9179,Active,IA
64631,iowa_cafo_group_2570,1,42.196,-95.42192,Active,IA
64632,iowa_cafo_group_2553,3,41.30658,-91.23858,Active,IA
64633,iowa_cafo_group_0227,4,41.27427,-91.61909,Active,IA
64635,iowa_cafo_group_2391,3,42.87787,-94.46928,Active,IA
64636,iowa_cafo_group_0957,2,42.93914,-95.0364,Active,IA
64637,iowa_cafo_group_0069,3,43.28522,-94.56527,Active,IA
64638,iowa_cafo_group_0278,2,43.49453,-94.26708,Active,IA
64639,iowa_cafo_group_0627,1,42.3223,-91.37443,Active,IA
64640,iowa_cafo_group_0721,2,43.24308,-92.24714,Active,IA
64641,iowa_cafo_group_0721,2,43.24293,-92.25818,Active,IA
64644,iowa_cafo_group_2571,3,43.48906,-95.27455,Active,IA
64645,iowa_cafo_group_2572,3,43.00865,-94.14005,Active,IA
64646,iowa_cafo_group_1500,3,41.93682,-95.2003,Active,IA
64647,iowa_cafo_group_0872,1,43.02442,-94.39261,Active,IA
64648,iowa_cafo_group_0227,4,41.38797,-91.70199,Active,IA
64649,iowa_cafo_group_2573,1,42.55224,-92.01095,Active,IA
64650,iowa_cafo_group_2574,0,43.0657,-94.39368,Active,IA
64651,iowa_cafo_group_0872,1,42.98981,-94.39472,Active,IA
64652,iowa_cafo_group_0949,1,42.92252,-93.85732,Active,IA
64654,iowa_cafo_group_0006,0,43.08775,-96.03841,Active,IA
64656,iowa_cafo_group_2575,1,42.96643,-94.32597,Active,IA
64658,iowa_cafo_group_2576,1,43.05334,-94.32609,Active,IA
64659,iowa_cafo_group_0011,3,42.83266,-96.13586,Active,IA
64660,iowa_cafo_group_0887,3,42.84727,-93.74007,Active,IA
64661,iowa_cafo_group_0959,1,42.24873,-93.1164,Active,IA
64662,iowa_cafo_group_0168,1,42.14128,-95.51614,Active,IA
64663,iowa_cafo_group_2577,3,43.18072,-94.81631,Active,IA
64664,iowa_cafo_group_0487,4,43.14033,-94.79828,Active,IA
64665,iowa_cafo_group_0487,4,43.12151,-94.85576,Active,IA
64666,iowa_cafo_group_1055,3,43.06857,-94.90907,Active,IA
64667,iowa_cafo_group_0011,3,42.70171,-96.03904,Active,IA
64668,iowa_cafo_group_0561,1,43.09856,-95.51049,Active,IA
64669,iowa_cafo_group_0006,0,43.09801,-96.16623,Active,IA
64670,iowa_cafo_group_2092,2,42.93459,-91.83934,Active,IA
64671,iowa_cafo_group_2092,2,42.92001,-91.83033,Active,IA
64672,iowa_cafo_group_2578,2,41.3745,-93.20749,Active,IA
64673,iowa_cafo_group_2579,2,43.08366,-92.23185,Active,IA
64674,iowa_cafo_group_2580,1,43.03313,-91.43294,Active,IA
64675,iowa_cafo_group_2581,3,42.12859,-92.29787,Active,IA
64676,iowa_cafo_group_0006,0,43.09854,-96.3937,Active,IA
64678,iowa_cafo_group_0006,0,43.36114,-96.41815,Active,IA
64679,iowa_cafo_group_0293,4,42.68911,-95.76198,Active,IA
64681,iowa_cafo_group_1291,1,42.70715,-95.96548,Active,IA
64682,iowa_cafo_group_2582,0,42.53004,-93.14061,Active,IA
64683,iowa_cafo_group_0874,2,42.4993,-92.7439,Active,IA
64685,iowa_cafo_group_2583,0,41.37792,-92.88691,Active,IA
64686,iowa_cafo_group_2583,0,41.37762,-92.89081,Active,IA
64688,iowa_cafo_group_0738,3,42.6087,-93.39878,Active,IA
64689,iowa_cafo_group_2584,2,42.60481,-95.90904,Active,IA
64692,iowa_cafo_group_0755,4,42.49895,-93.37838,Active,IA
64693,iowa_cafo_group_1177,3,42.91503,-94.30677,Active,IA
64694,iowa_cafo_group_2585,4,42.75134,-92.55233,Active,IA
64695,iowa_cafo_group_2586,1,42.46574,-92.57233,Active,IA
64696,iowa_cafo_group_2587,1,41.54627,-91.3642,Active,IA
64697,iowa_cafo_group_0787,1,42.1748,-94.76507,Active,IA
64698,iowa_cafo_group_2260,2,42.167,-95.63484,Active,IA
64699,iowa_cafo_group_1573,2,40.73997,-94.48466,Active,IA
64700,iowa_cafo_group_0061,1,42.8655,-95.83047,Active,IA
64701,iowa_cafo_group_0559,1,42.14513,-94.97954,Active,IA
64702,iowa_cafo_group_0887,3,42.87813,-93.75346,Active,IA
64703,iowa_cafo_group_2588,3,41.80603,-94.50776,Active,IA
64704,iowa_cafo_group_2589,3,41.86372,-94.44423,Active,IA
64705,iowa_cafo_group_0041,3,42.46066,-95.57748,Active,IA
64706,iowa_cafo_group_2589,3,41.86657,-94.45298,Active,IA
64707,iowa_cafo_group_0908,4,42.50705,-93.08334,Active,IA
64708,iowa_cafo_group_1083,2,42.65727,-92.00016,Active,IA
64709,iowa_cafo_group_1706,1,43.43406,-93.71758,Active,IA
64710,iowa_cafo_group_2590,1,42.89353,-94.64655,Active,IA
64711,iowa_cafo_group_1915,2,42.4729,-94.89694,Active,IA
64712,iowa_cafo_group_1706,1,43.43095,-93.73192,Active,IA
64713,iowa_cafo_group_2591,3,42.85672,-94.51965,Active,IA
64714,iowa_cafo_group_1172,3,43.25073,-95.86103,Active,IA
64715,iowa_cafo_group_1172,3,43.24507,-95.84702,Active,IA
64716,iowa_cafo_group_2592,4,42.9527,-94.91852,Active,IA
64717,iowa_cafo_group_0811,3,43.16436,-94.42497,Active,IA
64718,iowa_cafo_group_0127,2,41.41729,-91.76173,Active,IA
64720,iowa_cafo_group_0756,4,42.47091,-93.36167,Active,IA
64721,iowa_cafo_group_2593,2,42.60388,-95.08161,Active,IA
64722,iowa_cafo_group_0006,0,42.98344,-96.37223,Active,IA
64723,iowa_cafo_group_0087,3,42.96993,-94.62102,Active,IA
64724,iowa_cafo_group_0087,3,43.0003,-94.62092,Active,IA
64726,iowa_cafo_group_2594,3,42.59051,-95.15409,Active,IA
64727,iowa_cafo_group_2595,1,42.18271,-92.62687,Active,IA
64728,iowa_cafo_group_0851,1,41.4017,-92.49928,Active,IA
64729,iowa_cafo_group_2596,4,42.95324,-91.98363,Active,IA
64730,iowa_cafo_group_0061,1,42.79267,-95.87002,Active,IA
64731,iowa_cafo_group_0782,2,42.53911,-94.95501,Active,IA
64732,iowa_cafo_group_2597,4,42.78291,-93.59432,Active,IA
64733,iowa_cafo_group_2320,0,41.82289,-94.40509,Active,IA
64734,iowa_cafo_group_2598,4,41.11031,-91.31122,Active,IA
64736,iowa_cafo_group_0355,1,42.50301,-95.15953,Active,IA
64737,iowa_cafo_group_2599,4,42.98212,-91.48896,Active,IA
64738,iowa_cafo_group_0006,0,43.27142,-96.08308,Active,IA
64740,iowa_cafo_group_0006,0,43.01585,-96.29412,Active,IA
64741,iowa_cafo_group_0006,0,42.99161,-96.31188,Active,IA
64743,iowa_cafo_group_1291,1,42.73442,-95.96362,Active,IA
64744,iowa_cafo_group_2101,1,42.271,-93.19953,Active,IA
64745,iowa_cafo_group_2600,4,40.79648,-94.19959,Active,IA
64746,iowa_cafo_group_0721,2,43.30526,-92.20004,Active,IA
64747,iowa_cafo_group_2556,2,41.60169,-94.73846,Active,IA
64749,iowa_cafo_group_2601,1,42.4419,-92.04326,Active,IA
64750,iowa_cafo_group_0275,2,41.95062,-91.26741,Active,IA
64751,iowa_cafo_group_2602,3,41.05867,-94.67442,Active,IA
64752,iowa_cafo_group_2603,2,42.84917,-92.35023,Active,IA
64753,iowa_cafo_group_1177,3,42.92297,-94.31411,Active,IA
64754,iowa_cafo_group_0191,1,43.49155,-96.15514,Active,IA
64755,iowa_cafo_group_2604,4,42.9501,-93.2848,Active,IA
64756,iowa_cafo_group_0755,4,42.53662,-93.4971,Active,IA
64757,iowa_cafo_group_0721,2,43.28297,-92.22347,Active,IA
64758,iowa_cafo_group_2605,2,43.38853,-91.31998,Active,IA
64759,iowa_cafo_group_2606,1,42.7848,-92.31834,Active,IA
64760,iowa_cafo_group_1844,3,42.67138,-92.08282,Active,IA
64761,iowa_cafo_group_2607,2,42.9216,-91.87858,Active,IA
64762,iowa_cafo_group_0872,1,42.98079,-94.45914,Active,IA
64763,iowa_cafo_group_0738,3,42.62942,-93.39019,Active,IA
64764,iowa_cafo_group_2608,3,42.45606,-91.5601,Active,IA
64765,iowa_cafo_group_0545,4,42.36488,-93.36716,Active,IA
64766,iowa_cafo_group_0263,1,42.70836,-93.12833,Active,IA
64767,iowa_cafo_group_0061,1,42.85958,-95.83845,Active,IA
64768,iowa_cafo_group_0616,4,42.25478,-95.39174,Active,IA
64769,iowa_cafo_group_2609,1,41.96589,-90.46714,Active,IA
64770,iowa_cafo_group_1790,3,42.53676,-91.78588,Active,IA
64771,iowa_cafo_group_0997,4,42.0101,-95.14128,Active,IA
64773,iowa_cafo_group_0006,0,43.35977,-95.82235,Active,IA
64774,iowa_cafo_group_2610,3,42.96651,-94.17735,Active,IA
64775,iowa_cafo_group_0545,4,42.40642,-93.36369,Active,IA
64776,iowa_cafo_group_1496,3,42.3849,-95.02587,Active,IA
64777,iowa_cafo_group_0763,1,43.29939,-94.28127,Active,IA
64778,iowa_cafo_group_0080,2,41.99286,-94.97426,Active,IA
64780,iowa_cafo_group_1509,2,42.32427,-93.84808,Active,IA
64781,iowa_cafo_group_0214,1,43.09302,-92.14993,Active,IA
64782,iowa_cafo_group_0879,3,41.78631,-95.09221,Active,IA
64783,iowa_cafo_group_0006,0,43.40364,-96.12539,Active,IA
64784,iowa_cafo_group_2611,1,42.85278,-91.74974,Active,IA
64785,iowa_cafo_group_2612,3,42.88443,-92.41582,Active,IA
64786,iowa_cafo_group_2434,2,43.12256,-92.14714,Active,IA
64787,iowa_cafo_group_2613,1,43.36962,-92.27731,Active,IA
64788,iowa_cafo_group_2614,1,42.44034,-92.1342,Active,IA
64789,iowa_cafo_group_2615,4,42.81014,-91.78426,Active,IA
64790,iowa_cafo_group_2616,0,42.39966,-94.74551,Active,IA
64791,iowa_cafo_group_2617,1,41.19011,-93.65495,Active,IA
64792,iowa_cafo_group_0809,4,43.10459,-94.59836,Active,IA
64793,iowa_cafo_group_2618,4,43.14299,-95.72448,Active,IA
64797,iowa_cafo_group_1356,2,42.84844,-93.2448,Active,IA
64798,iowa_cafo_group_1356,2,42.84103,-93.24052,Active,IA
64799,iowa_cafo_group_0854,4,42.04815,-93.07699,Active,IA
64800,iowa_cafo_group_2619,4,43.16222,-93.47525,Active,IA
64801,iowa_cafo_group_0914,1,42.26033,-93.67791,Active,IA
64802,iowa_cafo_group_2009,1,42.22406,-94.10181,Active,IA
64803,iowa_cafo_group_2258,1,43.46689,-95.60507,Active,IA
64804,iowa_cafo_group_2183,3,43.12717,-95.45645,Active,IA
64805,iowa_cafo_group_2620,1,42.1714,-94.45419,Active,IA
64806,iowa_cafo_group_2413,3,42.13788,-94.44456,Active,IA
64807,iowa_cafo_group_0150,3,42.04765,-95.07404,Active,IA
64808,iowa_cafo_group_2621,3,41.1801,-94.4887,Active,IA
64809,iowa_cafo_group_2621,3,41.19559,-94.48849,Active,IA
64810,iowa_cafo_group_0056,1,42.36463,-95.13124,Active,IA
64811,iowa_cafo_group_2621,3,41.18816,-94.48053,Active,IA
64812,iowa_cafo_group_0155,3,42.48701,-94.9454,Active,IA
64813,iowa_cafo_group_2622,0,42.73243,-93.64303,Active,IA
64814,iowa_cafo_group_2623,4,41.44966,-94.92582,Active,IA
64815,iowa_cafo_group_2624,0,40.75519,-94.31189,Active,IA
64816,iowa_cafo_group_0598,4,42.29446,-95.09243,Active,IA
64817,iowa_cafo_group_0163,4,42.3126,-95.21938,Active,IA
64818,iowa_cafo_group_0510,3,43.40078,-92.67356,Active,IA
64819,iowa_cafo_group_0510,3,43.40072,-92.69392,Active,IA
64820,iowa_cafo_group_0510,3,43.40361,-92.71167,Active,IA
64821,iowa_cafo_group_0510,3,43.40641,-92.65491,Active,IA
64822,iowa_cafo_group_0510,3,43.41081,-92.66491,Active,IA
64824,iowa_cafo_group_0738,3,42.57126,-93.2956,Active,IA
64825,iowa_cafo_group_1106,3,43.19747,-94.58797,Active,IA
64826,iowa_cafo_group_0763,1,43.30143,-94.26725,Active,IA
64827,iowa_cafo_group_0407,4,42.60279,-94.63659,Active,IA
64828,iowa_cafo_group_1628,4,43.39096,-95.40848,Active,IA
64829,iowa_cafo_group_1218,3,41.80633,-94.92054,Active,IA
64830,iowa_cafo_group_0330,1,42.44248,-94.96415,Active,IA
64831,iowa_cafo_group_1642,4,42.70406,-96.28581,Active,IA
64832,iowa_cafo_group_0006,0,43.27952,-95.86229,Active,IA
64833,iowa_cafo_group_2625,4,42.29862,-95.66549,Active,IA
64834,iowa_cafo_group_2626,4,41.2443,-91.88974,Active,IA
64836,iowa_cafo_group_1459,4,41.53904,-92.42126,Active,IA
64837,iowa_cafo_group_0850,4,41.39399,-92.53935,Active,IA
64838,iowa_cafo_group_1220,3,41.21,-91.48,Active,IA
64841,iowa_cafo_group_0127,2,41.41131,-91.77758,Active,IA
64842,iowa_cafo_group_1033,2,43.14083,-94.33866,Active,IA
64843,iowa_cafo_group_1624,2,41.21397,-91.96767,Active,IA
64844,iowa_cafo_group_2627,1,42.59703,-93.45686,Active,IA
64845,iowa_cafo_group_1727,3,41.98264,-94.63051,Active,IA
64846,iowa_cafo_group_0006,0,42.93785,-96.317,Active,IA
64847,iowa_cafo_group_1358,4,42.3997,-92.06095,Active,IA
64848,iowa_cafo_group_1285,1,42.31051,-92.82018,Active,IA
64849,iowa_cafo_group_0484,4,41.85314,-95.0751,Active,IA
64850,iowa_cafo_group_0689,2,41.92681,-95.13706,Active,IA
64851,iowa_cafo_group_0006,0,43.02667,-96.39235,Active,IA
64854,iowa_cafo_group_0829,1,41.98645,-95.55719,Active,IA
64855,iowa_cafo_group_0155,3,42.50253,-94.93342,Active,IA
64856,iowa_cafo_group_1039,3,43.15755,-95.52873,Active,IA
64857,iowa_cafo_group_0006,0,42.94733,-96.39195,Active,IA
64860,iowa_cafo_group_1275,2,42.98755,-91.55061,Active,IA
64861,iowa_cafo_group_2341,2,43.17479,-91.63818,Active,IA
64862,iowa_cafo_group_1139,3,41.67366,-93.99942,Active,IA
64863,iowa_cafo_group_2628,2,41.03435,-91.11699,Active,IA
64864,iowa_cafo_group_2629,3,42.78493,-95.76578,Active,IA
64865,iowa_cafo_group_0094,4,43.17883,-94.06799,Active,IA
64866,iowa_cafo_group_0094,4,43.16993,-94.05937,Active,IA
64868,iowa_cafo_group_1227,2,42.70929,-91.66665,Active,IA
64869,iowa_cafo_group_0739,1,42.57135,-93.19708,Active,IA
64870,iowa_cafo_group_1135,3,43.31681,-92.26024,Active,IA
64871,iowa_cafo_group_1135,3,43.32394,-92.26018,Active,IA
64872,iowa_cafo_group_2630,2,42.42269,-91.16912,Active,IA
64873,iowa_cafo_group_2631,0,43.2976,-92.12488,Active,IA
64874,iowa_cafo_group_0718,3,43.4152,-92.54467,Active,IA
64876,iowa_cafo_group_0006,0,43.41003,-96.37033,Active,IA
64877,iowa_cafo_group_1003,2,42.4362,-94.59159,Active,IA
64878,iowa_cafo_group_2632,2,42.74432,-92.86968,Active,IA
64879,iowa_cafo_group_2633,0,41.76,-92.48,Active,IA
64882,iowa_cafo_group_0516,2,42.08304,-95.87645,Active,IA
64884,iowa_cafo_group_2634,4,42.29911,-95.7688,Active,IA
64885,iowa_cafo_group_0755,4,42.49958,-93.5273,Active,IA
64886,iowa_cafo_group_1312,1,42.32662,-92.86682,Active,IA
64887,iowa_cafo_group_2635,1,40.52913,-91.59279,Active,IA
64888,iowa_cafo_group_1841,4,43.34313,-95.94056,Active,IA
64889,iowa_cafo_group_1733,3,42.82562,-94.26742,Active,IA
64890,iowa_cafo_group_2636,1,43.01006,-95.45702,Active,IA
64891,iowa_cafo_group_2637,1,43.22018,-95.05368,Active,IA
64892,iowa_cafo_group_0061,1,42.89477,-95.83453,Active,IA
64893,iowa_cafo_group_2638,2,42.59239,-94.77415,Active,IA
64894,iowa_cafo_group_0006,0,43.04813,-96.01813,Active,IA
64896,iowa_cafo_group_0006,0,42.96684,-96.23413,Active,IA
64897,iowa_cafo_group_0006,0,42.95,-96.25,Active,IA
64898,iowa_cafo_group_0006,0,42.95668,-96.23418,Active,IA
64899,iowa_cafo_group_0006,0,42.94895,-96.23444,Active,IA
64900,iowa_cafo_group_0006,0,42.92335,-96.26841,Active,IA
64901,iowa_cafo_group_1303,4,42.89456,-95.88923,Active,IA
64902,iowa_cafo_group_2527,3,43.19898,-95.55468,Active,IA
64903,iowa_cafo_group_0529,1,43.26875,-95.32755,Active,IA
64904,iowa_cafo_group_0529,1,43.27025,-95.33281,Active,IA
64906,iowa_cafo_group_0979,3,41.84002,-94.53133,Active,IA
64907,iowa_cafo_group_0041,3,42.47113,-95.58579,Active,IA
64908,iowa_cafo_group_2639,2,43.05899,-91.23964,Active,IA
64909,iowa_cafo_group_0545,4,42.42631,-93.39622,Active,IA
64910,iowa_cafo_group_0739,1,42.54847,-93.10441,Active,IA
64911,iowa_cafo_group_2640,3,42.02711,-91.29436,Active,IA
64912,iowa_cafo_group_2116,3,42.01361,-91.35118,Active,IA
64913,iowa_cafo_group_2641,3,42.02088,-92.13635,Active,IA
64915,iowa_cafo_group_2642,3,41.88442,-93.39771,Active,IA
64916,iowa_cafo_group_0200,2,43.38635,-95.45845,Active,IA
64917,iowa_cafo_group_1085,2,42.80058,-96.34996,Active,IA
64918,iowa_cafo_group_0608,0,41.10431,-92.62151,Active,IA
64919,iowa_cafo_group_2643,1,41.95874,-91.03219,Active,IA
64920,iowa_cafo_group_0061,1,42.76798,-95.86015,Active,IA
64921,iowa_cafo_group_0795,1,42.63247,-95.86576,Active,IA
64923,iowa_cafo_group_2644,4,41.52619,-91.68097,Active,IA
64927,iowa_cafo_group_2645,4,41.91386,-93.28304,Active,IA
64929,iowa_cafo_group_0510,3,43.43,-92.65,Active,IA
64930,iowa_cafo_group_1323,1,41.62411,-92.64005,Active,IA
64931,iowa_cafo_group_0545,4,42.31365,-93.36507,Active,IA
64932,iowa_cafo_group_2646,4,43.36207,-95.54435,Active,IA
64933,iowa_cafo_group_0983,4,42.08455,-94.39718,Active,IA
64934,iowa_cafo_group_0965,4,42.19384,-95.08767,Active,IA
64935,iowa_cafo_group_0782,2,42.50418,-95.03192,Active,IA
64936,iowa_cafo_group_0431,1,42.09392,-92.32264,Active,IA
64938,iowa_cafo_group_0011,3,42.73585,-96.17036,Active,IA
64941,iowa_cafo_group_0011,3,42.69185,-96.16187,Active,IA
64942,iowa_cafo_group_2647,1,42.7346,-96.36325,Active,IA
64943,iowa_cafo_group_1190,4,41.3507,-92.47625,Active,IA
64944,iowa_cafo_group_2648,1,41.17897,-93.4735,Active,IA
64945,iowa_cafo_group_0006,0,43.4187,-96.49647,Active,IA
64946,iowa_cafo_group_1050,3,43.49926,-95.57373,Active,IA
64947,iowa_cafo_group_2649,3,43.17844,-95.74172,Active,IA
64948,iowa_cafo_group_1039,3,43.1859,-95.51609,Active,IA
64949,iowa_cafo_group_0006,0,43.15699,-96.21646,Active,IA
64953,iowa_cafo_group_2650,1,41.33227,-94.709,Active,IA
64955,iowa_cafo_group_2651,2,42.65061,-91.72501,Active,IA
64956,iowa_cafo_group_0006,0,43.44698,-96.23265,Active,IA
64957,iowa_cafo_group_2556,2,41.62269,-94.74549,Active,IA
64958,iowa_cafo_group_0023,4,42.13849,-94.91016,Active,IA
64959,iowa_cafo_group_0018,2,42.10655,-94.73938,Active,IA
64960,iowa_cafo_group_1039,3,43.1712,-95.51612,Active,IA
64961,iowa_cafo_group_0100,3,42.94371,-94.50133,Active,IA
64962,iowa_cafo_group_2652,0,41.64798,-93.49579,Active,IA
64963,iowa_cafo_group_0006,0,42.90802,-96.28332,Active,IA
64965,iowa_cafo_group_0099,2,42.9167,-94.73677,Active,IA
64967,iowa_cafo_group_0739,1,42.58609,-93.17384,Active,IA
64969,iowa_cafo_group_2653,2,42.32531,-95.67203,Active,IA
64970,iowa_cafo_group_1503,3,41.73095,-91.08991,Active,IA
64971,iowa_cafo_group_0006,0,43.05482,-96.08227,Active,IA
64972,iowa_cafo_group_2293,3,43.32205,-92.01124,Active,IA
64973,iowa_cafo_group_1475,2,43.38243,-92.33493,Active,IA
64974,iowa_cafo_group_2654,2,42.36919,-94.541,Active,IA
64975,iowa_cafo_group_2655,1,41.04434,-93.30146,Active,IA
64976,iowa_cafo_group_1442,2,43.19767,-92.56787,Active,IA
64977,iowa_cafo_group_2153,1,43.42932,-94.86531,Active,IA
64978,iowa_cafo_group_0006,0,43.04535,-96.0035,Active,IA
64979,iowa_cafo_group_2656,3,41.96645,-95.70817,Active,IA
64980,iowa_cafo_group_2657,1,43.297,-91.92907,Active,IA
64981,iowa_cafo_group_0483,4,42.98478,-95.77787,Active,IA
64982,iowa_cafo_group_0486,2,42.00972,-95.59595,Active,IA
64983,iowa_cafo_group_0397,4,42.15256,-95.5771,Active,IA
64984,iowa_cafo_group_2658,2,42.14305,-95.61315,Active,IA
64985,iowa_cafo_group_0161,3,41.98895,-94.81165,Active,IA
64986,iowa_cafo_group_0456,3,41.72236,-93.30816,Active,IA
64987,iowa_cafo_group_0443,3,43.28793,-95.55177,Active,IA
64988,iowa_cafo_group_2659,4,42.97262,-94.11082,Active,IA
64989,iowa_cafo_group_2660,1,41.60534,-90.42945,Active,IA
64992,iowa_cafo_group_2661,2,42.77322,-96.20722,Active,IA
64993,iowa_cafo_group_2662,3,41.81642,-90.43609,Active,IA
64994,iowa_cafo_group_2663,1,42.99549,-95.52604,Active,IA
64995,iowa_cafo_group_0310,4,43.03394,-91.57521,Active,IA
64996,iowa_cafo_group_2664,1,42.29536,-91.19227,Active,IA
64997,iowa_cafo_group_1105,0,43.1131,-92.11335,Active,IA
64998,iowa_cafo_group_2665,0,43.0908,-92.07123,Active,IA
64999,iowa_cafo_group_2226,1,42.59359,-91.40826,Active,IA
65001,iowa_cafo_group_2666,0,42.18012,-94.12346,Active,IA
65002,iowa_cafo_group_0006,0,43.05642,-96.0603,Active,IA
65003,iowa_cafo_group_2667,4,42.4267,-93.79338,Active,IA
65004,iowa_cafo_group_2668,1,41.57339,-95.63109,Active,IA
65005,iowa_cafo_group_0565,4,41.54158,-95.62623,Active,IA
65006,iowa_cafo_group_1013,4,42.22,-93.67,Active,IA
65007,iowa_cafo_group_2669,4,42.28932,-92.14168,Active,IA
65008,iowa_cafo_group_0455,2,42.34796,-91.9079,Active,IA
65009,iowa_cafo_group_2670,1,43.33174,-94.4446,Active,IA
65010,iowa_cafo_group_2671,1,40.60477,-94.44695,Active,IA
65011,iowa_cafo_group_2672,3,40.76635,-92.27293,Active,IA
65013,iowa_cafo_group_0127,2,41.42352,-91.82434,Active,IA
65015,iowa_cafo_group_2673,3,43.49514,-92.38307,Active,IA
65016,iowa_cafo_group_2330,4,42.96868,-92.29712,Active,IA
65017,iowa_cafo_group_0357,3,40.74014,-93.58821,Active,IA
65018,iowa_cafo_group_0357,3,40.73425,-93.59027,Active,IA
65019,iowa_cafo_group_0367,4,41.79191,-93.55468,Active,IA
65023,iowa_cafo_group_0306,1,40.95565,-93.0005,Active,IA
65024,iowa_cafo_group_1974,3,41.74072,-94.8996,Active,IA
65026,iowa_cafo_group_2674,4,42.8554,-93.07602,Active,IA
65027,iowa_cafo_group_1091,3,41.38551,-91.98671,Active,IA
65028,iowa_cafo_group_1657,2,41.52831,-91.85686,Active,IA
65029,iowa_cafo_group_2210,1,41.4239,-92.03413,Active,IA
65030,iowa_cafo_group_0006,0,43.14517,-96.03962,Active,IA
65032,iowa_cafo_group_0006,0,42.93093,-96.21289,Active,IA
65033,iowa_cafo_group_2675,3,42.8194,-93.83188,Active,IA
65034,iowa_cafo_group_1077,2,42.88535,-96.0554,Active,IA
65035,iowa_cafo_group_0061,1,42.84502,-95.74162,Active,IA
65036,iowa_cafo_group_2676,0,41.67735,-90.61753,Active,IA
65037,iowa_cafo_group_2677,1,41.72847,-90.63685,Active,IA
65039,iowa_cafo_group_2678,0,42.70964,-93.25065,Active,IA
65040,iowa_cafo_group_2679,3,42.96551,-93.42921,Active,IA
65041,iowa_cafo_group_0428,2,42.41349,-91.07325,Active,IA
65042,iowa_cafo_group_2680,4,41.69834,-94.76144,Active,IA
65044,iowa_cafo_group_0870,2,41.10412,-92.33429,Active,IA
65046,iowa_cafo_group_2681,1,41.12297,-92.63868,Active,IA
65049,iowa_cafo_group_0721,2,43.21282,-92.2803,Active,IA
65050,iowa_cafo_group_0163,4,42.30665,-95.22361,Active,IA
65051,iowa_cafo_group_0900,3,42.67501,-91.45273,Active,IA
65052,iowa_cafo_group_0645,2,42.30988,-90.82083,Active,IA
65053,iowa_cafo_group_0061,1,42.74986,-95.87673,Active,IA
65054,iowa_cafo_group_0159,1,42.00697,-90.3076,Active,IA
65055,iowa_cafo_group_0159,1,41.97599,-90.29318,Active,IA
65056,iowa_cafo_group_0159,1,42.00361,-90.27348,Active,IA
65057,iowa_cafo_group_0507,2,41.14463,-92.37038,Active,IA
65058,iowa_cafo_group_0870,2,41.11973,-92.29295,Active,IA
65060,iowa_cafo_group_0545,4,42.29118,-93.273,Active,IA
65061,iowa_cafo_group_0866,1,41.12938,-91.7026,Active,IA
65062,iowa_cafo_group_0739,1,42.55887,-93.2623,Active,IA
65063,iowa_cafo_group_2645,4,41.91762,-93.28797,Active,IA
65064,iowa_cafo_group_1808,2,41.907,-93.25226,Active,IA
65065,iowa_cafo_group_2682,2,41.90557,-93.32388,Active,IA
65068,iowa_cafo_group_2683,0,42.50388,-91.83068,Active,IA
65069,iowa_cafo_group_2684,4,42.38671,-91.96016,Active,IA
65072,iowa_cafo_group_2685,2,42.9518,-93.04993,Active,IA
65073,iowa_cafo_group_2686,2,41.1574,-91.86806,Active,IA
65074,iowa_cafo_group_2687,0,40.81564,-91.85263,Active,IA
65075,iowa_cafo_group_2688,2,40.80101,-91.83302,Active,IA
65076,iowa_cafo_group_0870,2,41.16184,-92.24432,Active,IA
65077,iowa_cafo_group_2689,4,43.01619,-92.90455,Active,IA
65078,iowa_cafo_group_0112,1,42.79829,-94.99602,Active,IA
65079,iowa_cafo_group_2690,0,42.34087,-92.83316,Active,IA
65080,iowa_cafo_group_0870,2,41.15891,-92.25467,Active,IA
65081,iowa_cafo_group_0870,2,41.14155,-92.30978,Active,IA
65082,iowa_cafo_group_0870,2,41.10941,-92.31611,Active,IA
65083,iowa_cafo_group_2691,0,41.84376,-90.30181,Active,IA
65084,iowa_cafo_group_2692,4,43.28521,-94.6964,Active,IA
65085,iowa_cafo_group_2693,0,41.09012,-91.36051,Active,IA
65086,iowa_cafo_group_2694,4,41.48035,-92.86405,Active,IA
65087,iowa_cafo_group_2393,1,43.10613,-91.78241,Active,IA
65088,iowa_cafo_group_0006,0,43.18521,-95.99606,Active,IA
65089,iowa_cafo_group_2695,2,42.0079,-92.03011,Active,IA
65090,iowa_cafo_group_2541,4,42.54224,-91.63342,Active,IA
65091,iowa_cafo_group_0545,4,42.30898,-93.35405,Active,IA
65092,iowa_cafo_group_0144,2,43.00787,-95.27668,Active,IA
65093,iowa_cafo_group_0739,1,42.55606,-93.13561,Active,IA
65095,iowa_cafo_group_2696,2,42.38392,-92.6528,Active,IA
65096,iowa_cafo_group_2697,2,42.50036,-92.19603,Active,IA
65097,iowa_cafo_group_2698,4,42.588,-92.1883,Active,IA
65099,iowa_cafo_group_0190,2,43.48706,-95.53374,Active,IA
65101,iowa_cafo_group_2167,2,42.26016,-94.58925,Active,IA
65102,iowa_cafo_group_1223,1,42.32378,-93.44965,Active,IA
65103,iowa_cafo_group_0006,0,43.46108,-95.90638,Active,IA
65105,iowa_cafo_group_0127,2,41.3504,-91.74102,Active,IA
65106,iowa_cafo_group_1232,2,42.35966,-92.64998,Active,IA
65107,iowa_cafo_group_1232,2,42.35388,-92.63572,Active,IA
65108,iowa_cafo_group_1232,2,42.347,-92.62927,Active,IA
65110,iowa_cafo_group_2699,3,41.12458,-94.70665,Active,IA
65111,iowa_cafo_group_0961,2,42.86434,-94.74909,Active,IA
65112,iowa_cafo_group_1024,1,42.82093,-94.76356,Active,IA
65113,iowa_cafo_group_1812,2,42.53548,-91.27814,Active,IA
65114,iowa_cafo_group_0006,0,43.00408,-96.29404,Active,IA
65115,iowa_cafo_group_0006,0,43.47727,-96.30882,Active,IA
65116,iowa_cafo_group_2700,4,42.99733,-95.87031,Active,IA
65117,iowa_cafo_group_0782,2,42.60451,-94.90003,Active,IA
65118,iowa_cafo_group_2701,3,42.63893,-94.85947,Active,IA
65119,iowa_cafo_group_2454,2,42.22136,-90.81879,Active,IA
65120,iowa_cafo_group_0183,2,43.26004,-94.36588,Active,IA
65121,iowa_cafo_group_2702,4,43.47637,-91.46431,Active,IA
65122,iowa_cafo_group_0892,3,42.67109,-95.89835,Active,IA
65123,iowa_cafo_group_2703,2,42.09,-94.03,Active,IA
65124,iowa_cafo_group_2704,0,41.41721,-94.14648,Active,IA
65126,iowa_cafo_group_2578,2,41.38153,-93.22471,Active,IA
65127,iowa_cafo_group_1472,4,41.91327,-94.41717,Active,IA
65128,iowa_cafo_group_0430,3,41.60976,-92.47481,Active,IA
65129,iowa_cafo_group_2705,3,40.72597,-94.28026,Active,IA
65130,iowa_cafo_group_0082,4,42.79675,-93.3983,Active,IA
65131,iowa_cafo_group_2706,4,41.47871,-94.56657,Active,IA
65132,iowa_cafo_group_2707,3,41.58574,-95.75277,Active,IA
65133,iowa_cafo_group_1559,4,42.06151,-95.22613,Active,IA
65134,iowa_cafo_group_0127,2,41.39684,-91.92061,Active,IA
65135,iowa_cafo_group_1500,3,41.92766,-95.20906,Active,IA
65137,iowa_cafo_group_2708,0,41.84224,-95.19047,Active,IA
65139,iowa_cafo_group_2709,0,43.38614,-92.43679,Active,IA
65141,iowa_cafo_group_2710,4,41.01547,-91.22822,Active,IA
65142,iowa_cafo_group_2178,1,43.45106,-92.80927,Active,IA
65143,iowa_cafo_group_1929,4,43.21665,-95.59996,Active,IA
65144,iowa_cafo_group_0090,3,41.17303,-91.70566,Active,IA
65145,iowa_cafo_group_2711,3,42.45837,-95.35363,Active,IA
65146,iowa_cafo_group_1275,2,42.97514,-91.55919,Active,IA
65147,iowa_cafo_group_2712,0,43.26703,-91.97543,Active,IA
65148,iowa_cafo_group_1009,3,42.8862,-91.27147,Active,IA
65149,iowa_cafo_group_2232,4,43.49777,-91.91859,Active,IA
65150,iowa_cafo_group_0761,4,43.09922,-94.41228,Active,IA
65151,iowa_cafo_group_1054,2,42.99565,-93.40998,Active,IA
65152,iowa_cafo_group_0112,1,42.76259,-94.98198,Active,IA
65154,iowa_cafo_group_2713,0,42.73446,-96.32662,Active,IA
65155,iowa_cafo_group_0006,0,43.11389,-96.36286,Active,IA
65156,iowa_cafo_group_1643,2,42.73151,-94.78824,Active,IA
65157,iowa_cafo_group_1938,0,41.96599,-93.98486,Active,IA
65158,iowa_cafo_group_0252,3,42.45972,-92.51829,Active,IA
65159,iowa_cafo_group_1323,1,41.614,-92.62872,Active,IA
65160,iowa_cafo_group_0949,1,42.90024,-93.81181,Active,IA
65161,iowa_cafo_group_0227,4,41.26919,-91.64431,Active,IA
65162,iowa_cafo_group_2714,3,41.69857,-90.69407,Active,IA
65163,iowa_cafo_group_0006,0,43.43214,-96.23911,Active,IA
65164,iowa_cafo_group_0925,2,42.6964,-92.25588,Active,IA
65165,iowa_cafo_group_0006,0,43.44785,-96.35584,Active,IA
65166,iowa_cafo_group_2036,4,42.74244,-94.87668,Active,IA
65168,iowa_cafo_group_2715,0,41.24608,-91.54587,Active,IA
65169,iowa_cafo_group_0650,3,42.95868,-95.40642,Active,IA
65170,iowa_cafo_group_0006,0,43.3484,-95.76281,Active,IA
65171,iowa_cafo_group_0936,2,42.89143,-93.42422,Active,IA
65172,iowa_cafo_group_1106,3,43.16876,-94.61496,Active,IA
65174,iowa_cafo_group_2716,4,42.1104,-94.14331,Active,IA
65175,iowa_cafo_group_2136,3,42.14819,-92.60023,Active,IA
65178,iowa_cafo_group_0391,2,41.4513,-92.92967,Active,IA
65179,iowa_cafo_group_0229,3,42.45238,-95.05256,Active,IA
65180,iowa_cafo_group_1059,4,43.44383,-94.47075,Active,IA
65181,iowa_cafo_group_2717,0,43.31992,-94.50154,Active,IA
65182,iowa_cafo_group_2717,0,43.32805,-94.49122,Active,IA
65183,iowa_cafo_group_0101,3,42.80689,-95.96443,Active,IA
65184,iowa_cafo_group_2151,0,42.19403,-92.35691,Active,IA
65185,iowa_cafo_group_0782,2,42.63201,-94.95378,Active,IA
65186,iowa_cafo_group_2718,1,42.55452,-91.85483,Active,IA
65187,iowa_cafo_group_2003,4,41.48967,-91.89128,Active,IA
65188,iowa_cafo_group_0880,2,42.30056,-94.97587,Active,IA
65189,iowa_cafo_group_0006,0,42.92456,-96.44765,Active,IA
65190,iowa_cafo_group_2719,4,42.15302,-92.51499,Active,IA
65191,iowa_cafo_group_2455,1,42.01702,-91.16977,Active,IA
65192,iowa_cafo_group_2720,1,41.44489,-92.85905,Active,IA
65193,iowa_cafo_group_0021,1,41.96344,-94.79431,Active,IA
65194,iowa_cafo_group_0132,1,41.19734,-92.72098,Active,IA
65195,iowa_cafo_group_0965,4,42.20417,-95.07147,Active,IA
65196,iowa_cafo_group_1500,3,41.92213,-95.19847,Active,IA
65197,iowa_cafo_group_0039,3,41.91988,-94.87066,Active,IA
65198,iowa_cafo_group_2721,3,41.49116,-95.091,Active,IA
65200,iowa_cafo_group_0989,1,43.21205,-95.42681,Active,IA
65201,iowa_cafo_group_2722,0,42.00441,-90.73181,Active,IA
65202,iowa_cafo_group_2723,2,40.94996,-95.01023,Active,IA
65203,iowa_cafo_group_2724,0,41.85884,-91.13709,Active,IA
65204,iowa_cafo_group_0006,0,43.08392,-96.08653,Active,IA
65205,iowa_cafo_group_2590,1,42.92537,-94.64793,Active,IA
65206,iowa_cafo_group_2725,3,42.59079,-96.11756,Active,IA
65207,iowa_cafo_group_2725,3,42.59809,-96.11729,Active,IA
65208,iowa_cafo_group_1759,3,42.68767,-94.7872,Active,IA
65209,iowa_cafo_group_1086,4,43.0245,-95.55489,Active,IA
65210,iowa_cafo_group_0006,0,43.30811,-96.33041,Active,IA
65211,iowa_cafo_group_0006,0,43.33842,-96.25507,Active,IA
65213,iowa_cafo_group_0812,3,43.18393,-94.38802,Active,IA
65214,iowa_cafo_group_2726,3,42.3377,-93.3205,Active,IA
65215,iowa_cafo_group_2726,3,42.32577,-93.31649,Active,IA
65216,iowa_cafo_group_1275,2,42.95512,-91.54267,Active,IA
65217,iowa_cafo_group_2727,2,41.67426,-90.50872,Active,IA
65218,iowa_cafo_group_0782,2,42.51679,-95.0456,Active,IA
65219,iowa_cafo_group_0006,0,42.90981,-96.49061,Active,IA
65221,iowa_cafo_group_2726,3,42.33232,-93.29762,Active,IA
65222,iowa_cafo_group_2207,3,42.33027,-91.88798,Active,IA
65223,iowa_cafo_group_1422,1,42.10677,-92.37907,Active,IA
65224,iowa_cafo_group_0150,3,42.05705,-95.07331,Active,IA
65225,iowa_cafo_group_1559,4,42.07498,-95.2277,Active,IA
65226,iowa_cafo_group_0435,2,41.90572,-94.58987,Active,IA
65227,iowa_cafo_group_0168,1,42.18173,-95.46597,Active,IA
65229,iowa_cafo_group_2477,4,42.20713,-94.25256,Active,IA
65230,iowa_cafo_group_2728,2,42.13152,-93.87774,Active,IA
65232,iowa_cafo_group_0448,3,40.9571,-94.68011,Active,IA
65233,iowa_cafo_group_0006,0,43.2147,-95.95501,Active,IA
65235,iowa_cafo_group_2729,0,42.51736,-95.33267,Active,IA
65236,iowa_cafo_group_0850,4,41.38062,-92.49977,Active,IA
65237,iowa_cafo_group_0006,0,43.2944,-96.21467,Active,IA
65240,iowa_cafo_group_0782,2,42.54783,-94.9719,Active,IA
65241,iowa_cafo_group_1091,3,41.42517,-91.93984,Active,IA
65242,iowa_cafo_group_0741,3,42.84141,-93.14495,Active,IA
65243,iowa_cafo_group_1123,4,41.03917,-91.00557,Active,IA
65244,iowa_cafo_group_2716,4,42.12232,-94.16097,Active,IA
65246,iowa_cafo_group_0866,1,41.14169,-91.67519,Active,IA
65248,iowa_cafo_group_1024,1,42.75451,-94.71715,Active,IA
65249,iowa_cafo_group_0227,4,41.19361,-91.63518,Active,IA
65250,iowa_cafo_group_1250,1,41.27982,-91.97692,Active,IA
65252,iowa_cafo_group_0630,2,41.76091,-95.32639,Active,IA
65253,iowa_cafo_group_0155,3,42.48569,-94.99394,Active,IA
65254,iowa_cafo_group_0883,1,42.36993,-94.93125,Active,IA
65255,iowa_cafo_group_0100,3,42.96598,-94.48374,Active,IA
65257,iowa_cafo_group_2730,4,41.17017,-92.80387,Active,IA
65258,iowa_cafo_group_1003,2,42.41584,-94.57127,Active,IA
65259,iowa_cafo_group_0006,0,43.4179,-96.09238,Active,IA
65260,iowa_cafo_group_2731,1,42.97239,-93.73538,Active,IA
65261,iowa_cafo_group_0175,2,42.55975,-95.56568,Active,IA
65262,iowa_cafo_group_1965,4,41.97741,-95.29639,Active,IA
65264,iowa_cafo_group_0140,2,42.86508,-96.45836,Active,IA
65265,iowa_cafo_group_0200,2,43.33562,-95.47143,Active,IA
65266,iowa_cafo_group_2732,1,41.71586,-93.55987,Active,IA
65267,iowa_cafo_group_2733,2,41.31374,-94.31894,Active,IA
65268,iowa_cafo_group_0190,2,43.45902,-95.4816,Active,IA
65269,iowa_cafo_group_2734,4,41.02017,-95.36264,Active,IA
65270,iowa_cafo_group_2735,0,43.40784,-94.91297,Active,IA
65271,iowa_cafo_group_0738,3,42.61661,-93.37605,Active,IA
65272,iowa_cafo_group_1957,2,42.70013,-93.41868,Active,IA
65273,iowa_cafo_group_2736,4,41.61605,-95.30899,Active,IA
65275,iowa_cafo_group_0603,1,42.30289,-93.77566,Active,IA
65276,iowa_cafo_group_0545,4,42.32773,-93.36529,Active,IA
65277,iowa_cafo_group_0851,1,41.44263,-92.47976,Active,IA
65278,iowa_cafo_group_2737,2,41.49247,-94.18396,Active,IA
65279,iowa_cafo_group_1888,0,41.4246,-92.18388,Active,IA
65280,iowa_cafo_group_1833,1,41.07276,-94.60435,Active,IA
65281,iowa_cafo_group_2721,3,41.47679,-95.07813,Active,IA
65282,iowa_cafo_group_2738,4,41.94173,-95.24792,Active,IA
65283,iowa_cafo_group_2739,1,41.95912,-90.44458,Active,IA
65284,iowa_cafo_group_2740,3,42.83439,-94.6213,Active,IA
65285,iowa_cafo_group_0006,0,43.48837,-96.44589,Active,IA
65286,iowa_cafo_group_0745,2,42.44959,-93.03248,Active,IA
65287,iowa_cafo_group_0061,1,42.92406,-95.99434,Active,IA
65289,iowa_cafo_group_0755,4,42.58763,-93.50094,Active,IA
65290,iowa_cafo_group_0872,1,43.03902,-94.43759,Active,IA
65291,iowa_cafo_group_0006,0,43.1291,-96.11771,Active,IA
65292,iowa_cafo_group_2481,3,41.9,-93.43,Active,IA
65293,iowa_cafo_group_2741,2,41.82151,-92.6868,Active,IA
65294,iowa_cafo_group_2741,2,41.8206,-92.69763,Active,IA
65295,iowa_cafo_group_0851,1,41.4054,-92.49703,Active,IA
65296,iowa_cafo_group_0006,0,43.09979,-96.0794,Active,IA
65297,iowa_cafo_group_1737,3,42.87947,-96.40026,Active,IA
65298,iowa_cafo_group_0140,2,42.85202,-96.47976,Active,IA
65299,iowa_cafo_group_1142,4,42.72165,-93.06358,Active,IA
65300,iowa_cafo_group_0006,0,42.92341,-96.23271,Active,IA
65301,iowa_cafo_group_0061,1,42.98835,-95.91983,Active,IA
65304,iowa_cafo_group_2519,2,43.3862,-93.67218,Active,IA
65305,iowa_cafo_group_0675,3,42.90248,-95.74188,Active,IA
65306,iowa_cafo_group_0094,4,43.16764,-94.03064,Active,IA
65307,iowa_cafo_group_2742,4,42.73751,-92.31897,Active,IA
65308,iowa_cafo_group_1153,4,42.43807,-91.98971,Active,IA
65309,iowa_cafo_group_0006,0,42.9128,-96.48885,Active,IA
65310,iowa_cafo_group_0502,4,42.32344,-95.5599,Active,IA
65311,iowa_cafo_group_0006,0,42.93906,-96.23884,Active,IA
65312,iowa_cafo_group_2092,2,42.91302,-91.8439,Active,IA
65313,iowa_cafo_group_1652,2,43.14321,-92.28049,Active,IA
65314,iowa_cafo_group_2743,3,41.41993,-93.40509,Active,IA
65315,iowa_cafo_group_0712,3,43.10583,-92.53908,Active,IA
65316,iowa_cafo_group_1341,4,42.63181,-95.06004,Active,IA
65317,iowa_cafo_group_2744,1,43.29904,-94.95053,Active,IA
65318,iowa_cafo_group_0006,0,43.23996,-96.11714,Active,IA
65319,iowa_cafo_group_2745,4,43.1407,-92.23447,Active,IA
65320,iowa_cafo_group_2746,0,42.85944,-92.26875,Active,IA
65321,iowa_cafo_group_0310,4,43.07805,-91.59761,Active,IA
65322,iowa_cafo_group_2747,3,40.64565,-92.52748,Active,IA
65323,iowa_cafo_group_2139,1,41.54684,-90.85435,Active,IA
65324,iowa_cafo_group_2748,4,41.87313,-90.62749,Active,IA
65325,iowa_cafo_group_2749,0,41.8476,-90.47056,Active,IA
65326,iowa_cafo_group_2750,2,42.96646,-94.08319,Active,IA
65327,iowa_cafo_group_2751,2,40.95168,-92.62466,Active,IA
65328,iowa_cafo_group_0227,4,41.20034,-91.57992,Active,IA
65329,iowa_cafo_group_1314,3,41.22807,-91.5313,Active,IA
65330,iowa_cafo_group_0252,3,42.45563,-92.50327,Active,IA
65331,iowa_cafo_group_0191,1,43.44667,-96.08832,Active,IA
65332,iowa_cafo_group_2529,0,42.70446,-95.17933,Active,IA
65333,iowa_cafo_group_0006,0,42.87301,-96.3326,Active,IA
65334,iowa_cafo_group_2081,2,42.64169,-92.95061,Active,IA
65335,iowa_cafo_group_0939,4,41.792,-94.17456,Active,IA
65336,iowa_cafo_group_0293,4,42.74854,-95.77272,Active,IA
65337,iowa_cafo_group_0583,2,42.32083,-95.92382,Active,IA
65338,iowa_cafo_group_0006,0,43.23627,-96.35313,Active,IA
65339,iowa_cafo_group_1324,4,43.27043,-95.40639,Active,IA
65340,iowa_cafo_group_2752,4,43.32977,-95.20303,Active,IA
65341,iowa_cafo_group_1412,4,43.18463,-93.68597,Active,IA
65342,iowa_cafo_group_2753,1,41.77644,-94.89338,Active,IA
65343,iowa_cafo_group_0436,1,40.92339,-94.72962,Active,IA
65344,iowa_cafo_group_2754,0,42.55817,-93.71946,Active,IA
65345,iowa_cafo_group_1190,4,41.36423,-92.45059,Active,IA
65347,iowa_cafo_group_0021,1,41.95116,-94.80232,Active,IA
65348,iowa_cafo_group_1861,1,43.03021,-94.12274,Active,IA
65349,iowa_cafo_group_2755,0,42.88884,-93.1254,Active,IA
65351,iowa_cafo_group_2756,3,40.79684,-91.94067,Active,IA
65352,iowa_cafo_group_2757,2,40.89177,-91.85448,Active,IA
65353,iowa_cafo_group_0006,0,42.90149,-96.48845,Active,IA
65354,iowa_cafo_group_0396,1,42.40682,-91.88122,Active,IA
65355,iowa_cafo_group_1882,4,42.92389,-94.55971,Active,IA
65356,iowa_cafo_group_2179,4,41.44668,-92.60279,Active,IA
65357,iowa_cafo_group_1940,2,42.23284,-91.38996,Active,IA
65359,iowa_cafo_group_0041,3,42.46086,-95.58574,Active,IA
65360,iowa_cafo_group_0006,0,43.42,-96.26163,Active,IA
65361,iowa_cafo_group_2758,3,42.46966,-95.31645,Active,IA
65364,iowa_cafo_group_2759,2,41.45706,-95.70598,Active,IA
65365,iowa_cafo_group_0678,1,43.00904,-93.71401,Active,IA
65366,iowa_cafo_group_2760,3,42.15958,-93.34459,Active,IA
65367,iowa_cafo_group_0006,0,43.45179,-95.9411,Active,IA
65370,iowa_cafo_group_2761,3,42.87798,-94.37805,Active,IA
65371,iowa_cafo_group_2762,3,43.10045,-91.92154,Active,IA
65372,iowa_cafo_group_0443,3,43.29437,-95.66496,Active,IA
65374,iowa_cafo_group_2763,4,42.27134,-90.96684,Active,IA
65375,iowa_cafo_group_1100,2,42.77077,-96.24861,Active,IA
65376,iowa_cafo_group_0925,2,42.6833,-92.27948,Active,IA
65377,iowa_cafo_group_1085,2,42.83292,-96.33032,Active,IA
65379,iowa_cafo_group_0856,3,41.62346,-91.36257,Active,IA
65380,iowa_cafo_group_2590,1,42.92065,-94.63504,Active,IA
65381,iowa_cafo_group_1102,3,41.65439,-90.68154,Active,IA
65383,iowa_cafo_group_0537,4,43.30335,-92.77067,Active,IA
65384,iowa_cafo_group_0191,1,43.49913,-96.04302,Active,IA
65385,iowa_cafo_group_0061,1,42.86919,-95.83799,Active,IA
65386,iowa_cafo_group_1853,1,43.48844,-95.64214,Active,IA
65387,iowa_cafo_group_0561,1,43.11418,-95.54945,Active,IA
65388,iowa_cafo_group_1166,1,42.75409,-92.20979,Active,IA
65389,iowa_cafo_group_0782,2,42.74112,-94.97419,Active,IA
65390,iowa_cafo_group_2764,4,40.67373,-94.49444,Active,IA
65391,iowa_cafo_group_1921,3,41.92033,-94.995,Active,IA
65392,iowa_cafo_group_2287,2,42.67837,-96.32506,Active,IA
65393,iowa_cafo_group_0006,0,42.9088,-96.46117,Active,IA
65394,iowa_cafo_group_2765,0,41.77486,-95.29475,Active,IA
65395,iowa_cafo_group_0484,4,41.849,-95.10141,Active,IA
65396,iowa_cafo_group_2766,2,41.11021,-93.86326,Active,IA
65397,iowa_cafo_group_2767,4,41.07105,-93.86045,Active,IA
65398,iowa_cafo_group_0374,4,42.08926,-94.76523,Active,IA
65399,iowa_cafo_group_2768,1,43.11155,-94.05826,Active,IA
65400,iowa_cafo_group_0006,0,43.01277,-96.10498,Active,IA
65401,iowa_cafo_group_0739,1,42.55648,-93.23933,Active,IA
65402,iowa_cafo_group_0739,1,42.53868,-93.08467,Active,IA
65403,iowa_cafo_group_1011,4,42.46184,-93.23095,Active,IA
65404,iowa_cafo_group_0006,0,43.27312,-96.06819,Active,IA
65405,iowa_cafo_group_1270,2,41.62739,-90.64045,Active,IA
65406,iowa_cafo_group_0355,1,42.50436,-95.16852,Active,IA
65408,iowa_cafo_group_0584,4,42.75386,-96.50818,Active,IA
65409,iowa_cafo_group_2461,1,41.1681,-94.16509,Active,IA
65410,iowa_cafo_group_0006,0,43.49645,-95.82285,Active,IA
65411,iowa_cafo_group_2769,4,43.42906,-93.86185,Active,IA
65412,iowa_cafo_group_1337,1,42.89287,-94.14983,Active,IA
65413,iowa_cafo_group_2391,3,42.87638,-94.42403,Active,IA
65414,iowa_cafo_group_2770,3,41.11932,-94.08934,Active,IA
65415,iowa_cafo_group_2200,2,43.35715,-92.77634,Active,IA
65416,iowa_cafo_group_0545,4,42.21108,-93.21739,Active,IA
65417,iowa_cafo_group_0854,4,42.06696,-93.10034,Active,IA
65418,iowa_cafo_group_2771,0,43.41146,-94.28413,Active,IA
65420,iowa_cafo_group_0006,0,42.9,-96.45,Active,IA
65421,iowa_cafo_group_2772,3,42.0628,-94.09095,Active,IA
65422,iowa_cafo_group_1086,4,43.03435,-95.58341,Active,IA
65423,iowa_cafo_group_0584,4,42.75677,-96.46899,Active,IA
65424,iowa_cafo_group_0006,0,43.28713,-96.03468,Active,IA
65425,iowa_cafo_group_0483,4,42.92677,-95.72163,Active,IA
65426,iowa_cafo_group_0069,3,43.32606,-94.62439,Active,IA
65427,iowa_cafo_group_0006,0,42.93082,-96.46906,Active,IA
65428,iowa_cafo_group_2396,3,42.29516,-93.15126,Active,IA
65429,iowa_cafo_group_0759,4,42.82365,-94.42454,Active,IA
65430,iowa_cafo_group_0006,0,43.24159,-96.36879,Active,IA
65431,iowa_cafo_group_1510,3,42.37434,-92.00777,Active,IA
65432,iowa_cafo_group_0611,1,42.40407,-92.14124,Active,IA
65433,iowa_cafo_group_0006,0,43.37472,-96.23509,Active,IA
65435,iowa_cafo_group_1629,4,42.89491,-94.96452,Active,IA
65436,iowa_cafo_group_2507,2,41.77815,-94.86095,Active,IA
65437,iowa_cafo_group_0799,1,43.26141,-94.48472,Active,IA
65439,iowa_cafo_group_0561,1,43.09373,-95.60286,Active,IA
65440,iowa_cafo_group_1059,4,43.44463,-94.48852,Active,IA
65441,iowa_cafo_group_2167,2,42.24043,-94.59148,Active,IA
65442,iowa_cafo_group_0852,4,41.94731,-92.9157,Active,IA
65444,iowa_cafo_group_0006,0,43.10362,-95.84193,Active,IA
65445,iowa_cafo_group_0787,1,42.18039,-94.77218,Active,IA
65446,iowa_cafo_group_0738,3,42.58585,-93.29087,Active,IA
65447,iowa_cafo_group_2773,3,41.02111,-94.65302,Active,IA
65448,iowa_cafo_group_1809,2,42.19706,-95.15721,Active,IA
65449,iowa_cafo_group_1413,2,41.75826,-94.63737,Active,IA
65450,iowa_cafo_group_2588,3,41.80452,-94.52023,Active,IA
65451,iowa_cafo_group_2683,0,42.49799,-91.82174,Active,IA
65453,iowa_cafo_group_0782,2,42.5545,-94.93527,Active,IA
65454,iowa_cafo_group_2774,1,42.7095,-91.62343,Active,IA
65455,iowa_cafo_group_0006,0,42.92822,-96.18115,Active,IA
65456,iowa_cafo_group_2098,0,42.75664,-94.61775,Active,IA
65457,iowa_cafo_group_2775,0,43.09881,-92.38457,Active,IA
65458,iowa_cafo_group_2776,4,43.09753,-92.41118,Active,IA
65459,iowa_cafo_group_1024,1,42.77494,-94.76791,Active,IA
65461,iowa_cafo_group_0957,2,42.85189,-95.07874,Active,IA
65463,iowa_cafo_group_2777,1,42.55015,-91.90286,Active,IA
65464,iowa_cafo_group_0537,4,43.29955,-92.70824,Active,IA
65465,iowa_cafo_group_2778,4,42.30851,-92.89907,Active,IA
65466,iowa_cafo_group_0760,1,43.10527,-94.46295,Active,IA
65467,iowa_cafo_group_2240,3,41.86592,-94.02228,Active,IA
65468,iowa_cafo_group_2635,1,40.51761,-91.58186,Active,IA
65469,iowa_cafo_group_0069,3,43.20582,-94.50097,Active,IA
65470,iowa_cafo_group_2779,3,40.71289,-91.29562,Active,IA
65471,iowa_cafo_group_1771,3,42.83394,-92.8465,Active,IA
65472,iowa_cafo_group_1771,3,42.84664,-92.85693,Active,IA
65474,iowa_cafo_group_0584,4,42.76544,-96.53919,Active,IA
65475,iowa_cafo_group_2780,3,42.00341,-94.10519,Active,IA
65476,iowa_cafo_group_2136,3,42.16001,-92.58053,Active,IA
65477,iowa_cafo_group_0443,3,43.33335,-95.60354,Active,IA
65478,iowa_cafo_group_0815,2,42.26086,-94.85676,Active,IA
65479,iowa_cafo_group_2781,4,41.32454,-91.3652,Active,IA
65480,iowa_cafo_group_0069,3,43.27024,-94.59155,Active,IA
65481,iowa_cafo_group_0229,3,42.43246,-95.06596,Active,IA
65482,iowa_cafo_group_2718,1,42.54217,-91.86621,Active,IA
65484,iowa_cafo_group_1053,2,42.05209,-95.24746,Active,IA
65486,iowa_cafo_group_1074,2,43.45013,-92.55488,Active,IA
65487,iowa_cafo_group_1901,2,42.83212,-92.88462,Active,IA
65488,iowa_cafo_group_2782,2,41.70393,-92.48995,Active,IA
65489,iowa_cafo_group_2783,1,42.80206,-94.62114,Active,IA
65490,iowa_cafo_group_0430,3,41.62772,-92.47527,Active,IA
65491,iowa_cafo_group_0128,0,41.66041,-92.68448,Active,IA
65492,iowa_cafo_group_2784,4,41.46204,-92.5422,Active,IA
65493,iowa_cafo_group_0893,1,43.35607,-94.33817,Active,IA
65494,iowa_cafo_group_2785,4,42.24546,-94.27576,Active,IA
65495,iowa_cafo_group_1024,1,42.76289,-94.74463,Active,IA
65496,iowa_cafo_group_0722,1,43.46838,-92.45689,Active,IA
65497,iowa_cafo_group_2786,4,42.71217,-92.09114,Active,IA
65498,iowa_cafo_group_2402,3,41.55,-92.75,Active,IA
65499,iowa_cafo_group_1498,4,41.32883,-91.48383,Active,IA
65500,iowa_cafo_group_0006,0,43.10307,-95.90107,Active,IA
65502,iowa_cafo_group_2787,4,41.54667,-92.56343,Active,IA
65504,iowa_cafo_group_0293,4,42.71956,-95.74209,Active,IA
65506,iowa_cafo_group_0302,4,41.42851,-94.78869,Active,IA
65507,iowa_cafo_group_2788,2,42.15147,-92.95694,Active,IA
65508,iowa_cafo_group_0787,1,42.1962,-94.79537,Active,IA
65509,iowa_cafo_group_2789,1,42.41288,-94.76518,Active,IA
65510,iowa_cafo_group_1833,1,41.05943,-94.58185,Active,IA
65511,iowa_cafo_group_2790,0,42.33253,-94.72599,Active,IA
65512,iowa_cafo_group_2625,4,42.31089,-95.65011,Active,IA
65513,iowa_cafo_group_2791,2,41.13666,-91.48523,Active,IA
65514,iowa_cafo_group_1365,1,41.39447,-91.33114,Active,IA
65515,iowa_cafo_group_0011,3,42.70623,-96.13499,Active,IA
65516,iowa_cafo_group_0027,1,41.87475,-94.92073,Active,IA
65517,iowa_cafo_group_1172,3,43.24819,-95.81132,Active,IA
65518,iowa_cafo_group_0027,1,41.90485,-94.92558,Active,IA
65519,iowa_cafo_group_0027,1,41.87989,-94.85921,Active,IA
65520,iowa_cafo_group_2792,1,40.82749,-91.92202,Active,IA
65521,iowa_cafo_group_0061,1,42.92361,-95.94804,Active,IA
65522,iowa_cafo_group_0491,2,43.32313,-94.18643,Active,IA
65523,iowa_cafo_group_2793,0,41.36984,-92.25986,Active,IA
65526,iowa_cafo_group_1831,1,41.8648,-90.69223,Active,IA
65527,iowa_cafo_group_0782,2,42.69479,-95.05423,Active,IA
65528,iowa_cafo_group_0006,0,43.42618,-95.94097,Active,IA
65529,iowa_cafo_group_0011,3,42.70757,-96.06801,Active,IA
65530,iowa_cafo_group_0006,0,43.05605,-96.38164,Active,IA
65531,iowa_cafo_group_0006,0,43.39862,-96.33135,Active,IA
65532,iowa_cafo_group_0061,1,42.92484,-95.97679,Active,IA
65533,iowa_cafo_group_1106,3,43.2141,-94.58109,Active,IA
65534,iowa_cafo_group_2794,4,40.88775,-93.91061,Active,IA
65535,iowa_cafo_group_0545,4,42.21282,-93.20059,Active,IA
65536,iowa_cafo_group_0999,2,42.69,-92.73,Active,IA
65537,iowa_cafo_group_0006,0,42.92448,-96.24301,Active,IA
65538,iowa_cafo_group_0561,1,43.10881,-95.50639,Active,IA
65540,iowa_cafo_group_1442,2,43.17682,-92.57534,Active,IA
65541,iowa_cafo_group_2795,4,42.70243,-94.41415,Active,IA
65543,iowa_cafo_group_0027,1,41.84979,-94.88792,Active,IA
65544,iowa_cafo_group_1696,4,41.36091,-94.69312,Active,IA
65545,iowa_cafo_group_0006,0,43.3295,-95.75308,Active,IA
65547,iowa_cafo_group_2440,1,43.27109,-95.51498,Active,IA
65548,iowa_cafo_group_0006,0,42.91373,-96.27221,Active,IA
65550,iowa_cafo_group_0023,4,42.2104,-94.85122,Active,IA
65552,iowa_cafo_group_2657,1,43.29178,-91.93653,Active,IA
65553,iowa_cafo_group_0077,2,42.13915,-91.58255,Active,IA
65554,iowa_cafo_group_0006,0,43.48416,-96.21482,Active,IA
65557,iowa_cafo_group_1225,1,42.60033,-91.21494,Active,IA
65558,iowa_cafo_group_2796,2,42.65898,-91.12284,Active,IA
65560,iowa_cafo_group_2797,3,41.74909,-91.20191,Active,IA
65561,iowa_cafo_group_1935,3,41.8297,-91.00271,Active,IA
65562,iowa_cafo_group_2798,0,40.94944,-93.80604,Active,IA
65563,iowa_cafo_group_1211,2,41.43316,-92.26878,Active,IA
65564,iowa_cafo_group_2799,3,41.35005,-92.32618,Active,IA
65568,iowa_cafo_group_0006,0,43.13504,-96.33376,Active,IA
65569,iowa_cafo_group_0006,0,43.01677,-96.37237,Active,IA
65570,iowa_cafo_group_0443,3,43.24524,-95.75291,Active,IA
65571,iowa_cafo_group_0061,1,42.8366,-95.76917,Active,IA
65572,iowa_cafo_group_2800,4,41.26958,-91.87809,Active,IA
65573,iowa_cafo_group_2321,1,42.04968,-94.35759,Active,IA
65574,iowa_cafo_group_1390,2,42.8646,-96.52418,Active,IA
65575,iowa_cafo_group_0435,2,41.88,-94.6,Active,IA
65576,iowa_cafo_group_0016,2,42.39346,-94.84303,Active,IA
65577,iowa_cafo_group_0246,3,42.46854,-94.76766,Active,IA
65578,iowa_cafo_group_0344,0,41.39725,-94.97179,Active,IA
65579,iowa_cafo_group_0559,1,42.15228,-94.94453,Active,IA
65580,iowa_cafo_group_0006,0,43.36116,-96.359,Active,IA
65581,iowa_cafo_group_0006,0,43.02657,-96.24678,Active,IA
65582,iowa_cafo_group_0011,3,42.7871,-96.03638,Active,IA
65583,iowa_cafo_group_0101,3,42.78624,-95.91756,Active,IA
65584,iowa_cafo_group_0061,1,42.81709,-95.89906,Active,IA
65585,iowa_cafo_group_1973,2,41.62288,-94.87731,Active,IA
65586,iowa_cafo_group_2183,3,43.12962,-95.50644,Active,IA
65587,iowa_cafo_group_0069,3,43.31354,-94.55623,Active,IA
65589,iowa_cafo_group_2500,1,42.67934,-96.00721,Active,IA
65590,iowa_cafo_group_1921,3,41.86174,-94.97804,Active,IA
65591,iowa_cafo_group_0006,0,42.99803,-96.21307,Active,IA
65592,iowa_cafo_group_0722,1,43.4365,-92.45444,Active,IA
65593,iowa_cafo_group_1212,0,41.49564,-92.26085,Active,IA
65595,iowa_cafo_group_1954,1,40.70728,-92.20996,Active,IA
65596,iowa_cafo_group_1954,1,40.70639,-92.19993,Active,IA
65598,iowa_cafo_group_0239,4,42.15188,-95.03586,Active,IA
65599,iowa_cafo_group_2801,2,42.15607,-92.16145,Active,IA
65601,iowa_cafo_group_2802,1,43.33718,-91.75202,Active,IA
65602,iowa_cafo_group_2803,0,43.21408,-93.7567,Active,IA
65603,iowa_cafo_group_1670,1,43.03875,-92.87035,Active,IA
65604,iowa_cafo_group_0994,1,42.84923,-93.46954,Active,IA
65605,iowa_cafo_group_2769,4,43.42794,-93.87347,Active,IA
65607,iowa_cafo_group_2804,3,41.82831,-92.51389,Active,IA
65608,iowa_cafo_group_0721,2,43.31388,-92.21005,Active,IA
65609,iowa_cafo_group_0127,2,41.32997,-92.00186,Active,IA
65610,iowa_cafo_group_0448,3,40.95685,-94.66097,Active,IA
65611,iowa_cafo_group_0127,2,41.35336,-91.91387,Active,IA
65612,iowa_cafo_group_0006,0,43.07506,-95.84013,Active,IA
65613,iowa_cafo_group_0006,0,43.00093,-96.37056,Active,IA
65615,iowa_cafo_group_0006,0,42.96819,-96.37944,Active,IA
65616,iowa_cafo_group_2714,3,41.6785,-90.69283,Active,IA
65617,iowa_cafo_group_2303,2,41.67504,-92.46859,Active,IA
65618,iowa_cafo_group_2155,4,42.63434,-96.1651,Active,IA
65619,iowa_cafo_group_0155,3,42.52148,-94.8171,Active,IA
65620,iowa_cafo_group_0754,1,42.25959,-93.46417,Active,IA
65621,iowa_cafo_group_2805,1,41.03935,-91.60294,Active,IA
65622,iowa_cafo_group_0006,0,43.02733,-96.02825,Active,IA
65623,iowa_cafo_group_2806,2,42.30744,-91.86917,Active,IA
65625,iowa_cafo_group_0011,3,42.8573,-96.07663,Active,IA
65626,iowa_cafo_group_0584,4,42.74506,-96.5084,Active,IA
65627,iowa_cafo_group_1754,4,43.48718,-92.75343,Active,IA
65628,iowa_cafo_group_2567,4,42.29936,-96.21179,Active,IA
65629,iowa_cafo_group_2807,4,42.30868,-96.25227,Active,IA
65630,iowa_cafo_group_2588,3,41.79003,-94.51815,Active,IA
65631,iowa_cafo_group_2321,1,42.07136,-94.32589,Active,IA
65632,iowa_cafo_group_2808,0,42.08934,-94.34819,Active,IA
65633,iowa_cafo_group_2809,4,41.35374,-94.63956,Active,IA
65634,iowa_cafo_group_1085,2,42.83722,-96.36108,Active,IA
65635,iowa_cafo_group_2809,4,41.34641,-94.65171,Active,IA
65637,iowa_cafo_group_1091,3,41.4035,-91.96299,Active,IA
65638,iowa_cafo_group_1396,2,41.10448,-91.8865,Active,IA
65641,iowa_cafo_group_0006,0,43.06302,-95.81991,Active,IA
65642,iowa_cafo_group_1043,4,40.77595,-94.09107,Active,IA
65643,iowa_cafo_group_0006,0,43.21465,-95.95192,Active,IA
65644,iowa_cafo_group_0061,1,42.92491,-95.96207,Active,IA
65645,iowa_cafo_group_0536,2,42.58907,-91.6977,Active,IA
65646,iowa_cafo_group_0536,2,42.56511,-91.68842,Active,IA
65647,iowa_cafo_group_2155,4,42.64094,-96.19289,Active,IA
65648,iowa_cafo_group_2810,2,41.09692,-94.49665,Active,IA
65649,iowa_cafo_group_2800,4,41.2795,-91.86707,Active,IA
65650,iowa_cafo_group_0006,0,43.1963,-96.25737,Active,IA
65652,iowa_cafo_group_1915,2,42.4714,-94.91705,Active,IA
65653,iowa_cafo_group_2811,2,42.24863,-95.86294,Active,IA
65654,iowa_cafo_group_1498,4,41.33748,-91.44477,Active,IA
65656,iowa_cafo_group_2812,0,40.5873,-93.05682,Active,IA
65658,iowa_cafo_group_2512,1,42.303,-95.32143,Active,IA
65660,iowa_cafo_group_2813,2,42.07735,-92.25256,Active,IA
65661,iowa_cafo_group_1192,2,42.51358,-93.59808,Active,IA
65662,iowa_cafo_group_1965,4,41.98021,-95.28241,Active,IA
65664,iowa_cafo_group_1219,3,41.1766,-91.37899,Active,IA
65665,iowa_cafo_group_2158,4,43.14993,-91.3697,Active,IA
65666,iowa_cafo_group_0155,3,42.50348,-94.91271,Active,IA
65667,iowa_cafo_group_1813,2,42.54288,-91.5972,Active,IA
65668,iowa_cafo_group_2184,3,41.98751,-93.65868,Active,IA
65669,iowa_cafo_group_0363,1,41.68647,-93.31873,Active,IA
65671,iowa_cafo_group_0069,3,43.25456,-94.54243,Active,IA
65672,iowa_cafo_group_0686,2,42.35972,-92.37806,Active,IA
65673,iowa_cafo_group_2814,3,43.26262,-94.99227,Active,IA
65674,iowa_cafo_group_2303,2,41.64981,-92.48601,Active,IA
65676,iowa_cafo_group_2223,1,41.61294,-92.3592,Active,IA
65677,iowa_cafo_group_2815,2,41.97206,-91.37597,Active,IA
65678,iowa_cafo_group_2816,2,42.03788,-95.13224,Active,IA
65679,iowa_cafo_group_2817,2,42.15382,-95.09262,Active,IA
65681,iowa_cafo_group_2818,1,41.90523,-90.9238,Active,IA
65682,iowa_cafo_group_2819,4,41.95203,-90.61146,Active,IA
65683,iowa_cafo_group_2820,3,42.80582,-92.1738,Active,IA
65685,iowa_cafo_group_0927,4,42.72391,-94.32434,Active,IA
65687,iowa_cafo_group_0157,4,42.61998,-96.09833,Active,IA
65692,iowa_cafo_group_1587,2,41.05778,-91.09086,Active,IA
65694,iowa_cafo_group_0455,2,42.36584,-91.93646,Active,IA
65695,iowa_cafo_group_2821,2,41.79041,-94.41025,Active,IA
65696,iowa_cafo_group_0483,4,42.98,-95.73,Active,IA
65697,iowa_cafo_group_0087,3,43.00861,-94.67007,Active,IA
65699,iowa_cafo_group_2822,1,43.2403,-91.87437,Active,IA
65700,iowa_cafo_group_0841,2,42.07939,-93.79344,Active,IA
65702,iowa_cafo_group_0430,3,41.60766,-92.48987,Active,IA
65704,iowa_cafo_group_2823,4,43.35608,-92.72349,Active,IA
65705,iowa_cafo_group_0545,4,42.23683,-93.23086,Active,IA
65707,iowa_cafo_group_2824,4,41.76175,-94.77145,Active,IA
65708,iowa_cafo_group_2825,1,41.17074,-94.11608,Active,IA
65713,iowa_cafo_group_2826,1,41.50899,-92.2853,Active,IA
65714,iowa_cafo_group_2827,2,41.52944,-95.11474,Active,IA
65715,iowa_cafo_group_2113,3,42.64104,-95.36622,Active,IA
65716,iowa_cafo_group_0006,0,43.1853,-96.16829,Active,IA
65717,iowa_cafo_group_0749,4,42.4407,-93.52349,Active,IA
65718,iowa_cafo_group_0006,0,43.35164,-95.86211,Active,IA
65719,iowa_cafo_group_2828,1,42.2389,-95.17473,Active,IA
65720,iowa_cafo_group_2539,3,42.86359,-94.63833,Active,IA
65721,iowa_cafo_group_2829,3,42.87719,-92.15663,Active,IA
65724,iowa_cafo_group_2830,2,42.43242,-90.87701,Active,IA
65725,iowa_cafo_group_0944,2,42.34041,-94.75513,Active,IA
65726,iowa_cafo_group_0061,1,42.85365,-95.8402,Active,IA
65727,iowa_cafo_group_2321,1,42.05956,-94.36028,Active,IA
65728,iowa_cafo_group_2831,4,41.44485,-91.29681,Active,IA
65730,iowa_cafo_group_0874,2,42.52111,-92.7324,Active,IA
65732,iowa_cafo_group_0006,0,43.2445,-96.13541,Active,IA
65733,iowa_cafo_group_0061,1,42.89627,-95.78485,Active,IA
65734,iowa_cafo_group_0006,0,43.35197,-95.87925,Active,IA
65735,iowa_cafo_group_2832,2,42.2708,-91.33099,Active,IA
65736,iowa_cafo_group_1940,2,42.27282,-91.36593,Active,IA
65737,iowa_cafo_group_1940,2,42.26511,-91.37601,Active,IA
65739,iowa_cafo_group_0355,1,42.51437,-95.17205,Active,IA
65741,iowa_cafo_group_0809,4,43.06696,-94.64007,Active,IA
65743,iowa_cafo_group_1896,1,41.96334,-92.24254,Active,IA
65744,iowa_cafo_group_2833,4,41.46581,-92.41344,Active,IA
65745,iowa_cafo_group_2834,0,42.07848,-92.44748,Active,IA
65747,iowa_cafo_group_0981,4,42.87734,-93.29029,Active,IA
65748,iowa_cafo_group_0061,1,42.79277,-95.8302,Active,IA
65749,iowa_cafo_group_0190,2,43.44033,-95.56337,Active,IA
65750,iowa_cafo_group_2835,0,42.24395,-92.75904,Active,IA
65751,iowa_cafo_group_2434,2,43.14869,-92.16183,Active,IA
65752,iowa_cafo_group_2836,0,43.24149,-92.18845,Active,IA
65753,iowa_cafo_group_0534,1,41.23164,-94.58712,Active,IA
65755,iowa_cafo_group_2837,0,42.07332,-94.63015,Active,IA
65756,iowa_cafo_group_2838,3,40.84333,-94.74981,Active,IA
65757,iowa_cafo_group_2839,4,41.92873,-94.21193,Active,IA
65758,iowa_cafo_group_2840,4,42.13769,-94.24563,Active,IA
65759,iowa_cafo_group_2841,3,42.25279,-90.55954,Active,IA
65760,iowa_cafo_group_1295,4,43.29815,-94.17559,Active,IA
65761,iowa_cafo_group_1882,4,42.92439,-94.56973,Active,IA
65762,iowa_cafo_group_2842,1,42.63696,-96.34023,Active,IA
65763,iowa_cafo_group_0127,2,41.41849,-91.77241,Active,IA
65764,iowa_cafo_group_2843,1,41.39828,-92.12398,Active,IA
65765,iowa_cafo_group_0333,1,42.60383,-95.75674,Active,IA
65766,iowa_cafo_group_0061,1,42.85117,-95.91659,Active,IA
65767,iowa_cafo_group_0999,2,42.68546,-92.71142,Active,IA
65768,iowa_cafo_group_0006,0,43.09705,-96.37297,Active,IA
65770,iowa_cafo_group_2844,3,42.17961,-93.20584,Active,IA
65774,iowa_cafo_group_0738,3,42.58016,-93.37968,Active,IA
65775,iowa_cafo_group_1586,3,41.88868,-90.29014,Active,IA
65777,iowa_cafo_group_2845,2,40.87153,-91.87047,Active,IA
65778,iowa_cafo_group_1211,2,41.44821,-92.25793,Active,IA
65780,iowa_cafo_group_0764,2,43.13281,-94.11743,Active,IA
65781,iowa_cafo_group_2846,4,42.34078,-91.53685,Active,IA
65782,iowa_cafo_group_0011,3,42.73577,-96.06668,Active,IA
65783,iowa_cafo_group_0443,3,43.32274,-95.60374,Active,IA
65784,iowa_cafo_group_1930,1,42.86714,-95.97765,Active,IA
65785,iowa_cafo_group_2449,2,41.53818,-91.2008,Active,IA
65787,iowa_cafo_group_0741,3,42.79266,-93.14458,Active,IA
65788,iowa_cafo_group_2847,4,40.91049,-92.65822,Active,IA
65789,iowa_cafo_group_2848,3,41.98445,-91.067,Active,IA
65790,iowa_cafo_group_0060,4,43.2554,-92.73792,Active,IA
65791,iowa_cafo_group_0006,0,43.38959,-95.88564,Active,IA
65792,iowa_cafo_group_2849,1,41.2041,-92.79445,Active,IA
65793,iowa_cafo_group_0407,4,42.6021,-94.64771,Active,IA
65794,iowa_cafo_group_0737,3,42.65944,-93.32949,Active,IA
65795,iowa_cafo_group_0191,1,43.49056,-96.0391,Active,IA
65796,iowa_cafo_group_0737,3,42.69395,-93.3001,Active,IA
65798,iowa_cafo_group_0006,0,43.47304,-95.76214,Active,IA
65802,iowa_cafo_group_0006,0,43.29313,-95.87862,Active,IA
65804,iowa_cafo_group_0678,1,42.98187,-93.68229,Active,IA
65805,iowa_cafo_group_0545,4,42.26117,-93.3312,Active,IA
65806,iowa_cafo_group_0678,1,42.95478,-93.65532,Active,IA
65807,iowa_cafo_group_2649,3,43.17112,-95.77145,Active,IA
65808,iowa_cafo_group_0359,4,41.91725,-91.32045,Active,IA
65809,iowa_cafo_group_0537,4,43.29832,-92.75272,Active,IA
65810,iowa_cafo_group_0627,1,42.30615,-91.36223,Active,IA
65811,iowa_cafo_group_2850,2,42.26976,-91.90924,Active,IA
65812,iowa_cafo_group_0405,2,43.072,-95.75244,Active,IA
65813,iowa_cafo_group_0819,4,42.25866,-95.64749,Active,IA
65814,iowa_cafo_group_2851,4,42.94802,-94.75808,Active,IA
65816,iowa_cafo_group_1862,4,41.42237,-91.64971,Active,IA
65817,iowa_cafo_group_2852,4,42.39759,-92.53248,Active,IA
65818,iowa_cafo_group_0099,2,42.92424,-94.74517,Active,IA
65820,iowa_cafo_group_0090,3,41.22793,-91.76735,Active,IA
65821,iowa_cafo_group_2853,3,41.74928,-90.87827,Active,IA
65822,iowa_cafo_group_0782,2,42.58748,-94.91329,Active,IA
65823,iowa_cafo_group_1846,2,43.08916,-92.8764,Active,IA
65824,iowa_cafo_group_0006,0,42.88001,-96.16282,Active,IA
65825,iowa_cafo_group_0900,3,42.62921,-91.46276,Active,IA
65826,iowa_cafo_group_0006,0,43.33503,-95.90935,Active,IA
65827,iowa_cafo_group_0333,1,42.61587,-95.81896,Active,IA
65828,iowa_cafo_group_2854,4,42.58832,-94.54334,Active,IA
65829,iowa_cafo_group_2855,2,40.74752,-91.93913,Active,IA
65830,iowa_cafo_group_0094,4,43.16982,-94.00848,Active,IA
65831,iowa_cafo_group_2787,4,41.53015,-92.56444,Active,IA
65832,iowa_cafo_group_2856,2,42.29973,-94.59021,Active,IA
65833,iowa_cafo_group_2857,2,41.39252,-92.63356,Active,IA
65834,iowa_cafo_group_1004,4,41.02031,-94.56581,Active,IA
65835,iowa_cafo_group_0006,0,43.11175,-96.09426,Active,IA
65838,iowa_cafo_group_1086,4,43.05378,-95.53049,Active,IA
65839,iowa_cafo_group_1694,1,43.06855,-93.50813,Active,IA
65840,iowa_cafo_group_0006,0,43.46223,-95.83981,Active,IA
65841,iowa_cafo_group_1883,2,40.93002,-91.98423,Active,IA
65842,iowa_cafo_group_2004,3,43.08672,-95.67684,Active,IA
65843,iowa_cafo_group_1467,2,42.53289,-91.44617,Active,IA
65844,iowa_cafo_group_2073,1,42.35474,-92.92107,Active,IA
65845,iowa_cafo_group_2858,3,43.24404,-91.61581,Active,IA
65846,iowa_cafo_group_0087,3,42.95081,-94.70744,Active,IA
65847,iowa_cafo_group_0006,0,43.30075,-95.86718,Active,IA
65849,iowa_cafo_group_1442,2,43.2254,-92.63504,Active,IA
65850,iowa_cafo_group_2859,3,43.0778,-92.8388,Active,IA
65851,iowa_cafo_group_0597,1,43.2695,-92.6846,Active,IA
65852,iowa_cafo_group_2860,1,42.98127,-93.44969,Active,IA
65853,iowa_cafo_group_2861,2,43.4311,-91.49112,Active,IA
65854,iowa_cafo_group_2862,0,41.29027,-93.41754,Active,IA
65855,iowa_cafo_group_1163,1,41.81911,-95.80375,Active,IA
65856,iowa_cafo_group_2863,3,41.64077,-93.35886,Active,IA
65857,iowa_cafo_group_0006,0,43.49608,-95.91964,Active,IA
65858,iowa_cafo_group_2131,0,41.73589,-91.11638,Active,IA
65861,iowa_cafo_group_0061,1,42.83681,-95.67896,Active,IA
65862,iowa_cafo_group_2864,0,42.15534,-93.16164,Active,IA
65863,iowa_cafo_group_0155,3,42.54741,-94.83947,Active,IA
65864,iowa_cafo_group_2865,4,43.41151,-91.31346,Active,IA
65868,iowa_cafo_group_2866,1,43.127,-93.55811,Active,IA
65870,iowa_cafo_group_1891,1,43.18334,-93.50706,Active,IA
65871,iowa_cafo_group_1121,4,43.32154,-93.5957,Active,IA
65872,iowa_cafo_group_0339,2,43.07037,-92.53673,Active,IA
65873,iowa_cafo_group_1069,1,41.42604,-91.21097,Active,IA
65874,iowa_cafo_group_2867,4,43.00906,-94.72994,Active,IA
65875,iowa_cafo_group_0006,0,43.04512,-96.09756,Active,IA
65876,iowa_cafo_group_1664,4,43.24512,-94.95601,Active,IA
65877,iowa_cafo_group_2649,3,43.16775,-95.74119,Active,IA
65878,iowa_cafo_group_2868,0,43.05289,-92.09565,Active,IA
65879,iowa_cafo_group_2869,3,43.48392,-95.48669,Active,IA
65880,iowa_cafo_group_1081,3,42.81803,-93.07507,Active,IA
65881,iowa_cafo_group_2870,1,42.96559,-93.50911,Active,IA
65882,iowa_cafo_group_0036,3,42.5043,-95.08539,Active,IA
65883,iowa_cafo_group_0799,1,43.22449,-94.46576,Active,IA
65884,iowa_cafo_group_2871,2,41.73257,-95.15716,Active,IA
65885,iowa_cafo_group_0799,1,43.24068,-94.43744,Active,IA
65886,iowa_cafo_group_2872,0,41.50171,-93.29664,Active,IA
65887,iowa_cafo_group_1533,4,41.62691,-91.30247,Active,IA
65888,iowa_cafo_group_0006,0,43.3899,-95.83365,Active,IA
65891,iowa_cafo_group_2873,2,41.13594,-91.78468,Active,IA
65892,iowa_cafo_group_1123,4,41.12366,-91.00578,Active,IA
65893,iowa_cafo_group_0739,1,42.61711,-93.2155,Active,IA
65894,iowa_cafo_group_2647,1,42.72165,-96.36163,Active,IA
65896,iowa_cafo_group_2408,1,40.77115,-91.495,Active,IA
65897,iowa_cafo_group_0112,1,42.82648,-94.97488,Active,IA
65898,iowa_cafo_group_2874,0,41.01979,-94.10703,Active,IA
65899,iowa_cafo_group_0006,0,43.40242,-95.90272,Active,IA
65900,iowa_cafo_group_0843,1,41.73265,-94.21372,Active,IA
65901,iowa_cafo_group_2875,4,41.82086,-94.24083,Active,IA
65903,iowa_cafo_group_0006,0,43.38825,-95.85221,Active,IA
65904,iowa_cafo_group_0789,3,41.18007,-91.41018,Active,IA
65905,iowa_cafo_group_1264,3,41.37546,-91.38702,Active,IA
65906,iowa_cafo_group_0191,1,43.4875,-96.11508,Active,IA
65907,iowa_cafo_group_0994,1,42.85971,-93.43782,Active,IA
65908,iowa_cafo_group_0016,2,42.38429,-94.87131,Active,IA
65910,iowa_cafo_group_2876,1,43.09021,-95.2122,Active,IA
65911,iowa_cafo_group_0016,2,42.42896,-94.82442,Active,IA
65912,iowa_cafo_group_1809,2,42.20978,-95.14162,Active,IA
65913,iowa_cafo_group_2877,0,41.70876,-94.61017,Active,IA
65914,iowa_cafo_group_0021,1,41.97407,-94.79438,Active,IA
65915,iowa_cafo_group_1192,2,42.53941,-93.57624,Active,IA
65916,iowa_cafo_group_1371,4,43.36412,-93.57845,Active,IA
65917,iowa_cafo_group_2751,2,40.94687,-92.63602,Active,IA
65918,iowa_cafo_group_0789,3,41.18857,-91.4098,Active,IA
65919,iowa_cafo_group_2878,1,42.50616,-92.54855,Active,IA
65920,iowa_cafo_group_0998,2,42.67815,-95.51699,Active,IA
65921,iowa_cafo_group_0364,3,41.6725,-92.85024,Active,IA
65922,iowa_cafo_group_2879,1,41.14954,-94.10795,Active,IA
65923,iowa_cafo_group_0006,0,43.25745,-96.38011,Active,IA
65924,iowa_cafo_group_1442,2,43.19767,-92.63879,Active,IA
65925,iowa_cafo_group_0545,4,42.23281,-93.29352,Active,IA
65926,iowa_cafo_group_0443,3,43.30093,-95.61422,Active,IA
65927,iowa_cafo_group_1180,2,43.4103,-95.62251,Active,IA
65928,iowa_cafo_group_0443,3,43.32761,-95.68414,Active,IA
65929,iowa_cafo_group_0006,0,43.46135,-95.80556,Active,IA
65930,iowa_cafo_group_2027,1,42.69173,-96.41467,Active,IA
65931,iowa_cafo_group_0782,2,42.65382,-95.01299,Active,IA
65932,iowa_cafo_group_2043,4,42.6317,-95.55406,Active,IA
65933,iowa_cafo_group_2880,2,41.07293,-95.00626,Active,IA
65935,iowa_cafo_group_0829,1,41.97944,-95.54953,Active,IA
65936,iowa_cafo_group_0080,2,41.96622,-94.9557,Active,IA
65937,iowa_cafo_group_2881,0,42.63201,-92.86842,Active,IA
65938,iowa_cafo_group_0405,2,43.08554,-95.75047,Active,IA
65939,iowa_cafo_group_0006,0,43.02617,-96.00561,Active,IA
65940,iowa_cafo_group_0011,3,42.66428,-96.17964,Active,IA
65941,iowa_cafo_group_2882,4,42.1961,-94.49012,Active,IA
65942,iowa_cafo_group_1696,4,41.37377,-94.6992,Active,IA
65943,iowa_cafo_group_0386,1,40.65165,-94.04295,Active,IA
65944,iowa_cafo_group_2883,0,42.10738,-94.52343,Active,IA
65945,iowa_cafo_group_0080,2,42.03499,-94.96722,Active,IA
65946,iowa_cafo_group_0015,4,42.20524,-94.97286,Active,IA
65947,iowa_cafo_group_2884,3,41.80638,-95.4419,Active,IA
65948,iowa_cafo_group_2009,1,42.24791,-94.14602,Active,IA
65949,iowa_cafo_group_1332,4,42.28174,-94.13486,Active,IA
65952,iowa_cafo_group_0755,4,42.54405,-93.41478,Active,IA
65953,iowa_cafo_group_2649,3,43.18712,-95.78227,Active,IA
65954,iowa_cafo_group_0529,1,43.25479,-95.33771,Active,IA
65955,iowa_cafo_group_2885,2,42.69985,-91.43821,Active,IA
65956,iowa_cafo_group_2886,2,42.67943,-91.6843,Active,IA
65957,iowa_cafo_group_2887,0,41.53021,-94.23125,Active,IA
65958,iowa_cafo_group_0006,0,42.99818,-96.11965,Active,IA
65959,iowa_cafo_group_0690,4,43.15585,-93.83081,Active,IA
65960,iowa_cafo_group_1264,3,41.36595,-91.40516,Active,IA
65962,iowa_cafo_group_2888,2,41.37721,-91.45467,Active,IA
65964,iowa_cafo_group_2731,1,42.99568,-93.74307,Active,IA
65965,iowa_cafo_group_2466,1,42.50199,-95.49317,Active,IA
65966,iowa_cafo_group_0006,0,43.02052,-96.11436,Active,IA
65967,iowa_cafo_group_2889,0,40.97273,-95.3702,Active,IA
65968,iowa_cafo_group_2890,3,40.9412,-92.70094,Active,IA
65969,iowa_cafo_group_2891,4,41.34741,-93.34677,Active,IA
65970,iowa_cafo_group_2892,1,42.10739,-93.07688,Active,IA
65971,iowa_cafo_group_2893,2,42.10563,-93.10356,Active,IA
65972,iowa_cafo_group_2894,2,42.0595,-92.62125,Active,IA
65973,iowa_cafo_group_0751,4,43.14917,-93.71273,Active,IA
65974,iowa_cafo_group_2895,3,41.9579,-93.19971,Active,IA
65976,iowa_cafo_group_0846,4,40.79765,-94.00161,Active,IA
65977,iowa_cafo_group_2896,2,40.59383,-92.82,Active,IA
65979,iowa_cafo_group_0243,3,42.12147,-95.40208,Active,IA
65980,iowa_cafo_group_0062,1,41.98978,-90.93631,Active,IA
65981,iowa_cafo_group_0938,4,43.46827,-94.30764,Active,IA
65983,iowa_cafo_group_1970,4,42.97792,-93.22099,Active,IA
65984,iowa_cafo_group_2897,4,43.14087,-92.36795,Active,IA
65989,iowa_cafo_group_1579,2,42.6306,-93.599,Active,IA
65991,iowa_cafo_group_0171,2,42.35906,-95.82778,Active,IA
65992,iowa_cafo_group_1442,2,43.16853,-92.56271,Active,IA
65993,iowa_cafo_group_1442,2,43.17001,-92.58111,Active,IA
65994,iowa_cafo_group_2491,2,42.46454,-92.02529,Active,IA
65995,iowa_cafo_group_0708,2,42.54347,-91.54829,Active,IA
65996,iowa_cafo_group_2697,2,42.49997,-92.17571,Active,IA
65997,iowa_cafo_group_1970,4,42.96644,-93.23381,Active,IA
65998,iowa_cafo_group_0337,4,41.65932,-95.2049,Active,IA
66000,iowa_cafo_group_0006,0,43.16055,-95.96143,Active,IA
66001,iowa_cafo_group_2774,1,42.7098,-91.60794,Active,IA
66002,iowa_cafo_group_0062,1,41.98721,-90.92306,Active,IA
66003,iowa_cafo_group_2898,0,42.65959,-91.50301,Active,IA
66004,iowa_cafo_group_2899,0,42.07861,-91.94127,Active,IA
66005,iowa_cafo_group_0141,1,42.47336,-96.04623,Active,IA
66006,iowa_cafo_group_2900,0,41.05269,-94.84959,Active,IA
66007,iowa_cafo_group_2901,4,41.07241,-94.33923,Active,IA
66008,iowa_cafo_group_2902,3,42.67108,-91.71079,Active,IA
66009,iowa_cafo_group_0583,2,42.31432,-95.92271,Active,IA
66010,iowa_cafo_group_2903,2,42.00615,-93.29643,Active,IA
66011,iowa_cafo_group_2234,1,42.04567,-93.58108,Active,IA
66013,iowa_cafo_group_2904,3,42.55588,-92.66135,Active,IA
66014,iowa_cafo_group_0701,4,43.27343,-96.54118,Active,IA
66015,iowa_cafo_group_2905,0,42.0167,-91.09182,Active,IA
66016,iowa_cafo_group_0006,0,43.41033,-96.09458,Active,IA
66017,iowa_cafo_group_2906,0,43.28282,-93.09916,Active,IA
66018,iowa_cafo_group_2907,4,43.48548,-92.25887,Active,IA
66019,iowa_cafo_group_2657,1,43.30277,-91.90624,Active,IA
66020,iowa_cafo_group_0036,3,42.46286,-95.07273,Active,IA
66021,iowa_cafo_group_2908,3,42.67373,-91.62121,Active,IA
66022,iowa_cafo_group_1814,3,43.40856,-94.14702,Active,IA
66023,iowa_cafo_group_2314,2,42.64031,-91.37459,Active,IA
66024,iowa_cafo_group_2856,2,42.28813,-94.59037,Active,IA
66025,iowa_cafo_group_2909,1,41.23672,-95.59237,Active,IA
66026,iowa_cafo_group_1958,4,43.02262,-93.19906,Active,IA
66027,iowa_cafo_group_0127,2,41.34499,-91.86965,Active,IA
66028,iowa_cafo_group_2755,0,42.89647,-93.12541,Active,IA
66030,iowa_cafo_group_0700,0,42.79622,-91.47065,Active,IA
66031,iowa_cafo_group_2910,1,42.72697,-92.26525,Active,IA
66032,iowa_cafo_group_2541,4,42.49767,-91.5961,Active,IA
66033,iowa_cafo_group_0006,0,43.08847,-96.23552,Active,IA
66034,iowa_cafo_group_0850,4,41.40565,-92.55116,Active,IA
66035,iowa_cafo_group_0006,0,42.91183,-96.3921,Active,IA
66036,iowa_cafo_group_2541,4,42.52672,-91.62763,Active,IA
66037,iowa_cafo_group_2911,0,42.87904,-95.15897,Active,IA
66038,iowa_cafo_group_2541,4,42.50952,-91.6274,Active,IA
66039,iowa_cafo_group_0618,1,43.29189,-92.37812,Active,IA
66040,iowa_cafo_group_1226,4,41.58226,-91.91579,Active,IA
66041,iowa_cafo_group_0006,0,43.31104,-96.24144,Active,IA
66042,iowa_cafo_group_0006,0,43.27235,-96.26115,Active,IA
66043,iowa_cafo_group_0006,0,43.36076,-96.32147,Active,IA
66044,iowa_cafo_group_0745,2,42.45649,-93.03338,Active,IA
66045,iowa_cafo_group_0074,1,42.62177,-91.22808,Active,IA
66047,iowa_cafo_group_0006,0,43.39075,-96.2847,Active,IA
66048,iowa_cafo_group_0011,3,42.67748,-96.1225,Active,IA
66049,iowa_cafo_group_2912,3,42.56224,-91.02199,Active,IA
66050,iowa_cafo_group_1667,1,42.35583,-92.48603,Active,IA
66051,iowa_cafo_group_2296,2,42.64888,-91.00744,Active,IA
66052,iowa_cafo_group_2155,4,42.64075,-96.17477,Active,IA
66054,iowa_cafo_group_1657,2,41.49788,-91.84753,Active,IA
66055,iowa_cafo_group_0520,3,43.28632,-94.87352,Active,IA
66056,iowa_cafo_group_0006,0,43.09189,-95.97597,Active,IA
66057,iowa_cafo_group_2913,3,42.23185,-90.94215,Active,IA
66058,iowa_cafo_group_2657,1,43.29732,-91.94582,Active,IA
66059,iowa_cafo_group_2914,2,40.61923,-92.05027,Active,IA
66060,iowa_cafo_group_0737,3,42.66767,-93.28018,Active,IA
66061,iowa_cafo_group_0006,0,42.90544,-96.27106,Active,IA
66062,iowa_cafo_group_0006,0,43.47556,-96.34504,Active,IA
66063,iowa_cafo_group_2915,0,41.33028,-94.76534,Active,IA
66064,iowa_cafo_group_1201,1,42.82262,-92.95525,Active,IA
66065,iowa_cafo_group_0052,3,42.43031,-95.32774,Active,IA
66067,iowa_cafo_group_0006,0,43.0833,-95.92344,Active,IA
66069,iowa_cafo_group_2916,1,41.26006,-91.84819,Active,IA
66070,iowa_cafo_group_2917,4,41.67828,-91.2409,Active,IA
66071,iowa_cafo_group_0127,2,41.41492,-91.73393,Active,IA
66072,iowa_cafo_group_2918,2,40.92724,-93.97715,Active,IA
66073,iowa_cafo_group_0006,0,43.35012,-96.19631,Active,IA
66074,iowa_cafo_group_2919,3,41.29756,-95.47971,Active,IA
66075,iowa_cafo_group_2920,0,41.32148,-95.01778,Active,IA
66076,iowa_cafo_group_1958,4,43.02411,-93.20912,Active,IA
66077,iowa_cafo_group_0554,1,41.77683,-94.68789,Active,IA
66078,iowa_cafo_group_2921,0,41.8498,-94.62759,Active,IA
66079,iowa_cafo_group_0136,2,42.339,-91.14648,Active,IA
66081,iowa_cafo_group_0006,0,42.96689,-96.38889,Active,IA
66082,iowa_cafo_group_0011,3,42.73642,-96.12565,Active,IA
66083,iowa_cafo_group_1078,3,42.23134,-94.41811,Active,IA
66085,iowa_cafo_group_0006,0,42.98181,-96.46364,Active,IA
66087,iowa_cafo_group_0006,0,42.99133,-96.29005,Active,IA
66088,iowa_cafo_group_0006,0,43.06354,-96.33162,Active,IA
66089,iowa_cafo_group_0006,0,42.97739,-96.27391,Active,IA
66090,iowa_cafo_group_1363,4,42.72188,-96.44849,Active,IA
66091,iowa_cafo_group_0398,3,41.32934,-94.59954,Active,IA
66092,iowa_cafo_group_2922,2,42.78348,-92.5574,Active,IA
66094,iowa_cafo_group_0061,1,42.91212,-95.99624,Active,IA
66095,iowa_cafo_group_0006,0,43.4686,-95.70364,Active,IA
66096,iowa_cafo_group_0892,3,42.67821,-95.89039,Active,IA
66097,iowa_cafo_group_2923,0,41.24593,-92.00853,Active,IA
66098,iowa_cafo_group_2167,2,42.23897,-94.63327,Active,IA
66099,iowa_cafo_group_0918,1,42.90666,-95.60243,Active,IA
66103,iowa_cafo_group_2184,3,41.9779,-93.64992,Active,IA
66104,iowa_cafo_group_2924,1,43.11965,-91.98212,Active,IA
66105,iowa_cafo_group_0919,3,43.21549,-91.63287,Active,IA
66106,iowa_cafo_group_2925,0,42.10779,-90.43157,Active,IA
66107,iowa_cafo_group_0749,4,42.38378,-93.52791,Active,IA
66108,iowa_cafo_group_0721,2,43.18703,-92.23501,Active,IA
66111,iowa_cafo_group_2926,4,41.12566,-93.31697,Active,IA
66112,iowa_cafo_group_1442,2,43.18315,-92.57506,Active,IA
66113,iowa_cafo_group_2927,1,41.90487,-92.63526,Active,IA
66116,iowa_cafo_group_2928,0,41.08405,-94.08692,Active,IA
66117,iowa_cafo_group_0006,0,42.9313,-96.49091,Active,IA
66118,iowa_cafo_group_0011,3,42.696,-96.1337,Active,IA
66119,iowa_cafo_group_1365,1,41.42375,-91.38386,Active,IA
66120,iowa_cafo_group_0006,0,43.3916,-96.17417,Active,IA
66121,iowa_cafo_group_1172,3,43.24469,-95.8546,Active,IA
66122,iowa_cafo_group_2929,0,41.96107,-93.53732,Active,IA
66123,iowa_cafo_group_0355,1,42.51437,-95.17205,Active,IA
66124,iowa_cafo_group_1091,3,41.43152,-91.91335,Active,IA
66125,iowa_cafo_group_2930,3,42.3877,-90.66203,Active,IA
66126,iowa_cafo_group_2931,4,42.41059,-91.42031,Active,IA
66127,iowa_cafo_group_1500,3,41.92365,-95.20727,Active,IA
66128,iowa_cafo_group_2376,4,41.74149,-93.97561,Active,IA
66129,iowa_cafo_group_0006,0,43.14914,-96.31519,Active,IA
66130,iowa_cafo_group_2932,3,42.94691,-91.6123,Active,IA
66131,iowa_cafo_group_1979,1,40.84463,-93.75096,Active,IA
66132,iowa_cafo_group_0782,2,42.73707,-94.9475,Active,IA
66133,iowa_cafo_group_2933,3,43.19653,-91.39853,Active,IA
66134,iowa_cafo_group_2196,2,41.70292,-92.10811,Active,IA
66135,iowa_cafo_group_1091,3,41.41766,-91.92866,Active,IA
66136,iowa_cafo_group_0090,3,41.22165,-91.79616,Active,IA
66137,iowa_cafo_group_2211,4,41.34791,-91.54735,Active,IA
66138,iowa_cafo_group_0006,0,42.82245,-96.25985,Active,IA
66140,iowa_cafo_group_2161,2,42.06148,-94.45638,Active,IA
66141,iowa_cafo_group_1737,3,42.84703,-96.40828,Active,IA
66143,iowa_cafo_group_2934,2,41.80743,-93.38782,Active,IA
66144,iowa_cafo_group_2927,1,41.89859,-92.62911,Active,IA
66145,iowa_cafo_group_1098,3,41.58013,-91.77959,Active,IA
66146,iowa_cafo_group_2935,1,41.5111,-94.51906,Active,IA
66147,iowa_cafo_group_2936,1,41.57235,-95.05941,Active,IA
66148,iowa_cafo_group_1086,4,43.02752,-95.60561,Active,IA
66149,iowa_cafo_group_2937,4,41.1102,-93.43463,Active,IA
66151,iowa_cafo_group_2649,3,43.17668,-95.76386,Active,IA
66152,iowa_cafo_group_0443,3,43.223,-95.79628,Active,IA
66154,iowa_cafo_group_2938,2,40.99324,-95.6384,Active,IA
66155,iowa_cafo_group_2939,1,41.47508,-94.98288,Active,IA
66156,iowa_cafo_group_2940,1,40.98721,-91.54455,Active,IA
66158,iowa_cafo_group_0006,0,43.34707,-96.10109,Active,IA
66160,iowa_cafo_group_0918,1,42.89519,-95.60908,Active,IA
66161,iowa_cafo_group_2906,0,43.27087,-93.09065,Active,IA
66163,iowa_cafo_group_2941,4,42.81465,-96.1757,Active,IA
66164,iowa_cafo_group_0856,3,41.62183,-91.34838,Active,IA
66166,iowa_cafo_group_0006,0,43.20284,-96.43428,Active,IA
66167,iowa_cafo_group_0006,0,43.06967,-96.24879,Active,IA
66168,iowa_cafo_group_2942,1,42.25242,-94.99686,Active,IA
66169,iowa_cafo_group_0367,4,41.79019,-93.55822,Active,IA
66170,iowa_cafo_group_0127,2,41.37313,-91.86825,Active,IA
66171,iowa_cafo_group_1264,3,41.36423,-91.36957,Active,IA
66172,iowa_cafo_group_2943,2,43.05009,-93.51511,Active,IA
66173,iowa_cafo_group_1867,4,42.94885,-93.91362,Active,IA
66175,iowa_cafo_group_0061,1,42.81312,-95.71669,Active,IA
66176,iowa_cafo_group_2944,2,42.48546,-95.3329,Active,IA
66177,iowa_cafo_group_2359,4,42.98341,-92.61483,Active,IA
66179,iowa_cafo_group_2693,0,41.08713,-91.3449,Active,IA
66180,iowa_cafo_group_0090,3,41.20105,-91.72175,Active,IA
66181,iowa_cafo_group_2945,0,43.2,-93.63,Active,IA
66182,iowa_cafo_group_2946,3,41.55135,-91.59722,Active,IA
66183,iowa_cafo_group_0090,3,41.19787,-91.73242,Active,IA
66184,iowa_cafo_group_2947,3,40.74165,-92.34506,Active,IA
66185,iowa_cafo_group_2948,0,41.59629,-94.1591,Active,IA
66186,iowa_cafo_group_2949,4,43.15748,-93.64846,Active,IA
66187,iowa_cafo_group_2003,4,41.48743,-91.9242,Active,IA
66188,iowa_cafo_group_0006,0,43.30454,-96.27703,Active,IA
66189,iowa_cafo_group_2950,1,41.46747,-91.81319,Active,IA
66190,iowa_cafo_group_2951,4,43.35505,-92.10737,Active,IA
66191,iowa_cafo_group_0606,3,41.35101,-94.18349,Active,IA
66192,iowa_cafo_group_0006,0,43.40097,-96.11789,Active,IA
66193,iowa_cafo_group_0782,2,42.51933,-95.00344,Active,IA
66194,iowa_cafo_group_0006,0,43.29837,-96.26965,Active,IA
66195,iowa_cafo_group_0006,0,43.32395,-96.2354,Active,IA
66197,iowa_cafo_group_0006,0,43.33419,-96.28799,Active,IA
66198,iowa_cafo_group_0006,0,43.43577,-95.903,Active,IA
66199,iowa_cafo_group_1782,1,40.78119,-94.26945,Active,IA
66200,iowa_cafo_group_2952,3,42.90346,-94.2378,Active,IA
66201,iowa_cafo_group_2711,3,42.44023,-95.37942,Active,IA
66202,iowa_cafo_group_1388,3,43.24117,-91.2722,Active,IA
66203,iowa_cafo_group_1398,3,41.629,-93.23185,Active,IA
66204,iowa_cafo_group_0006,0,43.33038,-96.3261,Active,IA
66206,iowa_cafo_group_2953,1,41.54109,-92.69643,Active,IA
66207,iowa_cafo_group_0741,3,42.83286,-93.1242,Active,IA
66208,iowa_cafo_group_0036,3,42.48151,-95.09443,Active,IA
66209,iowa_cafo_group_0006,0,43.31617,-96.23213,Active,IA
66211,iowa_cafo_group_0755,4,42.55936,-93.44711,Active,IA
66212,iowa_cafo_group_0006,0,43.27266,-96.13709,Active,IA
66214,iowa_cafo_group_2954,2,43.4593,-96.55435,Active,IA
66215,iowa_cafo_group_2955,0,41.96194,-92.55363,Active,IA
66216,iowa_cafo_group_0006,0,43.47231,-96.50469,Active,IA
66219,iowa_cafo_group_0006,0,43.25816,-96.15949,Active,IA
66220,iowa_cafo_group_0006,0,43.29501,-96.16091,Active,IA
66221,iowa_cafo_group_0006,0,43.30112,-96.4794,Active,IA
66222,iowa_cafo_group_0006,0,43.15617,-96.20079,Active,IA
66223,iowa_cafo_group_2956,3,41.16789,-91.1958,Active,IA
66224,iowa_cafo_group_2957,1,41.40102,-93.18569,Active,IA
66225,iowa_cafo_group_1533,4,41.6416,-91.28483,Active,IA
66226,iowa_cafo_group_0006,0,43.27084,-96.10598,Active,IA
66227,iowa_cafo_group_2958,3,40.61639,-92.27608,Active,IA
66229,iowa_cafo_group_0006,0,43.34573,-96.46026,Active,IA
66230,iowa_cafo_group_0127,2,41.34431,-91.92544,Active,IA
66231,iowa_cafo_group_2959,2,42.11652,-91.93085,Active,IA
66232,iowa_cafo_group_0006,0,43.42727,-96.38692,Active,IA
66233,iowa_cafo_group_1841,4,43.33105,-95.9439,Active,IA
66234,iowa_cafo_group_0006,0,43.32851,-96.12028,Active,IA
66235,iowa_cafo_group_0006,0,43.32911,-96.18472,Active,IA
66236,iowa_cafo_group_0006,0,43.30775,-95.86243,Active,IA
66237,iowa_cafo_group_0006,0,43.34673,-96.15498,Active,IA
66239,iowa_cafo_group_0006,0,43.31702,-96.34932,Active,IA
66240,iowa_cafo_group_0006,0,43.47279,-96.33558,Active,IA
66241,iowa_cafo_group_1106,3,43.17936,-94.55934,Active,IA
66242,iowa_cafo_group_2960,4,41.56385,-92.96259,Active,IA
66243,iowa_cafo_group_2961,4,42.21172,-90.90783,Active,IA
66244,iowa_cafo_group_1336,2,41.02349,-94.01872,Active,IA
66245,iowa_cafo_group_2962,4,43.49577,-94.70143,Active,IA
66246,iowa_cafo_group_2963,3,40.61545,-93.58296,Active,IA
66247,iowa_cafo_group_2951,4,43.35885,-92.09264,Active,IA
66249,iowa_cafo_group_2964,4,41.79282,-93.83284,Active,IA
66250,iowa_cafo_group_2965,2,41.5248,-90.81022,Active,IA
66254,iowa_cafo_group_2887,0,41.51266,-94.22622,Active,IA
66255,iowa_cafo_group_0006,0,43.04013,-96.12338,Active,IA
66257,iowa_cafo_group_2966,3,43.29721,-94.12872,Active,IA
66259,iowa_cafo_group_0333,1,42.62038,-95.76989,Active,IA
66260,iowa_cafo_group_2967,4,41.0177,-93.23224,Active,IA
66262,iowa_cafo_group_2968,4,41.3736,-93.17089,Active,IA
66263,iowa_cafo_group_2969,2,41.91567,-90.31065,Active,IA
66264,iowa_cafo_group_0006,0,43.42953,-96.52683,Active,IA
66268,iowa_cafo_group_2970,1,40.78739,-95.45886,Active,IA
66270,iowa_cafo_group_0197,4,41.42275,-93.67664,Active,IA
66271,iowa_cafo_group_1759,3,42.67336,-94.80483,Active,IA
66272,iowa_cafo_group_2211,4,41.36956,-91.55808,Active,IA
66273,iowa_cafo_group_0346,2,41.23107,-94.68335,Active,IA
66276,iowa_cafo_group_0484,4,41.88621,-95.14813,Active,IA
66278,iowa_cafo_group_2971,0,40.77061,-95.48995,Active,IA
66279,iowa_cafo_group_2972,3,42.04316,-90.94502,Active,IA
66280,iowa_cafo_group_0136,2,42.3024,-91.13825,Active,IA
66281,iowa_cafo_group_2973,4,42.99529,-92.80145,Active,IA
66282,iowa_cafo_group_0006,0,43.225,-96.33901,Active,IA
66283,iowa_cafo_group_0006,0,43.12785,-96.25652,Active,IA
66286,iowa_cafo_group_2638,2,42.58764,-94.78241,Active,IA
66287,iowa_cafo_group_0079,4,41.18911,-94.98277,Active,IA
66288,iowa_cafo_group_0079,4,41.18685,-95.00256,Active,IA
66289,iowa_cafo_group_2299,4,41.3666,-92.59815,Active,IA
66290,iowa_cafo_group_2727,2,41.68598,-90.51089,Active,IA
66291,iowa_cafo_group_0209,1,42.44531,-94.8941,Active,IA
66293,iowa_cafo_group_0449,4,43.24208,-94.85924,Active,IA
66294,iowa_cafo_group_0393,2,41.49752,-91.74769,Active,IA
66295,iowa_cafo_group_2974,2,42.58979,-95.53944,Active,IA
66296,iowa_cafo_group_2946,3,41.53093,-91.59862,Active,IA
66297,iowa_cafo_group_0597,1,43.29722,-92.68022,Active,IA
66298,iowa_cafo_group_2975,1,41.4934,-90.81222,Active,IA
66299,iowa_cafo_group_0006,0,43.30039,-96.06945,Active,IA
66300,iowa_cafo_group_0006,0,43.45652,-96.50799,Active,IA
66301,iowa_cafo_group_0006,0,43.4198,-96.51295,Active,IA
66302,iowa_cafo_group_1962,4,40.61933,-94.15312,Active,IA
66303,iowa_cafo_group_0006,0,42.9516,-96.20839,Active,IA
66304,iowa_cafo_group_1543,3,41.5435,-91.66215,Active,IA
66305,iowa_cafo_group_2976,1,41.69695,-94.25201,Active,IA
66306,iowa_cafo_group_2977,1,41.5672,-94.23118,Active,IA
66308,iowa_cafo_group_0561,1,43.08479,-95.55151,Active,IA
66309,iowa_cafo_group_2978,3,42.33072,-90.85176,Active,IA
66310,iowa_cafo_group_0227,4,41.3469,-91.67874,Active,IA
66311,iowa_cafo_group_0006,0,43.14184,-96.35141,Active,IA
66312,iowa_cafo_group_2979,3,41.1045,-91.97246,Active,IA
66315,iowa_cafo_group_1793,2,41.03103,-95.47076,Active,IA
66316,iowa_cafo_group_0866,1,41.14488,-91.68271,Active,IA
66317,iowa_cafo_group_2980,3,40.91035,-91.27994,Active,IA
66318,iowa_cafo_group_0006,0,42.82798,-96.28056,Active,IA
66320,iowa_cafo_group_2981,3,42.04668,-94.93681,Active,IA
66321,iowa_cafo_group_0080,2,42.01765,-94.95987,Active,IA
66322,iowa_cafo_group_1025,4,43.05299,-91.66567,Active,IA
66323,iowa_cafo_group_0061,1,42.76038,-95.70219,Active,IA
66324,iowa_cafo_group_2982,1,41.08459,-92.0924,Active,IA
66325,iowa_cafo_group_0782,2,42.6504,-94.99524,Active,IA
66326,iowa_cafo_group_1077,2,42.89274,-96.02279,Active,IA
66327,iowa_cafo_group_0962,3,41.76633,-90.37121,Active,IA
66328,iowa_cafo_group_1533,4,41.64374,-91.30461,Active,IA
66329,iowa_cafo_group_2983,2,43.31186,-93.08538,Active,IA
66330,iowa_cafo_group_2984,4,41.13184,-95.7892,Active,IA
66331,iowa_cafo_group_2985,2,41.71368,-95.8807,Active,IA
66333,iowa_cafo_group_2647,1,42.71214,-96.36984,Active,IA
66334,iowa_cafo_group_1669,2,41.47809,-93.43969,Active,IA
66335,iowa_cafo_group_2762,3,43.11446,-91.92811,Active,IA
66336,iowa_cafo_group_0006,0,43.24363,-96.06118,Active,IA
66337,iowa_cafo_group_2986,4,43.24227,-91.66162,Active,IA
66338,iowa_cafo_group_2987,2,41.11328,-92.35895,Active,IA
66339,iowa_cafo_group_2988,0,41.74875,-95.08866,Active,IA
66340,iowa_cafo_group_2989,0,41.02809,-94.51415,Active,IA
66342,iowa_cafo_group_2957,1,41.39337,-93.20267,Active,IA
66343,iowa_cafo_group_0227,4,41.17284,-91.59942,Active,IA
66346,iowa_cafo_group_2990,1,40.9295,-95.24612,Active,IA
66347,iowa_cafo_group_0957,2,42.82902,-95.09487,Active,IA
66348,iowa_cafo_group_0006,0,43.20112,-96.17195,Active,IA
66349,iowa_cafo_group_0006,0,43.37706,-96.44769,Active,IA
66350,iowa_cafo_group_2991,1,40.90407,-91.45762,Active,IA
66352,iowa_cafo_group_2992,2,42.66149,-95.17965,Active,IA
66353,iowa_cafo_group_2015,0,42.72483,-95.14938,Active,IA
66354,iowa_cafo_group_2348,3,42.81625,-95.21563,Active,IA
66355,iowa_cafo_group_2993,2,41.62191,-95.38458,Active,IA
66356,iowa_cafo_group_2197,1,42.17078,-92.3197,Active,IA
66357,iowa_cafo_group_0006,0,43.03245,-96.09597,Active,IA
66358,iowa_cafo_group_0015,4,42.21335,-94.91853,Active,IA
66359,iowa_cafo_group_2316,3,43.22758,-91.57086,Active,IA
66360,iowa_cafo_group_0006,0,43.11412,-96.02873,Active,IA
66361,iowa_cafo_group_0015,4,42.29101,-94.87819,Active,IA
66363,iowa_cafo_group_0015,4,42.28978,-94.9347,Active,IA
66364,iowa_cafo_group_2994,4,42.51604,-94.48251,Active,IA
66366,iowa_cafo_group_1754,4,43.47363,-92.7359,Active,IA
66368,iowa_cafo_group_2951,4,43.34575,-92.1031,Active,IA
66369,iowa_cafo_group_0957,2,42.84184,-95.08128,Active,IA
66370,iowa_cafo_group_0112,1,42.79094,-95.08797,Active,IA
66371,iowa_cafo_group_2995,3,42.27255,-95.04339,Active,IA
66372,iowa_cafo_group_0006,0,43.22782,-96.12405,Active,IA
66373,iowa_cafo_group_0883,1,42.37244,-94.98235,Active,IA
66374,iowa_cafo_group_0429,1,42.31308,-95.05315,Active,IA
66375,iowa_cafo_group_0782,2,42.54427,-95.01135,Active,IA
66376,iowa_cafo_group_2996,4,43.24216,-95.28321,Active,IA
66377,iowa_cafo_group_2997,2,43.09719,-93.6961,Active,IA
66381,iowa_cafo_group_2998,0,42.23651,-94.24096,Active,IA
66383,iowa_cafo_group_1249,2,42.38983,-91.40727,Active,IA
66384,iowa_cafo_group_0006,0,43.18423,-96.3133,Active,IA
66385,iowa_cafo_group_0006,0,43.41946,-96.43038,Active,IA
66386,iowa_cafo_group_0006,0,43.10711,-96.29622,Active,IA
66387,iowa_cafo_group_0006,0,43.30137,-96.33474,Active,IA
66388,iowa_cafo_group_2999,0,42.66686,-91.5599,Active,IA
66389,iowa_cafo_group_3000,0,42.35699,-91.07911,Active,IA
66391,iowa_cafo_group_2085,3,41.69252,-90.86068,Active,IA
66392,iowa_cafo_group_0386,1,40.65165,-94.04295,Active,IA
66393,iowa_cafo_group_0866,1,41.13516,-91.67057,Active,IA
66394,iowa_cafo_group_0006,0,43.15782,-96.04025,Active,IA
66395,iowa_cafo_group_0061,1,42.76532,-95.8877,Active,IA
66396,iowa_cafo_group_0006,0,43.44757,-96.49763,Active,IA
66397,iowa_cafo_group_3001,3,41.7726,-95.74154,Active,IA
66398,iowa_cafo_group_0460,4,42.43404,-91.24621,Active,IA
66399,iowa_cafo_group_0006,0,43.16142,-96.09919,Active,IA
66400,iowa_cafo_group_0227,4,41.35134,-91.66176,Active,IA
66401,iowa_cafo_group_1570,2,40.67881,-94.28229,Active,IA
66402,iowa_cafo_group_3002,4,41.69518,-91.76016,Active,IA
66403,iowa_cafo_group_0006,0,43.11113,-96.06335,Active,IA
66404,iowa_cafo_group_0166,1,43.31055,-95.16911,Active,IA
66405,iowa_cafo_group_3003,0,42.30409,-91.21876,Active,IA
66406,iowa_cafo_group_0006,0,42.97901,-96.07906,Active,IA
66407,iowa_cafo_group_2847,4,40.90489,-92.64794,Active,IA
66409,iowa_cafo_group_0006,0,42.94932,-96.25831,Active,IA
66410,iowa_cafo_group_0686,2,42.41328,-92.38686,Active,IA
66412,iowa_cafo_group_3004,4,42.67373,-95.64428,Active,IA
66413,iowa_cafo_group_3005,4,40.82806,-94.5599,Active,IA
66414,iowa_cafo_group_3005,4,40.8118,-94.54563,Active,IA
66415,iowa_cafo_group_3005,4,40.82032,-94.54887,Active,IA
66416,iowa_cafo_group_3006,0,41.59256,-93.55205,Active,IA
66418,iowa_cafo_group_2870,1,42.95138,-93.5251,Active,IA
66419,iowa_cafo_group_0006,0,43.10737,-96.07779,Active,IA
66421,iowa_cafo_group_3007,4,42.20859,-90.52187,Active,IA
66422,iowa_cafo_group_3008,0,41.8503,-90.2666,Active,IA
66423,iowa_cafo_group_2886,2,42.66599,-91.68481,Active,IA
66424,iowa_cafo_group_0006,0,43.41899,-96.49823,Active,IA
66425,iowa_cafo_group_0006,0,43.02716,-96.07111,Active,IA
66426,iowa_cafo_group_2085,3,41.696,-90.85677,Active,IA
66427,iowa_cafo_group_3009,1,42.06434,-93.23456,Active,IA
66429,iowa_cafo_group_3010,0,40.66714,-94.77032,Active,IA
66431,iowa_cafo_group_0006,0,43.03986,-96.27703,Active,IA
66432,iowa_cafo_group_0134,4,42.41457,-95.59284,Active,IA
66433,iowa_cafo_group_3011,2,42.01073,-91.0494,Active,IA
66434,iowa_cafo_group_0944,2,42.34023,-94.78056,Active,IA
66436,iowa_cafo_group_0420,4,42.99839,-92.2166,Active,IA
66437,iowa_cafo_group_2330,4,42.94366,-92.29705,Active,IA
66438,iowa_cafo_group_0618,1,43.29212,-92.4177,Active,IA
66439,iowa_cafo_group_3012,3,40.79913,-94.69836,Active,IA
66440,iowa_cafo_group_3005,4,40.79935,-94.53913,Active,IA
66442,iowa_cafo_group_3013,1,41.64676,-92.22088,Active,IA
66443,iowa_cafo_group_3014,1,40.90825,-91.518,Active,IA
66446,iowa_cafo_group_0006,0,43.43242,-96.48796,Active,IA
66447,iowa_cafo_group_0006,0,43.34699,-96.40325,Active,IA
66448,iowa_cafo_group_0006,0,43.38447,-96.35124,Active,IA
66449,iowa_cafo_group_0006,0,43.37605,-96.39882,Active,IA
66450,iowa_cafo_group_0006,0,43.37551,-96.35026,Active,IA
66451,iowa_cafo_group_1086,4,43.03337,-95.60424,Active,IA
66452,iowa_cafo_group_0006,0,43.37515,-96.36809,Active,IA
66453,iowa_cafo_group_0443,3,43.33273,-95.68922,Active,IA
66454,iowa_cafo_group_0006,0,43.34812,-96.41625,Active,IA
66455,iowa_cafo_group_3015,2,42.103,-92.41765,Active,IA
66456,iowa_cafo_group_3016,2,43.36234,-96.49351,Active,IA
66457,iowa_cafo_group_0006,0,43.34672,-96.39439,Active,IA
66458,iowa_cafo_group_0006,0,43.41083,-96.52963,Active,IA
66459,iowa_cafo_group_0006,0,43.39125,-96.47137,Active,IA
66460,iowa_cafo_group_0006,0,43.39721,-96.50413,Active,IA
66461,iowa_cafo_group_3016,2,43.36337,-96.48692,Active,IA
66462,iowa_cafo_group_0006,0,43.34966,-96.46497,Active,IA
66463,iowa_cafo_group_3017,1,43.08182,-93.85558,Active,IA
66466,iowa_cafo_group_1801,4,43.32262,-96.50767,Active,IA
66467,iowa_cafo_group_0006,0,43.29139,-96.47103,Active,IA
66468,iowa_cafo_group_3018,1,43.28507,-96.57093,Active,IA
66469,iowa_cafo_group_0006,0,43.3479,-96.4272,Active,IA
66470,iowa_cafo_group_0006,0,43.37542,-96.38733,Active,IA
66471,iowa_cafo_group_3016,2,43.37463,-96.49553,Active,IA
66472,iowa_cafo_group_0006,0,43.3632,-96.39023,Active,IA
66473,iowa_cafo_group_3016,2,43.37604,-96.49918,Active,IA
66475,iowa_cafo_group_1801,4,43.33298,-96.49485,Active,IA
66476,iowa_cafo_group_0006,0,43.46296,-96.46587,Active,IA
66477,iowa_cafo_group_0006,0,43.2937,-96.46643,Active,IA
66478,iowa_cafo_group_0006,0,43.43508,-96.27728,Active,IA
66479,iowa_cafo_group_0006,0,43.47057,-96.32499,Active,IA
66480,iowa_cafo_group_0006,0,43.45551,-96.31445,Active,IA
66481,iowa_cafo_group_0006,0,43.4342,-96.26486,Active,IA
66482,iowa_cafo_group_0006,0,43.47799,-96.21481,Active,IA
66483,iowa_cafo_group_0006,0,43.4608,-96.27802,Active,IA
66484,iowa_cafo_group_0006,0,43.4485,-96.22145,Active,IA
66486,iowa_cafo_group_0006,0,43.46999,-96.42742,Active,IA
66487,iowa_cafo_group_0006,0,43.44808,-96.34411,Active,IA
66488,iowa_cafo_group_0006,0,43.45681,-96.3881,Active,IA
66489,iowa_cafo_group_0006,0,43.3682,-96.42954,Active,IA
66490,iowa_cafo_group_0006,0,43.43106,-96.39111,Active,IA
66491,iowa_cafo_group_0006,0,43.42283,-96.38751,Active,IA
66492,iowa_cafo_group_0006,0,43.43227,-96.41063,Active,IA
66493,iowa_cafo_group_0006,0,43.39096,-96.42632,Active,IA
66494,iowa_cafo_group_0006,0,43.40027,-96.41064,Active,IA
66495,iowa_cafo_group_0006,0,43.42334,-96.4274,Active,IA
66496,iowa_cafo_group_0006,0,43.37474,-96.3716,Active,IA
66497,iowa_cafo_group_0006,0,43.39018,-96.40589,Active,IA
66498,iowa_cafo_group_0006,0,43.42828,-96.34119,Active,IA
66499,iowa_cafo_group_0006,0,43.4795,-96.39262,Active,IA
66500,iowa_cafo_group_3019,3,43.49668,-91.48602,Active,IA
66501,iowa_cafo_group_0006,0,43.46779,-96.36858,Active,IA
66502,iowa_cafo_group_0006,0,43.4917,-96.39698,Active,IA
66503,iowa_cafo_group_0006,0,43.49135,-96.41493,Active,IA
66504,iowa_cafo_group_0006,0,43.40559,-96.35047,Active,IA
66505,iowa_cafo_group_0006,0,43.38984,-96.33892,Active,IA
66506,iowa_cafo_group_0006,0,43.37905,-96.4447,Active,IA
66507,iowa_cafo_group_0006,0,43.41944,-96.3578,Active,IA
66508,iowa_cafo_group_0006,0,43.41013,-96.38783,Active,IA
66510,iowa_cafo_group_0006,0,43.41476,-96.3475,Active,IA
66511,iowa_cafo_group_0006,0,43.47172,-96.46876,Active,IA
66513,iowa_cafo_group_0389,3,43.28965,-96.52583,Active,IA
66514,iowa_cafo_group_0006,0,43.46733,-96.52516,Active,IA
66515,iowa_cafo_group_0006,0,43.47459,-96.52479,Active,IA
66516,iowa_cafo_group_0006,0,43.16572,-96.32933,Active,IA
66517,iowa_cafo_group_0006,0,43.14558,-96.34034,Active,IA
66518,iowa_cafo_group_0006,0,43.08647,-96.42904,Active,IA
66519,iowa_cafo_group_0006,0,43.15608,-96.35748,Active,IA
66520,iowa_cafo_group_0006,0,43.10016,-96.41948,Active,IA
66522,iowa_cafo_group_1442,2,43.16039,-92.57506,Active,IA
66524,iowa_cafo_group_0006,0,43.1221,-96.39253,Active,IA
66525,iowa_cafo_group_0006,0,43.17044,-96.32993,Active,IA
66526,iowa_cafo_group_0185,2,43.2317,-96.50048,Active,IA
66527,iowa_cafo_group_0006,0,43.16346,-96.33485,Active,IA
66528,iowa_cafo_group_0006,0,43.25877,-96.46017,Active,IA
66529,iowa_cafo_group_0185,2,43.24073,-96.51552,Active,IA
66530,iowa_cafo_group_0006,0,43.15736,-96.43363,Active,IA
66531,iowa_cafo_group_0006,0,43.23938,-96.47019,Active,IA
66532,iowa_cafo_group_0006,0,43.21277,-96.46724,Active,IA
66533,iowa_cafo_group_0185,2,43.24149,-96.50538,Active,IA
66534,iowa_cafo_group_0006,0,43.43397,-96.23006,Active,IA
66535,iowa_cafo_group_0006,0,43.17057,-96.39547,Active,IA
66536,iowa_cafo_group_0006,0,43.24352,-96.47849,Active,IA
66537,iowa_cafo_group_0015,4,42.26609,-94.92047,Active,IA
66538,iowa_cafo_group_0006,0,43.23473,-96.45715,Active,IA
66539,iowa_cafo_group_0006,0,43.25712,-96.47148,Active,IA
66540,iowa_cafo_group_0006,0,43.25747,-96.47138,Active,IA
66542,iowa_cafo_group_0006,0,43.4716,-96.28532,Active,IA
66543,iowa_cafo_group_1843,3,42.13195,-90.30844,Active,IA
66544,iowa_cafo_group_0023,4,42.15907,-94.83884,Active,IA
66545,iowa_cafo_group_1442,2,43.20629,-92.57361,Active,IA
66546,iowa_cafo_group_0080,2,41.94011,-94.97854,Active,IA
66547,iowa_cafo_group_3020,3,41.84801,-95.60773,Active,IA
66548,iowa_cafo_group_3021,4,40.93354,-94.58493,Active,IA
66549,iowa_cafo_group_1975,2,41.78331,-94.81967,Active,IA
66550,iowa_cafo_group_3022,1,43.12052,-91.76624,Active,IA
66551,iowa_cafo_group_2393,1,43.0974,-91.8176,Active,IA
66552,iowa_cafo_group_3023,2,42.53713,-91.09642,Active,IA
66553,iowa_cafo_group_3024,3,40.87124,-93.55325,Active,IA
66554,iowa_cafo_group_0892,3,42.70737,-95.90133,Active,IA
66555,iowa_cafo_group_3025,0,41.80927,-95.0548,Active,IA
66558,iowa_cafo_group_1883,2,40.94143,-92.00169,Active,IA
66559,iowa_cafo_group_0006,0,43.20119,-96.12496,Active,IA
66560,iowa_cafo_group_3026,0,42.31245,-94.37991,Active,IA
66563,iowa_cafo_group_0061,1,42.83591,-95.75879,Active,IA
66564,iowa_cafo_group_3027,1,41.25824,-95.05587,Active,IA
66565,iowa_cafo_group_3028,1,41.79898,-95.25181,Active,IA
66566,iowa_cafo_group_0782,2,42.56447,-94.99141,Active,IA
66567,iowa_cafo_group_2483,0,42.27617,-94.99865,Active,IA
66569,iowa_cafo_group_0006,0,43.24377,-96.1307,Active,IA
66570,iowa_cafo_group_0006,0,43.2517,-96.1366,Active,IA
66572,iowa_cafo_group_0721,2,43.21842,-92.25843,Active,IA
66573,iowa_cafo_group_0721,2,43.19804,-92.23514,Active,IA
66574,iowa_cafo_group_0027,1,41.85828,-94.83925,Active,IA
66576,iowa_cafo_group_0006,0,43.10038,-95.9842,Active,IA
66577,iowa_cafo_group_0006,0,43.17561,-96.15541,Active,IA
66578,iowa_cafo_group_0006,0,43.26623,-96.39364,Active,IA
66579,iowa_cafo_group_3029,1,42.62283,-95.64065,Active,IA
66580,iowa_cafo_group_0483,4,43.06856,-95.69265,Active,IA
66581,iowa_cafo_group_0006,0,43.30579,-96.39149,Active,IA
66582,iowa_cafo_group_0227,4,41.14134,-91.59068,Active,IA
66584,iowa_cafo_group_0006,0,43.37476,-95.94845,Active,IA
66585,iowa_cafo_group_0006,0,43.2718,-96.40828,Active,IA
66586,iowa_cafo_group_0006,0,43.31216,-96.33335,Active,IA
66587,iowa_cafo_group_0006,0,43.38613,-96.31253,Active,IA
66588,iowa_cafo_group_0006,0,43.33028,-96.23839,Active,IA
66589,iowa_cafo_group_0919,3,43.20231,-91.61804,Active,IA
66590,iowa_cafo_group_0006,0,43.32224,-96.33183,Active,IA
66591,iowa_cafo_group_0006,0,43.31866,-96.38873,Active,IA
66592,iowa_cafo_group_0561,1,43.11979,-95.58448,Active,IA
66593,iowa_cafo_group_0006,0,43.31673,-96.28744,Active,IA
66594,iowa_cafo_group_0006,0,43.3194,-96.31659,Active,IA
66595,iowa_cafo_group_0006,0,43.27256,-96.29823,Active,IA
66596,iowa_cafo_group_0525,1,43.18515,-92.32315,Active,IA
66597,iowa_cafo_group_0011,3,42.66572,-96.1341,Active,IA
66598,iowa_cafo_group_0006,0,43.30231,-96.32695,Active,IA
66599,iowa_cafo_group_0006,0,43.34085,-96.21572,Active,IA
66600,iowa_cafo_group_1329,3,42.34032,-94.43242,Active,IA
66603,iowa_cafo_group_0006,0,43.18653,-96.17863,Active,IA
66604,iowa_cafo_group_0006,0,43.21372,-96.18982,Active,IA
66605,iowa_cafo_group_0006,0,43.24796,-96.10053,Active,IA
66606,iowa_cafo_group_0006,0,43.25609,-96.16886,Active,IA
66607,iowa_cafo_group_0006,0,43.23682,-96.15713,Active,IA
66608,iowa_cafo_group_0006,0,43.04187,-96.25597,Active,IA
66609,iowa_cafo_group_0006,0,43.21565,-96.16043,Active,IA
66610,iowa_cafo_group_2257,4,41.35246,-91.9903,Active,IA
66611,iowa_cafo_group_0006,0,43.22232,-96.1567,Active,IA
66612,iowa_cafo_group_0006,0,43.23273,-96.15903,Active,IA
66613,iowa_cafo_group_0006,0,43.27171,-96.42737,Active,IA
66614,iowa_cafo_group_0006,0,43.30611,-96.35154,Active,IA
66615,iowa_cafo_group_2122,4,41.39906,-91.59843,Active,IA
66616,iowa_cafo_group_0006,0,43.47553,-95.95086,Active,IA
66617,iowa_cafo_group_0006,0,43.49432,-96.44765,Active,IA
66618,iowa_cafo_group_0006,0,43.45527,-96.45642,Active,IA
66619,iowa_cafo_group_0006,0,43.09884,-96.40249,Active,IA
66620,iowa_cafo_group_0229,3,42.4303,-95.05882,Active,IA
66621,iowa_cafo_group_3030,0,43.41678,-94.55369,Active,IA
66622,iowa_cafo_group_0006,0,43.15067,-96.23145,Active,IA
66623,iowa_cafo_group_0006,0,42.91809,-96.19579,Active,IA
66624,iowa_cafo_group_0006,0,43.26868,-96.44718,Active,IA
66625,iowa_cafo_group_0006,0,43.20108,-96.19506,Active,IA
66626,iowa_cafo_group_0989,1,43.21306,-95.44979,Active,IA
66627,iowa_cafo_group_0227,4,41.39592,-91.70868,Active,IA
66628,iowa_cafo_group_0006,0,43.27397,-96.44448,Active,IA
66629,iowa_cafo_group_0006,0,43.27051,-96.23495,Active,IA
66630,iowa_cafo_group_0006,0,43.27037,-96.23216,Active,IA
66631,iowa_cafo_group_3031,0,42.89979,-94.03031,Active,IA
66632,iowa_cafo_group_3032,3,40.73539,-95.02341,Active,IA
66633,iowa_cafo_group_0006,0,43.3159,-96.39795,Active,IA
66634,iowa_cafo_group_3033,4,43.042,-91.48498,Active,IA
66635,iowa_cafo_group_0006,0,42.94076,-96.1719,Active,IA
66636,iowa_cafo_group_0006,0,42.98316,-96.24259,Active,IA
66637,iowa_cafo_group_0006,0,43.27847,-96.31642,Active,IA
66638,iowa_cafo_group_0006,0,43.18446,-96.06108,Active,IA
66639,iowa_cafo_group_0006,0,42.98327,-95.96277,Active,IA
66641,iowa_cafo_group_0006,0,43.32161,-96.2959,Active,IA
66642,iowa_cafo_group_0006,0,43.31068,-96.31215,Active,IA
66643,iowa_cafo_group_0006,0,43.28996,-96.23352,Active,IA
66644,iowa_cafo_group_0006,0,43.12686,-96.39442,Active,IA
66645,iowa_cafo_group_0006,0,43.0974,-96.34205,Active,IA
66646,iowa_cafo_group_0006,0,43.30945,-96.29355,Active,IA
66648,iowa_cafo_group_0006,0,43.09942,-96.38633,Active,IA
66649,iowa_cafo_group_0006,0,43.11616,-96.35304,Active,IA
66650,iowa_cafo_group_0006,0,43.37546,-96.30201,Active,IA
66652,iowa_cafo_group_0006,0,43.10584,-96.39368,Active,IA
66653,iowa_cafo_group_0006,0,43.32278,-96.25582,Active,IA
66654,iowa_cafo_group_0536,2,42.6001,-91.69509,Active,IA
66655,iowa_cafo_group_0006,0,43.12447,-96.40715,Active,IA
66656,iowa_cafo_group_0006,0,43.14926,-96.45287,Active,IA
66657,iowa_cafo_group_0006,0,43.17501,-96.46372,Active,IA
66658,iowa_cafo_group_0006,0,43.36932,-96.27134,Active,IA
66659,iowa_cafo_group_2263,4,41.52046,-91.10385,Active,IA
66660,iowa_cafo_group_0006,0,43.36996,-96.27556,Active,IA
66661,iowa_cafo_group_0006,0,43.34946,-96.29459,Active,IA
66662,iowa_cafo_group_0006,0,43.36108,-96.21508,Active,IA
66663,iowa_cafo_group_0006,0,43.15738,-96.34907,Active,IA
66664,iowa_cafo_group_0006,0,43.47952,-96.35264,Active,IA
66665,iowa_cafo_group_0006,0,43.44329,-96.38783,Active,IA
66666,iowa_cafo_group_3034,4,40.83732,-95.21147,Active,IA
66667,iowa_cafo_group_0006,0,42.93921,-96.16949,Active,IA
66668,iowa_cafo_group_3035,1,41.31457,-94.87392,Active,IA
66669,iowa_cafo_group_0006,0,42.93636,-96.15742,Active,IA
66670,iowa_cafo_group_3036,4,43.4505,-96.59452,Active,IA
66671,iowa_cafo_group_0848,3,41.7759,-93.06717,Active,IA
66672,iowa_cafo_group_0006,0,43.33067,-96.4006,Active,IA
66673,iowa_cafo_group_1500,3,41.94711,-95.20699,Active,IA
66674,iowa_cafo_group_1219,3,41.17634,-91.36667,Active,IA
66675,iowa_cafo_group_2965,2,41.53075,-90.82457,Active,IA
66676,iowa_cafo_group_3037,3,41.28527,-94.22176,Active,IA
66677,iowa_cafo_group_0006,0,43.11595,-96.11475,Active,IA
66678,iowa_cafo_group_0006,0,43.38613,-96.32814,Active,IA
66679,iowa_cafo_group_0006,0,43.41282,-96.23544,Active,IA
66680,iowa_cafo_group_0006,0,43.08512,-96.11798,Active,IA
66681,iowa_cafo_group_0006,0,43.0952,-96.10005,Active,IA
66682,iowa_cafo_group_0006,0,43.39216,-96.22466,Active,IA
66684,iowa_cafo_group_0006,0,43.09842,-96.11251,Active,IA
66685,iowa_cafo_group_0006,0,43.34707,-96.29047,Active,IA
66686,iowa_cafo_group_0006,0,43.35985,-96.29,Active,IA
66687,iowa_cafo_group_0006,0,43.28619,-96.40243,Active,IA
66688,iowa_cafo_group_2832,2,42.25944,-91.32675,Active,IA
66689,iowa_cafo_group_0006,0,43.2878,-96.3987,Active,IA
66690,iowa_cafo_group_0006,0,43.08493,-96.10251,Active,IA
66691,iowa_cafo_group_0006,0,43.33229,-96.46471,Active,IA
66692,iowa_cafo_group_0006,0,43.27466,-96.47684,Active,IA
66693,iowa_cafo_group_0006,0,43.30103,-96.44462,Active,IA
66694,iowa_cafo_group_0006,0,43.33046,-96.47018,Active,IA
66695,iowa_cafo_group_0006,0,43.12857,-96.11168,Active,IA
66696,iowa_cafo_group_0006,0,43.14728,-96.13961,Active,IA
66697,iowa_cafo_group_0006,0,43.15364,-96.10129,Active,IA
66698,iowa_cafo_group_0006,0,43.1577,-96.11612,Active,IA
66699,iowa_cafo_group_0006,0,43.41936,-96.21747,Active,IA
66700,iowa_cafo_group_0545,4,42.22566,-93.19736,Active,IA
66701,iowa_cafo_group_0737,3,42.65963,-93.36341,Active,IA
66702,iowa_cafo_group_0227,4,41.36699,-91.69226,Active,IA
66703,iowa_cafo_group_0006,0,43.36015,-96.2244,Active,IA
66704,iowa_cafo_group_0006,0,43.37575,-96.24875,Active,IA
66705,iowa_cafo_group_0006,0,43.39328,-96.25222,Active,IA
66706,iowa_cafo_group_0006,0,43.35747,-96.2523,Active,IA
66707,iowa_cafo_group_0006,0,43.11004,-96.16757,Active,IA
66708,iowa_cafo_group_0006,0,43.12438,-96.17139,Active,IA
66709,iowa_cafo_group_0006,0,43.12855,-96.17314,Active,IA
66710,iowa_cafo_group_0006,0,43.13212,-96.17785,Active,IA
66711,iowa_cafo_group_3038,2,41.48701,-93.14799,Active,IA
66712,iowa_cafo_group_0006,0,43.40539,-96.25285,Active,IA
66713,iowa_cafo_group_0006,0,43.35919,-96.26059,Active,IA
66714,iowa_cafo_group_0006,0,43.23633,-96.21859,Active,IA
66715,iowa_cafo_group_3039,3,42.25393,-94.76523,Active,IA
66716,iowa_cafo_group_2160,3,43.2163,-91.69149,Active,IA
66717,iowa_cafo_group_3040,4,42.72106,-96.47404,Active,IA
66718,iowa_cafo_group_3041,3,42.3056,-94.67695,Active,IA
66719,iowa_cafo_group_3042,3,40.59937,-95.60722,Active,IA
66720,iowa_cafo_group_3043,0,41.93638,-95.44993,Active,IA
66721,iowa_cafo_group_0006,0,43.33113,-96.34256,Active,IA
66722,iowa_cafo_group_0006,0,43.28891,-96.35133,Active,IA
66723,iowa_cafo_group_0216,3,42.73709,-95.79926,Active,IA
66724,iowa_cafo_group_0006,0,43.26204,-96.43134,Active,IA
66725,iowa_cafo_group_0006,0,43.43722,-96.3368,Active,IA
66726,iowa_cafo_group_0006,0,43.39044,-96.31732,Active,IA
66727,iowa_cafo_group_3044,1,41.25749,-94.39964,Active,IA
66728,iowa_cafo_group_0755,4,42.55146,-93.46297,Active,IA
66729,iowa_cafo_group_0006,0,43.28755,-96.36025,Active,IA
66730,iowa_cafo_group_3045,4,42.12261,-93.77753,Active,IA
66731,iowa_cafo_group_2830,2,42.43,-90.89,Active,IA
66732,iowa_cafo_group_0006,0,43.18896,-96.29566,Active,IA
66733,iowa_cafo_group_3046,1,41.93155,-90.35808,Active,IA
66734,iowa_cafo_group_0006,0,43.1715,-96.24127,Active,IA
66735,iowa_cafo_group_0006,0,43.01256,-96.36431,Active,IA
66737,iowa_cafo_group_0061,1,42.90601,-95.95917,Active,IA
66738,iowa_cafo_group_0006,0,43.17086,-96.36354,Active,IA
66739,iowa_cafo_group_0006,0,43.02754,-96.38653,Active,IA
66740,iowa_cafo_group_0006,0,43.2255,-96.35096,Active,IA
66741,iowa_cafo_group_0006,0,43.22738,-96.39788,Active,IA
66742,iowa_cafo_group_0006,0,43.2504,-96.44984,Active,IA
66743,iowa_cafo_group_0006,0,43.05098,-96.43329,Active,IA
66744,iowa_cafo_group_0006,0,43.22631,-96.44991,Active,IA
66745,iowa_cafo_group_0006,0,43.18042,-96.43364,Active,IA
66746,iowa_cafo_group_0006,0,43.0247,-96.39883,Active,IA
66747,iowa_cafo_group_0006,0,43.257,-96.32533,Active,IA
66748,iowa_cafo_group_3047,2,42.33715,-91.98213,Active,IA
66749,iowa_cafo_group_0006,0,43.07728,-96.4306,Active,IA
66750,iowa_cafo_group_2096,2,43.02709,-94.23617,Active,IA
66751,iowa_cafo_group_2096,2,43.01687,-94.23602,Active,IA
66752,iowa_cafo_group_3048,2,43.31194,-94.00722,Active,IA
66753,iowa_cafo_group_3049,4,41.152,-91.2967,Active,IA
66754,iowa_cafo_group_0191,1,43.45577,-96.14997,Active,IA
66755,iowa_cafo_group_0191,1,43.45753,-96.16375,Active,IA
66756,iowa_cafo_group_3050,2,40.70561,-94.59207,Active,IA
66757,iowa_cafo_group_0042,2,42.06783,-95.72645,Active,IA
66758,iowa_cafo_group_0006,0,42.95007,-96.12676,Active,IA
66759,iowa_cafo_group_0006,0,43.18615,-96.43346,Active,IA
66761,iowa_cafo_group_0006,0,43.14168,-96.31006,Active,IA
66762,iowa_cafo_group_0006,0,42.99781,-96.36216,Active,IA
66763,iowa_cafo_group_0006,0,43.00443,-96.37224,Active,IA
66764,iowa_cafo_group_0006,0,43.38926,-96.29124,Active,IA
66765,iowa_cafo_group_0006,0,43.39063,-96.30308,Active,IA
66766,iowa_cafo_group_0006,0,43.48772,-96.36927,Active,IA
66767,iowa_cafo_group_0006,0,43.01605,-96.35658,Active,IA
66768,iowa_cafo_group_1442,2,43.19139,-92.59518,Active,IA
66769,iowa_cafo_group_0501,2,43.18247,-94.44717,Active,IA
66770,iowa_cafo_group_3051,0,42.63689,-94.69391,Active,IA
66771,iowa_cafo_group_0006,0,43.08462,-96.2713,Active,IA
66772,iowa_cafo_group_0006,0,43.0963,-96.2726,Active,IA
66773,iowa_cafo_group_0006,0,43.26373,-96.35485,Active,IA
66774,iowa_cafo_group_0006,0,43.32791,-96.43109,Active,IA
66775,iowa_cafo_group_0006,0,43.41771,-96.22707,Active,IA
66777,iowa_cafo_group_0006,0,43.08236,-96.43072,Active,IA
66778,iowa_cafo_group_0006,0,43.03348,-96.41073,Active,IA
66779,iowa_cafo_group_0006,0,43.01894,-96.39234,Active,IA
66780,iowa_cafo_group_0006,0,43.19893,-96.252,Active,IA
66781,iowa_cafo_group_3052,1,41.18468,-94.54608,Active,IA
66782,iowa_cafo_group_0006,0,43.18471,-96.2698,Active,IA
66783,iowa_cafo_group_0484,4,41.89274,-95.13492,Active,IA
66784,iowa_cafo_group_1284,4,42.60107,-95.327,Active,IA
66785,iowa_cafo_group_0006,0,43.12729,-96.14373,Active,IA
66786,iowa_cafo_group_0006,0,43.15559,-96.20851,Active,IA
66787,iowa_cafo_group_0006,0,43.25794,-96.34713,Active,IA
66788,iowa_cafo_group_0006,0,43.23831,-96.33584,Active,IA
66789,iowa_cafo_group_0006,0,43.20724,-96.15626,Active,IA
66790,iowa_cafo_group_0006,0,43.2549,-96.15584,Active,IA
66791,iowa_cafo_group_0006,0,43.18408,-96.37437,Active,IA
66792,iowa_cafo_group_0127,2,41.42736,-91.72275,Active,IA
66793,iowa_cafo_group_0006,0,43.19825,-96.35014,Active,IA
66794,iowa_cafo_group_0006,0,43.20073,-96.42959,Active,IA
66795,iowa_cafo_group_0006,0,43.20711,-96.19642,Active,IA
66797,iowa_cafo_group_0006,0,43.22997,-96.35886,Active,IA
66798,iowa_cafo_group_3053,4,42.09646,-93.21592,Active,IA
66799,iowa_cafo_group_0393,2,41.49592,-91.73432,Active,IA
66800,iowa_cafo_group_0006,0,43.21623,-96.3656,Active,IA
66802,iowa_cafo_group_0006,0,43.25672,-96.17398,Active,IA
66803,iowa_cafo_group_0006,0,43.19946,-96.43096,Active,IA
66804,iowa_cafo_group_0006,0,43.20007,-96.40561,Active,IA
66805,iowa_cafo_group_0006,0,43.20002,-96.44204,Active,IA
66806,iowa_cafo_group_0006,0,43.21517,-96.37854,Active,IA
66807,iowa_cafo_group_0006,0,43.21558,-96.41375,Active,IA
66810,iowa_cafo_group_0006,0,43.17,-96.03561,Active,IA
66811,iowa_cafo_group_0006,0,43.09443,-96.1345,Active,IA
66812,iowa_cafo_group_3054,0,41.59749,-92.85753,Active,IA
66813,iowa_cafo_group_0389,3,43.28965,-96.52583,Active,IA
66814,iowa_cafo_group_0006,0,43.17578,-96.2542,Active,IA
66815,iowa_cafo_group_0006,0,43.18676,-96.27208,Active,IA
66816,iowa_cafo_group_0006,0,43.24445,-96.32627,Active,IA
66817,iowa_cafo_group_3055,4,40.71181,-95.09922,Active,IA
66818,iowa_cafo_group_0006,0,43.2134,-96.37813,Active,IA
66819,iowa_cafo_group_3056,0,40.66833,-94.57451,Active,IA
66820,iowa_cafo_group_0006,0,43.27167,-96.32088,Active,IA
66821,iowa_cafo_group_1258,2,43.05384,-93.7135,Active,IA
66822,iowa_cafo_group_1443,2,43.03925,-93.67589,Active,IA
66823,iowa_cafo_group_0006,0,43.21685,-96.25419,Active,IA
66824,iowa_cafo_group_3057,2,42.67277,-94.68478,Active,IA
66825,iowa_cafo_group_0549,2,42.75651,-95.34901,Active,IA
66826,iowa_cafo_group_0675,3,42.86697,-95.71037,Active,IA
66828,iowa_cafo_group_1838,2,42.8349,-95.84443,Active,IA
66829,iowa_cafo_group_0006,0,43.14292,-96.22481,Active,IA
66830,iowa_cafo_group_3058,3,41.64624,-90.93081,Active,IA
66831,iowa_cafo_group_1658,2,41.64,-90.90759,Active,IA
66832,iowa_cafo_group_1083,2,42.69366,-91.99623,Active,IA
66833,iowa_cafo_group_3059,4,42.17731,-91.34686,Active,IA
66834,iowa_cafo_group_1091,3,41.38144,-91.97428,Active,IA
66835,iowa_cafo_group_1867,4,42.96699,-93.89056,Active,IA
66836,iowa_cafo_group_3060,1,42.22884,-95.08966,Active,IA
66837,iowa_cafo_group_0721,2,43.20644,-92.25463,Active,IA
66838,iowa_cafo_group_3061,0,41.7926,-94.28947,Active,IA
66839,iowa_cafo_group_0814,0,42.6903,-94.57764,Active,IA
66840,iowa_cafo_group_0644,1,42.35836,-94.86439,Active,IA
66841,iowa_cafo_group_0675,3,42.89507,-95.73065,Active,IA
66842,iowa_cafo_group_3062,1,41.9021,-90.5356,Active,IA
66843,iowa_cafo_group_3063,4,41.29058,-91.25518,Active,IA
66844,iowa_cafo_group_3064,1,42.04796,-91.14109,Active,IA
66845,iowa_cafo_group_0006,0,43.24656,-96.31671,Active,IA
66846,iowa_cafo_group_0006,0,43.25137,-96.27522,Active,IA
66847,iowa_cafo_group_0006,0,43.19795,-96.17889,Active,IA
66848,iowa_cafo_group_0006,0,43.22419,-96.13697,Active,IA
66849,iowa_cafo_group_0006,0,43.18883,-96.37087,Active,IA
66850,iowa_cafo_group_0006,0,43.21316,-96.42896,Active,IA
66851,iowa_cafo_group_0006,0,43.23912,-96.21506,Active,IA
66852,iowa_cafo_group_0892,3,42.7106,-95.88085,Active,IA
66853,iowa_cafo_group_0006,0,43.12669,-96.26373,Active,IA
66854,iowa_cafo_group_0006,0,43.12656,-96.26799,Active,IA
66855,iowa_cafo_group_0006,0,43.08509,-96.15392,Active,IA
66856,iowa_cafo_group_0006,0,43.09984,-96.19162,Active,IA
66857,iowa_cafo_group_0738,3,42.5758,-93.30988,Active,IA
66858,iowa_cafo_group_0006,0,43.43345,-95.69548,Active,IA
66859,iowa_cafo_group_0006,0,43.14385,-96.11539,Active,IA
66860,iowa_cafo_group_2202,4,42.35525,-91.21011,Active,IA
66861,iowa_cafo_group_1046,2,42.61866,-95.13286,Active,IA
66862,iowa_cafo_group_0006,0,43.29443,-96.44814,Active,IA
66864,iowa_cafo_group_3065,3,41.39883,-92.08072,Active,IA
66865,iowa_cafo_group_2330,4,42.95825,-92.29705,Active,IA
66866,iowa_cafo_group_2182,4,40.60537,-92.31736,Active,IA
66867,iowa_cafo_group_0695,4,41.69629,-94.88555,Active,IA
66868,iowa_cafo_group_0016,2,42.39753,-94.83235,Active,IA
66869,iowa_cafo_group_3066,2,41.99574,-95.19944,Active,IA
66870,iowa_cafo_group_0006,0,43.48572,-95.94232,Active,IA
66871,iowa_cafo_group_0006,0,42.99768,-96.46884,Active,IA
66872,iowa_cafo_group_0690,4,43.17596,-93.85268,Active,IA
66873,iowa_cafo_group_1487,1,43.13966,-94.18919,Active,IA
66874,iowa_cafo_group_3067,3,42.95839,-94.0486,Active,IA
66875,iowa_cafo_group_3068,0,42.23773,-94.55581,Active,IA
66876,iowa_cafo_group_3008,0,41.86,-90.28,Active,IA
66877,iowa_cafo_group_2551,3,41.8254,-90.51036,Active,IA
66878,iowa_cafo_group_3069,1,41.08032,-91.7543,Active,IA
66879,iowa_cafo_group_0006,0,42.90916,-96.13793,Active,IA
66880,iowa_cafo_group_0023,4,42.2234,-94.84659,Active,IA
66881,iowa_cafo_group_0782,2,42.51125,-95.01396,Active,IA
66882,iowa_cafo_group_0006,0,43.03149,-96.31448,Active,IA
66883,iowa_cafo_group_0006,0,43.23065,-96.3171,Active,IA
66885,iowa_cafo_group_2856,2,42.29734,-94.59461,Active,IA
66886,iowa_cafo_group_0781,1,42.8158,-93.77496,Active,IA
66887,iowa_cafo_group_3070,3,42.85356,-95.41571,Active,IA
66888,iowa_cafo_group_0006,0,43.27262,-96.27099,Active,IA
66889,iowa_cafo_group_3071,0,42.21565,-94.47658,Active,IA
66890,iowa_cafo_group_3072,3,42.85653,-94.01228,Active,IA
66891,iowa_cafo_group_1214,2,42.29772,-92.54377,Active,IA
66892,iowa_cafo_group_3073,2,43.29149,-92.15916,Active,IA
66893,iowa_cafo_group_3074,1,42.31028,-91.45327,Active,IA
66894,iowa_cafo_group_2924,1,43.11227,-91.97356,Active,IA
66895,iowa_cafo_group_1086,4,43.00389,-95.6022,Active,IA
66896,iowa_cafo_group_3075,3,43.45079,-91.54252,Active,IA
66897,iowa_cafo_group_0061,1,42.85637,-95.8187,Active,IA
66898,iowa_cafo_group_1086,4,43.02572,-95.54049,Active,IA
66899,iowa_cafo_group_0443,3,43.33192,-95.65276,Active,IA
66900,iowa_cafo_group_0006,0,43.16767,-96.3559,Active,IA
66901,iowa_cafo_group_0545,4,42.23404,-93.37851,Active,IA
66902,iowa_cafo_group_0618,1,43.28493,-92.35144,Active,IA
66903,iowa_cafo_group_0721,2,43.26922,-92.24821,Active,IA
66904,iowa_cafo_group_3076,3,42.65999,-92.69063,Active,IA
66905,iowa_cafo_group_3077,4,42.37487,-93.03547,Active,IA
66906,iowa_cafo_group_3078,4,42.43317,-93.16676,Active,IA
66907,iowa_cafo_group_0782,2,42.68817,-95.11143,Active,IA
66908,iowa_cafo_group_2053,1,42.56545,-95.93626,Active,IA
66909,iowa_cafo_group_1135,3,43.32956,-92.27715,Active,IA
66910,iowa_cafo_group_2393,1,43.09489,-91.80743,Active,IA
66911,iowa_cafo_group_0686,2,42.36949,-92.36904,Active,IA
66912,iowa_cafo_group_2202,4,42.34553,-91.18528,Active,IA
66913,iowa_cafo_group_3079,2,41.30818,-91.49994,Active,IA
66914,iowa_cafo_group_0011,3,42.72669,-96.17641,Active,IA
66915,iowa_cafo_group_0686,2,42.3559,-92.38984,Active,IA
66916,iowa_cafo_group_0006,0,43.22009,-96.03936,Active,IA
66917,iowa_cafo_group_3039,3,42.24961,-94.75957,Active,IA
66919,iowa_cafo_group_3080,4,41.10459,-95.18035,Active,IA
66920,iowa_cafo_group_0011,3,42.71342,-96.09585,Active,IA
66921,iowa_cafo_group_3081,3,43.11348,-95.22597,Active,IA
66923,iowa_cafo_group_3082,4,41.80087,-92.65089,Active,IA
66924,iowa_cafo_group_0800,1,43.3703,-94.48049,Active,IA
66926,iowa_cafo_group_1074,2,43.43897,-92.55496,Active,IA
66928,iowa_cafo_group_3083,4,42.39885,-94.23824,Active,IA
66929,iowa_cafo_group_3084,2,41.65282,-90.86152,Active,IA
66930,iowa_cafo_group_1759,3,42.69701,-94.77985,Active,IA
66931,iowa_cafo_group_0584,4,42.77035,-96.50838,Active,IA
66932,iowa_cafo_group_3085,4,43.14153,-92.40204,Active,IA
66933,iowa_cafo_group_3086,0,43.4948,-92.43888,Active,IA
66934,iowa_cafo_group_0011,3,42.69065,-96.17571,Active,IA
66935,iowa_cafo_group_0721,2,43.26604,-92.25169,Active,IA
66936,iowa_cafo_group_3087,1,41.35774,-92.87082,Active,IA
66937,iowa_cafo_group_3088,0,41.16537,-92.52968,Active,IA
66938,iowa_cafo_group_2536,1,40.78363,-93.74104,Active,IA
66939,iowa_cafo_group_1577,3,42.65549,-93.6433,Active,IA
66940,iowa_cafo_group_2330,4,42.94907,-92.28911,Active,IA
66941,iowa_cafo_group_3089,4,42.94296,-92.81087,Active,IA
66943,iowa_cafo_group_3090,2,42.32577,-94.47848,Active,IA
66944,iowa_cafo_group_1935,3,41.83115,-91.00976,Active,IA
66945,iowa_cafo_group_3091,4,41.09894,-91.76207,Active,IA
66946,iowa_cafo_group_0006,0,43.27137,-96.25656,Active,IA
66947,iowa_cafo_group_0006,0,43.2582,-96.27637,Active,IA
66948,iowa_cafo_group_0006,0,43.26609,-96.31602,Active,IA
66949,iowa_cafo_group_0006,0,43.28742,-96.26375,Active,IA
66950,iowa_cafo_group_0006,0,43.29768,-96.31335,Active,IA
66951,iowa_cafo_group_0006,0,43.28733,-96.31778,Active,IA
66952,iowa_cafo_group_0006,0,43.31187,-96.33048,Active,IA
66953,iowa_cafo_group_0191,1,43.44778,-96.13378,Active,IA
66954,iowa_cafo_group_0191,1,43.44656,-96.14434,Active,IA
66955,iowa_cafo_group_0191,1,43.49875,-96.13395,Active,IA
66956,iowa_cafo_group_2285,3,41.76749,-92.17745,Active,IA
66957,iowa_cafo_group_0061,1,42.89529,-95.93907,Active,IA
66958,iowa_cafo_group_1377,4,43.11236,-93.94044,Active,IA
66959,iowa_cafo_group_0155,3,42.48765,-94.98152,Active,IA
66960,iowa_cafo_group_1709,0,42.27684,-94.63076,Active,IA
66961,iowa_cafo_group_3092,3,42.10141,-90.92553,Active,IA
66962,iowa_cafo_group_0191,1,43.46294,-96.12744,Active,IA
66963,iowa_cafo_group_0191,1,43.47721,-96.10237,Active,IA
66965,iowa_cafo_group_0191,1,43.43432,-96.10357,Active,IA
66967,iowa_cafo_group_0191,1,43.48008,-96.11711,Active,IA
66968,iowa_cafo_group_0191,1,43.49637,-96.15474,Active,IA
66970,iowa_cafo_group_0191,1,43.49653,-96.17732,Active,IA
66971,iowa_cafo_group_0006,0,43.29985,-96.10646,Active,IA
66972,iowa_cafo_group_0006,0,43.33117,-96.1512,Active,IA
66974,iowa_cafo_group_2727,2,41.67777,-90.49324,Active,IA
66975,iowa_cafo_group_0006,0,43.37449,-96.13734,Active,IA
66976,iowa_cafo_group_0006,0,43.41631,-96.21341,Active,IA
66977,iowa_cafo_group_0006,0,43.40778,-96.14097,Active,IA
66978,iowa_cafo_group_0006,0,43.3798,-96.13716,Active,IA
66979,iowa_cafo_group_0006,0,43.39944,-96.13524,Active,IA
66980,iowa_cafo_group_0006,0,43.38349,-96.11502,Active,IA
66981,iowa_cafo_group_0006,0,43.38782,-96.21376,Active,IA
66982,iowa_cafo_group_0006,0,43.38691,-96.13364,Active,IA
66985,iowa_cafo_group_0006,0,43.37991,-96.21204,Active,IA
66989,iowa_cafo_group_1832,1,43.26946,-93.76856,Active,IA
66990,iowa_cafo_group_1086,4,43.0316,-95.52667,Active,IA
66991,iowa_cafo_group_0006,0,43.37436,-96.16902,Active,IA
66992,iowa_cafo_group_0140,2,42.7975,-96.46976,Active,IA
66993,iowa_cafo_group_0006,0,43.36173,-96.16942,Active,IA
66994,iowa_cafo_group_0006,0,43.37489,-96.18981,Active,IA
66995,iowa_cafo_group_1091,3,41.35133,-92.05751,Active,IA
66996,iowa_cafo_group_1371,4,43.35049,-93.57824,Active,IA
66997,iowa_cafo_group_1371,4,43.35631,-93.5859,Active,IA
66998,iowa_cafo_group_0719,2,43.24303,-92.55564,Active,IA
66999,iowa_cafo_group_3093,0,42.25817,-94.81248,Active,IA
67000,iowa_cafo_group_0297,3,42.24275,-95.70703,Active,IA
67001,iowa_cafo_group_0328,2,42.16709,-94.63476,Active,IA
67002,iowa_cafo_group_1442,2,43.19048,-92.5534,Active,IA
67003,iowa_cafo_group_1442,2,43.19034,-92.54655,Active,IA
67004,iowa_cafo_group_0932,4,42.73433,-93.47696,Active,IA
67005,iowa_cafo_group_1846,2,43.13431,-92.84866,Active,IA
67006,iowa_cafo_group_1745,3,41.65934,-95.23639,Active,IA
67007,iowa_cafo_group_1196,1,41.16944,-92.50405,Active,IA
67008,iowa_cafo_group_0836,2,40.6788,-94.44693,Active,IA
67009,iowa_cafo_group_0227,4,41.2382,-91.59275,Active,IA
67010,iowa_cafo_group_0171,2,42.37589,-95.87683,Active,IA
67011,iowa_cafo_group_0006,0,43.12871,-96.08479,Active,IA
67012,iowa_cafo_group_0227,4,41.23542,-91.63423,Active,IA
67013,iowa_cafo_group_3094,4,42.90035,-94.68144,Active,IA
67014,iowa_cafo_group_1759,3,42.68852,-94.82068,Active,IA
67015,iowa_cafo_group_0253,3,42.27882,-95.18707,Active,IA
67016,iowa_cafo_group_1091,3,41.38886,-92.00631,Active,IA
67017,iowa_cafo_group_0127,2,41.29783,-91.96623,Active,IA
67018,iowa_cafo_group_1255,4,41.36291,-92.55874,Active,IA
67019,iowa_cafo_group_1111,3,41.2946,-91.81823,Active,IA
67020,iowa_cafo_group_0061,1,42.95381,-95.9865,Active,IA
67021,iowa_cafo_group_0747,1,42.49857,-92.91774,Active,IA
67022,iowa_cafo_group_0006,0,42.9916,-96.33255,Active,IA
67023,iowa_cafo_group_3095,2,42.57084,-91.75632,Active,IA
67024,iowa_cafo_group_0638,2,41.86259,-94.78969,Active,IA
67025,iowa_cafo_group_3096,1,41.32004,-91.74127,Active,IA
67026,iowa_cafo_group_1396,2,41.13347,-91.87077,Active,IA
67028,iowa_cafo_group_3097,1,41.98035,-94.05607,Active,IA
67029,iowa_cafo_group_0099,2,42.89327,-94.76784,Active,IA
67030,iowa_cafo_group_0087,3,43.00921,-94.69438,Active,IA
67031,iowa_cafo_group_0087,3,42.95402,-94.64862,Active,IA
67032,iowa_cafo_group_1335,1,42.3436,-93.26975,Active,IA
67033,iowa_cafo_group_0127,2,41.37983,-91.7911,Active,IA
67035,iowa_cafo_group_0870,2,41.16881,-92.22885,Active,IA
67037,iowa_cafo_group_3098,4,42.7648,-96.34154,Active,IA
67038,iowa_cafo_group_0675,3,42.89522,-95.69745,Active,IA
67039,iowa_cafo_group_0209,1,42.42799,-94.87751,Active,IA
67040,iowa_cafo_group_1364,3,43.05173,-92.1545,Active,IA
67041,iowa_cafo_group_0227,4,41.186,-91.62192,Active,IA
67042,iowa_cafo_group_0789,3,41.21591,-91.45662,Active,IA
67043,iowa_cafo_group_0992,2,42.19159,-93.27569,Active,IA
67044,iowa_cafo_group_3099,1,42.12594,-93.27666,Active,IA
67045,iowa_cafo_group_0006,0,43.09359,-95.9627,Active,IA
67046,iowa_cafo_group_0793,1,42.85304,-95.37977,Active,IA
67047,iowa_cafo_group_3100,0,42.47701,-95.38684,Active,IA
67048,iowa_cafo_group_2711,3,42.45695,-95.37696,Active,IA
67049,iowa_cafo_group_0905,4,42.34703,-93.19031,Active,IA
67050,iowa_cafo_group_1443,2,43.06929,-93.65691,Active,IA
67051,iowa_cafo_group_1759,3,42.66825,-94.81774,Active,IA
67052,iowa_cafo_group_1537,1,42.5833,-95.05173,Active,IA
67053,iowa_cafo_group_1537,1,42.56568,-95.0576,Active,IA
67054,iowa_cafo_group_2846,4,42.33821,-91.56088,Active,IA
67055,iowa_cafo_group_0227,4,41.16254,-91.5837,Active,IA
67056,iowa_cafo_group_1657,2,41.53439,-91.82898,Active,IA
67057,iowa_cafo_group_0782,2,42.5676,-94.95293,Active,IA
67058,iowa_cafo_group_0140,2,42.79262,-96.38154,Active,IA
67059,iowa_cafo_group_3101,1,43.09687,-91.99352,Active,IA
67060,iowa_cafo_group_0006,0,43.3128,-96.15598,Active,IA
67061,iowa_cafo_group_0006,0,43.30718,-96.13867,Active,IA
67062,iowa_cafo_group_0006,0,43.15735,-96.34464,Active,IA
67063,iowa_cafo_group_3102,3,42.07409,-91.10022,Active,IA
67064,iowa_cafo_group_3103,4,42.36547,-91.72381,Active,IA
67066,iowa_cafo_group_0132,1,41.20908,-92.71642,Active,IA
67067,iowa_cafo_group_0006,0,42.98085,-96.11431,Active,IA
67068,iowa_cafo_group_3104,3,43.03315,-96.46968,Active,IA
67069,iowa_cafo_group_3105,2,42.41316,-92.77908,Active,IA
67071,iowa_cafo_group_0006,0,42.99525,-96.13491,Active,IA
67072,iowa_cafo_group_2700,4,43.01048,-95.87897,Active,IA
67073,iowa_cafo_group_3106,0,42.88527,-96.43153,Active,IA
67074,iowa_cafo_group_0015,4,42.22343,-94.98661,Active,IA
67075,iowa_cafo_group_2343,3,43.33253,-95.54401,Active,IA
67076,iowa_cafo_group_0006,0,43.33811,-96.13773,Active,IA
67077,iowa_cafo_group_0006,0,43.432,-95.9393,Active,IA
67078,iowa_cafo_group_0006,0,43.27099,-96.19675,Active,IA
67079,iowa_cafo_group_3107,2,42.09276,-94.47693,Active,IA
67080,iowa_cafo_group_3108,3,41.58485,-95.50294,Active,IA
67081,iowa_cafo_group_1581,4,43.30507,-94.3971,Active,IA
67082,iowa_cafo_group_0006,0,43.32428,-96.13501,Active,IA
67083,iowa_cafo_group_0006,0,42.99427,-96.09706,Active,IA
67084,iowa_cafo_group_3109,3,41.153,-94.45352,Active,IA
67085,iowa_cafo_group_3110,3,41.17167,-94.40608,Active,IA
67086,iowa_cafo_group_0006,0,43.27103,-96.14723,Active,IA
67087,iowa_cafo_group_0011,3,42.78198,-96.11621,Active,IA
67088,iowa_cafo_group_0545,4,42.42953,-93.34803,Active,IA
67089,iowa_cafo_group_0006,0,43.43624,-96.0195,Active,IA
67090,iowa_cafo_group_0545,4,42.46692,-93.39061,Active,IA
67091,iowa_cafo_group_0006,0,43.46073,-95.99677,Active,IA
67092,iowa_cafo_group_3111,1,43.49987,-96.08666,Active,IA
67093,iowa_cafo_group_3112,3,42.79001,-94.15029,Active,IA
67094,iowa_cafo_group_0006,0,43.27319,-96.2112,Active,IA
67095,iowa_cafo_group_0782,2,42.68864,-95.03276,Active,IA
67096,iowa_cafo_group_1264,3,41.37262,-91.33727,Active,IA
67097,iowa_cafo_group_2121,3,41.72861,-90.90657,Active,IA
67098,iowa_cafo_group_0006,0,43.27041,-96.16407,Active,IA
67099,iowa_cafo_group_0006,0,43.27139,-96.17634,Active,IA
67100,iowa_cafo_group_2749,0,41.83348,-90.47225,Active,IA
67101,iowa_cafo_group_2662,3,41.80836,-90.45078,Active,IA
67102,iowa_cafo_group_3113,2,42.13928,-93.14584,Active,IA
67103,iowa_cafo_group_1091,3,41.42191,-91.96776,Active,IA
67104,iowa_cafo_group_0616,4,42.28247,-95.44384,Active,IA
67105,iowa_cafo_group_0853,3,42.18087,-93.14496,Active,IA
67106,iowa_cafo_group_0006,0,42.8841,-96.27445,Active,IA
67107,iowa_cafo_group_0190,2,43.43267,-95.55505,Active,IA
67108,iowa_cafo_group_0501,2,43.18286,-94.45846,Active,IA
67110,iowa_cafo_group_0737,3,42.63044,-93.29946,Active,IA
67111,iowa_cafo_group_0483,4,42.93395,-95.72037,Active,IA
67112,iowa_cafo_group_0536,2,42.58819,-91.6697,Active,IA
67113,iowa_cafo_group_0011,3,42.6901,-96.12715,Active,IA
67114,iowa_cafo_group_0006,0,43.33103,-96.11391,Active,IA
67115,iowa_cafo_group_0006,0,43.3158,-96.17096,Active,IA
67116,iowa_cafo_group_0006,0,43.36,-96.10463,Active,IA
67117,iowa_cafo_group_3114,0,42.77905,-95.5337,Active,IA
67118,iowa_cafo_group_0006,0,43.09955,-95.97035,Active,IA
67119,iowa_cafo_group_0006,0,43.10096,-95.9604,Active,IA
67121,iowa_cafo_group_2999,0,42.67777,-91.56238,Active,IA
67122,iowa_cafo_group_3115,4,43.48953,-94.758,Active,IA
67123,iowa_cafo_group_3116,3,43.0326,-94.93649,Active,IA
67124,iowa_cafo_group_2345,1,43.03854,-91.33577,Active,IA
67125,iowa_cafo_group_3117,3,42.99524,-93.66467,Active,IA
67126,iowa_cafo_group_0905,4,42.3824,-93.19566,Active,IA
67127,iowa_cafo_group_0882,1,42.3806,-93.25024,Active,IA
67128,iowa_cafo_group_0006,0,42.86483,-96.27488,Active,IA
67129,iowa_cafo_group_0748,1,42.32551,-93.02035,Active,IA
67130,iowa_cafo_group_0006,0,43.35285,-96.34852,Active,IA
67131,iowa_cafo_group_2375,3,43.06596,-93.94109,Active,IA
67132,iowa_cafo_group_0766,1,43.03874,-94.03768,Active,IA
67133,iowa_cafo_group_0006,0,43.2355,-96.31475,Active,IA
67134,iowa_cafo_group_0545,4,42.3606,-93.44511,Active,IA
67135,iowa_cafo_group_0743,4,42.63046,-93.15825,Active,IA
67136,iowa_cafo_group_3118,1,41.79788,-95.36487,Active,IA
67137,iowa_cafo_group_1388,3,43.24311,-91.23457,Active,IA
67138,iowa_cafo_group_3052,1,41.18758,-94.53235,Active,IA
67139,iowa_cafo_group_0080,2,42.03526,-95.02109,Active,IA
67140,iowa_cafo_group_3119,4,40.95084,-92.22842,Active,IA
67141,iowa_cafo_group_3120,1,42.12182,-93.23466,Active,IA
67142,iowa_cafo_group_2864,0,42.148,-93.17441,Active,IA
67143,iowa_cafo_group_2402,3,41.54941,-92.76102,Active,IA
67144,iowa_cafo_group_1677,1,43.15606,-93.88966,Active,IA
67145,iowa_cafo_group_3121,2,42.73199,-93.59555,Active,IA
67146,iowa_cafo_group_3122,4,42.84933,-94.09142,Active,IA
67148,iowa_cafo_group_0099,2,42.93034,-94.79564,Active,IA
67149,iowa_cafo_group_0872,1,42.96644,-94.37797,Active,IA
67150,iowa_cafo_group_0006,0,43.28354,-96.19585,Active,IA
67151,iowa_cafo_group_0006,0,43.46244,-95.91506,Active,IA
67152,iowa_cafo_group_0006,0,43.46307,-95.92143,Active,IA
67154,iowa_cafo_group_0006,0,43.41862,-96.02362,Active,IA
67155,iowa_cafo_group_0006,0,43.36137,-96.07815,Active,IA
67156,iowa_cafo_group_2822,1,43.24849,-91.88471,Active,IA
67157,iowa_cafo_group_0006,0,43.40256,-95.89583,Active,IA
67158,iowa_cafo_group_0006,0,43.26763,-96.17881,Active,IA
67159,iowa_cafo_group_0006,0,43.26806,-96.17901,Active,IA
67160,iowa_cafo_group_0772,2,42.37926,-94.26291,Active,IA
67161,iowa_cafo_group_0772,2,42.3901,-94.30146,Active,IA
67162,iowa_cafo_group_3123,0,42.64343,-92.84259,Active,IA
67163,iowa_cafo_group_0537,4,43.33438,-92.71353,Active,IA
67164,iowa_cafo_group_0006,0,43.38512,-96.05871,Active,IA
67165,iowa_cafo_group_0006,0,43.15237,-96.33438,Active,IA
67166,iowa_cafo_group_0087,3,42.9375,-94.72494,Active,IA
67167,iowa_cafo_group_0664,3,40.63066,-91.5349,Active,IA
67168,iowa_cafo_group_0127,2,41.35294,-91.74451,Active,IA
67169,iowa_cafo_group_0006,0,43.48961,-95.9328,Active,IA
67170,iowa_cafo_group_3124,2,40.73638,-92.15022,Active,IA
67171,iowa_cafo_group_3125,2,42.50317,-91.37254,Active,IA
67172,iowa_cafo_group_0006,0,42.87936,-96.28891,Active,IA
67173,iowa_cafo_group_0006,0,43.30781,-96.25622,Active,IA
67174,iowa_cafo_group_0006,0,43.03809,-95.86855,Active,IA
67176,iowa_cafo_group_0061,1,42.82239,-95.6889,Active,IA
67177,iowa_cafo_group_3126,2,41.96354,-94.56976,Active,IA
67178,iowa_cafo_group_3127,0,42.38641,-92.15389,Active,IA
67179,iowa_cafo_group_1514,2,43.47346,-95.28976,Active,IA
67181,iowa_cafo_group_1798,3,42.52967,-91.39242,Active,IA
67182,iowa_cafo_group_1098,3,41.58281,-91.83295,Active,IA
67184,iowa_cafo_group_0332,4,42.35455,-93.66748,Active,IA
67186,iowa_cafo_group_2822,1,43.24224,-91.89084,Active,IA
67187,iowa_cafo_group_0561,1,43.07145,-95.58503,Active,IA
67188,iowa_cafo_group_0006,0,43.41877,-95.99358,Active,IA
67189,iowa_cafo_group_3128,4,43.15647,-94.85482,Active,IA
67190,iowa_cafo_group_0900,3,42.61881,-91.48763,Active,IA
67192,iowa_cafo_group_2119,1,41.9448,-90.74686,Active,IA
67194,iowa_cafo_group_0006,0,43.32937,-96.111,Active,IA
67195,iowa_cafo_group_2478,2,41.69098,-95.22757,Active,IA
67196,iowa_cafo_group_0414,4,42.95292,-95.29858,Active,IA
67197,iowa_cafo_group_2295,3,42.92541,-95.29683,Active,IA
67198,iowa_cafo_group_0023,4,42.22091,-94.85777,Active,IA
67201,iowa_cafo_group_0006,0,43.12513,-96.01961,Active,IA
67202,iowa_cafo_group_0006,0,43.28941,-96.21385,Active,IA
67203,iowa_cafo_group_0006,0,43.40642,-95.95898,Active,IA
67204,iowa_cafo_group_0832,4,42.19392,-94.43001,Active,IA
67205,iowa_cafo_group_1462,4,43.22018,-95.30781,Active,IA
67206,iowa_cafo_group_0483,4,43.02577,-95.7602,Active,IA
67207,iowa_cafo_group_2563,2,43.33733,-92.43445,Active,IA
67208,iowa_cafo_group_1554,2,41.49458,-91.97017,Active,IA
67209,iowa_cafo_group_0090,3,41.22908,-91.74339,Active,IA
67210,iowa_cafo_group_0227,4,41.35856,-91.69551,Active,IA
67211,iowa_cafo_group_0042,2,42.12812,-95.69652,Active,IA
67212,iowa_cafo_group_3129,3,42.28893,-94.20469,Active,IA
67213,iowa_cafo_group_0718,3,43.42835,-92.51441,Active,IA
67215,iowa_cafo_group_1790,3,42.54034,-91.76997,Active,IA
67216,iowa_cafo_group_0593,1,42.87685,-94.12885,Active,IA
67217,iowa_cafo_group_3130,0,43.27195,-93.68751,Active,IA
67218,iowa_cafo_group_3131,1,43.30544,-92.45446,Active,IA
67219,iowa_cafo_group_1677,1,43.14028,-93.88515,Active,IA
67220,iowa_cafo_group_2413,3,42.13786,-94.45632,Active,IA
67221,iowa_cafo_group_3132,3,42.33886,-91.60633,Active,IA
67222,iowa_cafo_group_3133,2,40.84021,-95.67517,Active,IA
67223,iowa_cafo_group_3134,3,40.85118,-95.65141,Active,IA
67224,iowa_cafo_group_0006,0,43.36541,-95.88111,Active,IA
67225,iowa_cafo_group_0006,0,43.36044,-95.88163,Active,IA
67226,iowa_cafo_group_0006,0,43.37272,-95.95484,Active,IA
67227,iowa_cafo_group_0011,3,42.7723,-96.08089,Active,IA
67228,iowa_cafo_group_0006,0,43.32555,-95.88523,Active,IA
67229,iowa_cafo_group_3133,2,40.82459,-95.67011,Active,IA
67230,iowa_cafo_group_3135,4,40.7135,-95.76183,Active,IA
67231,iowa_cafo_group_1841,4,43.31683,-95.96348,Active,IA
67232,iowa_cafo_group_3135,4,40.71711,-95.77019,Active,IA
67233,iowa_cafo_group_3136,4,40.86126,-95.68882,Active,IA
67234,iowa_cafo_group_1664,4,43.22967,-94.94837,Active,IA
67235,iowa_cafo_group_1264,3,41.34302,-91.36387,Active,IA
67236,iowa_cafo_group_0227,4,41.33675,-91.625,Active,IA
67237,iowa_cafo_group_3137,3,43.1257,-94.59646,Active,IA
67238,iowa_cafo_group_0965,4,42.18223,-95.08981,Active,IA
67239,iowa_cafo_group_0006,0,43.33765,-96.17745,Active,IA
67240,iowa_cafo_group_3107,2,42.10017,-94.45489,Active,IA
67241,iowa_cafo_group_0006,0,43.38842,-95.94064,Active,IA
67242,iowa_cafo_group_0006,0,43.3931,-95.94097,Active,IA
67243,iowa_cafo_group_0006,0,43.41177,-96.03933,Active,IA
67244,iowa_cafo_group_2183,3,43.11381,-95.45957,Active,IA
67245,iowa_cafo_group_0006,0,43.40357,-96.03688,Active,IA
67246,iowa_cafo_group_3138,3,41.81422,-92.53108,Active,IA
67247,iowa_cafo_group_3139,1,41.95114,-94.43383,Active,IA
67248,iowa_cafo_group_3140,0,41.66403,-92.5335,Active,IA
67249,iowa_cafo_group_2223,1,41.61693,-92.36105,Active,IA
67250,iowa_cafo_group_3141,4,41.91262,-94.24043,Active,IA
67252,iowa_cafo_group_1251,2,42.25824,-93.85582,Active,IA
67253,iowa_cafo_group_3142,1,43.20142,-93.90982,Active,IA
67254,iowa_cafo_group_3142,1,43.20143,-93.89291,Active,IA
67255,iowa_cafo_group_2400,3,42.43979,-91.75852,Active,IA
67256,iowa_cafo_group_1896,1,41.96187,-92.25914,Active,IA
67257,iowa_cafo_group_0793,1,42.83703,-95.37947,Active,IA
67258,iowa_cafo_group_1046,2,42.57646,-95.10212,Active,IA
67259,iowa_cafo_group_1143,3,42.69293,-93.34168,Active,IA
67260,iowa_cafo_group_3143,4,42.71741,-93.30662,Active,IA
67261,iowa_cafo_group_0772,2,42.38316,-94.33063,Active,IA
67262,iowa_cafo_group_0015,4,42.29295,-94.89326,Active,IA
67263,iowa_cafo_group_0224,2,43.04104,-94.78894,Active,IA
67264,iowa_cafo_group_3125,2,42.51017,-91.37278,Active,IA
67265,iowa_cafo_group_0006,0,43.26752,-95.96012,Active,IA
67266,iowa_cafo_group_0006,0,43.38961,-95.92547,Active,IA
67267,iowa_cafo_group_1009,3,42.90289,-91.18628,Active,IA
67268,iowa_cafo_group_3144,3,40.99534,-94.30415,Active,IA
67270,iowa_cafo_group_1056,4,43.00166,-94.85761,Active,IA
67271,iowa_cafo_group_3145,0,42.70446,-94.89546,Active,IA
67272,iowa_cafo_group_0006,0,43.28338,-95.88316,Active,IA
67273,iowa_cafo_group_0006,0,43.38638,-95.97963,Active,IA
67274,iowa_cafo_group_0006,0,43.36837,-96.03956,Active,IA
67275,iowa_cafo_group_3146,4,42.59628,-90.96939,Active,IA
67276,iowa_cafo_group_0006,0,43.2711,-95.9497,Active,IA
67277,iowa_cafo_group_0006,0,43.3552,-96.03953,Active,IA
67278,iowa_cafo_group_0006,0,43.26391,-95.92495,Active,IA
67279,iowa_cafo_group_0006,0,43.32971,-95.87265,Active,IA
67280,iowa_cafo_group_3147,0,41.12224,-94.11814,Active,IA
67281,iowa_cafo_group_0872,1,43.0232,-94.34285,Active,IA
67282,iowa_cafo_group_0087,3,42.98227,-94.59044,Active,IA
67283,iowa_cafo_group_0561,1,43.05483,-95.56319,Active,IA
67284,iowa_cafo_group_1867,4,42.95864,-93.87086,Active,IA
67285,iowa_cafo_group_1178,2,42.39047,-92.61818,Active,IA
67286,iowa_cafo_group_3148,3,42.28024,-95.30267,Active,IA
67287,iowa_cafo_group_0006,0,43.43111,-95.89955,Active,IA
67288,iowa_cafo_group_0006,0,43.29633,-96.19821,Active,IA
67289,iowa_cafo_group_1533,4,41.64098,-91.31823,Active,IA
67290,iowa_cafo_group_2568,0,42.78622,-95.47929,Active,IA
67291,iowa_cafo_group_3149,0,41.81587,-91.30867,Active,IA
67292,iowa_cafo_group_1111,3,41.30548,-91.76336,Active,IA
67293,iowa_cafo_group_0006,0,43.31483,-96.15054,Active,IA
67294,iowa_cafo_group_0006,0,43.32659,-96.13603,Active,IA
67295,iowa_cafo_group_0006,0,43.28119,-95.90058,Active,IA
67296,iowa_cafo_group_0006,0,43.31484,-95.89945,Active,IA
67297,iowa_cafo_group_0006,0,43.33526,-96.21341,Active,IA
67298,iowa_cafo_group_0006,0,43.29071,-96.19608,Active,IA
67299,iowa_cafo_group_1828,2,42.39307,-91.98681,Active,IA
67300,iowa_cafo_group_3134,3,40.8342,-95.64802,Active,IA
67301,iowa_cafo_group_3150,1,40.83968,-95.73662,Active,IA
67302,iowa_cafo_group_2108,3,42.89058,-91.6134,Active,IA
67303,iowa_cafo_group_0288,4,42.20597,-94.72416,Active,IA
67304,iowa_cafo_group_1356,2,42.83803,-93.28033,Active,IA
67305,iowa_cafo_group_1526,1,43.14221,-94.39167,Active,IA
67307,iowa_cafo_group_0006,0,43.28603,-96.03902,Active,IA
67308,iowa_cafo_group_3151,2,43.16194,-93.95181,Active,IA
67309,iowa_cafo_group_1090,3,42.7518,-91.99558,Active,IA
67310,iowa_cafo_group_1582,3,42.75791,-92.03032,Active,IA
67311,iowa_cafo_group_1090,3,42.7579,-91.97267,Active,IA
67312,iowa_cafo_group_2258,1,43.43438,-95.61122,Active,IA
67313,iowa_cafo_group_3152,4,42.82705,-94.87636,Active,IA
67314,iowa_cafo_group_2036,4,42.76332,-94.86581,Active,IA
67315,iowa_cafo_group_0006,0,43.06009,-96.29269,Active,IA
67316,iowa_cafo_group_0006,0,43.0404,-96.2399,Active,IA
67317,iowa_cafo_group_0155,3,42.53251,-94.83396,Active,IA
67319,iowa_cafo_group_3151,2,43.16877,-93.97128,Active,IA
67320,iowa_cafo_group_2493,4,40.63387,-93.46934,Active,IA
67321,iowa_cafo_group_0006,0,43.29301,-95.96031,Active,IA
67322,iowa_cafo_group_1841,4,43.33098,-95.9511,Active,IA
67323,iowa_cafo_group_0989,1,43.21094,-95.44485,Active,IA
67324,iowa_cafo_group_0006,0,43.03955,-96.34262,Active,IA
67325,iowa_cafo_group_0006,0,43.11429,-96.40703,Active,IA
67326,iowa_cafo_group_3153,3,41.34107,-94.37489,Active,IA
67330,iowa_cafo_group_1264,3,41.37265,-91.3331,Active,IA
67331,iowa_cafo_group_3154,0,40.68307,-91.69538,Active,IA
67332,iowa_cafo_group_3155,0,40.71375,-91.52732,Active,IA
67333,iowa_cafo_group_0136,2,42.29931,-91.0869,Active,IA
67334,iowa_cafo_group_3156,0,42.42072,-92.41838,Active,IA
67335,iowa_cafo_group_0062,1,41.98534,-90.89936,Active,IA
67336,iowa_cafo_group_3157,2,41.64942,-91.18483,Active,IA
67337,iowa_cafo_group_3147,0,41.12436,-94.11414,Active,IA
67338,iowa_cafo_group_0006,0,43.27237,-96.46607,Active,IA
67339,iowa_cafo_group_1147,1,41.82663,-91.16728,Active,IA
67340,iowa_cafo_group_1185,4,42.12269,-93.44329,Active,IA
67341,iowa_cafo_group_3158,1,42.39608,-92.90386,Active,IA
67342,iowa_cafo_group_0006,0,42.88051,-96.31429,Active,IA
67343,iowa_cafo_group_1462,4,43.18004,-95.3495,Active,IA
67344,iowa_cafo_group_0006,0,42.96093,-96.19587,Active,IA
67345,iowa_cafo_group_3159,1,43.00822,-93.9323,Active,IA
67346,iowa_cafo_group_3159,1,43.00873,-93.91291,Active,IA
67347,iowa_cafo_group_1036,1,42.6633,-95.45369,Active,IA
67348,iowa_cafo_group_3160,4,42.46079,-91.7934,Active,IA
67349,iowa_cafo_group_0718,3,43.39928,-92.58306,Active,IA
67350,iowa_cafo_group_0006,0,43.40115,-96.05949,Active,IA
67351,iowa_cafo_group_2590,1,42.9096,-94.6441,Active,IA
67352,iowa_cafo_group_0006,0,43.06935,-96.30165,Active,IA
67353,iowa_cafo_group_0006,0,43.05435,-96.2643,Active,IA
67354,iowa_cafo_group_0006,0,43.03525,-96.27202,Active,IA
67355,iowa_cafo_group_0006,0,43.03314,-96.23478,Active,IA
67356,iowa_cafo_group_0006,0,43.0786,-96.31473,Active,IA
67357,iowa_cafo_group_0006,0,43.20627,-95.88376,Active,IA
67358,iowa_cafo_group_3161,3,42.22574,-95.01631,Active,IA
67359,iowa_cafo_group_3162,0,42.76234,-94.56509,Active,IA
67360,iowa_cafo_group_0006,0,43.28697,-96.12963,Active,IA
67361,iowa_cafo_group_3163,3,42.25516,-91.88492,Active,IA
67362,iowa_cafo_group_0006,0,43.46557,-95.99694,Active,IA
67363,iowa_cafo_group_0006,0,43.12364,-95.85613,Active,IA
67364,iowa_cafo_group_3164,1,42.89925,-92.06154,Active,IA
67365,iowa_cafo_group_0405,2,43.06384,-95.7596,Active,IA
67366,iowa_cafo_group_0006,0,43.06955,-96.22382,Active,IA
67367,iowa_cafo_group_0754,1,42.27417,-93.40381,Active,IA
67368,iowa_cafo_group_3165,0,40.92641,-93.16751,Active,IA
67370,iowa_cafo_group_2729,0,42.50702,-95.32667,Active,IA
67371,iowa_cafo_group_3051,0,42.64642,-94.69656,Active,IA
67372,iowa_cafo_group_0006,0,43.29964,-96.01719,Active,IA
67373,iowa_cafo_group_1344,3,42.93965,-95.58884,Active,IA
67374,iowa_cafo_group_0006,0,43.20119,-96.11005,Active,IA
67375,iowa_cafo_group_1732,3,40.84715,-94.46984,Active,IA
67376,iowa_cafo_group_3166,4,40.83562,-94.58854,Active,IA
67378,iowa_cafo_group_3049,4,41.15451,-91.31615,Active,IA
67379,iowa_cafo_group_2254,2,41.0752,-91.67261,Active,IA
67380,iowa_cafo_group_3167,4,40.99863,-91.61109,Active,IA
67381,iowa_cafo_group_0006,0,43.25699,-95.95959,Active,IA
67382,iowa_cafo_group_0006,0,43.20237,-96.06057,Active,IA
67383,iowa_cafo_group_1218,3,41.83548,-94.92876,Active,IA
67384,iowa_cafo_group_0878,1,43.02619,-95.83938,Active,IA
67385,iowa_cafo_group_3168,1,42.07785,-91.18646,Active,IA
67386,iowa_cafo_group_3169,4,42.14517,-94.3178,Active,IA
67387,iowa_cafo_group_0006,0,43.49171,-95.86815,Active,IA
67388,iowa_cafo_group_1864,2,42.60404,-94.8105,Active,IA
67389,iowa_cafo_group_1365,1,41.41573,-91.36732,Active,IA
67390,iowa_cafo_group_3151,2,43.16293,-93.92988,Active,IA
67391,iowa_cafo_group_2598,4,41.11158,-91.31361,Active,IA
67392,iowa_cafo_group_0443,3,43.2372,-95.70443,Active,IA
67393,iowa_cafo_group_0514,2,41.36163,-92.40764,Active,IA
67394,iowa_cafo_group_3170,1,43.4997,-95.99888,Active,IA
67395,iowa_cafo_group_0006,0,43.33583,-96.27513,Active,IA
67396,iowa_cafo_group_0006,0,43.23813,-95.96233,Active,IA
67399,iowa_cafo_group_0239,4,42.11433,-95.05422,Active,IA
67400,iowa_cafo_group_0619,1,42.13662,-94.06646,Active,IA
67401,iowa_cafo_group_2343,3,43.34409,-95.54356,Active,IA
67402,iowa_cafo_group_1934,2,43.16331,-91.82557,Active,IA
67403,iowa_cafo_group_0190,2,43.44651,-95.54153,Active,IA
67405,iowa_cafo_group_0980,2,41.90559,-94.6356,Active,IA
67406,iowa_cafo_group_0006,0,42.98263,-96.44373,Active,IA
67407,iowa_cafo_group_0006,0,43.19115,-96.08014,Active,IA
67408,iowa_cafo_group_0006,0,43.20817,-96.0808,Active,IA
67409,iowa_cafo_group_0006,0,43.24104,-96.07806,Active,IA
67410,iowa_cafo_group_0006,0,43.2161,-95.97212,Active,IA
67411,iowa_cafo_group_3171,1,43.2002,-93.94953,Active,IA
67412,iowa_cafo_group_0006,0,43.2079,-95.96387,Active,IA
67413,iowa_cafo_group_0006,0,43.21288,-96.07842,Active,IA
67414,iowa_cafo_group_0006,0,43.24339,-95.96863,Active,IA
67415,iowa_cafo_group_1666,1,42.53046,-91.23301,Active,IA
67416,iowa_cafo_group_0006,0,43.31717,-96.05556,Active,IA
67417,iowa_cafo_group_0006,0,43.31313,-96.04004,Active,IA
67418,iowa_cafo_group_0006,0,43.30362,-96.07759,Active,IA
67419,iowa_cafo_group_0006,0,43.29557,-96.08037,Active,IA
67420,iowa_cafo_group_0006,0,43.23874,-95.92283,Active,IA
67421,iowa_cafo_group_0006,0,43.24178,-95.97225,Active,IA
67422,iowa_cafo_group_0611,1,42.42902,-92.11412,Active,IA
67423,iowa_cafo_group_1203,4,42.78692,-92.26658,Active,IA
67424,iowa_cafo_group_0645,2,42.30717,-90.8436,Active,IA
67425,iowa_cafo_group_0006,0,43.2158,-95.99439,Active,IA
67426,iowa_cafo_group_0006,0,43.24469,-96.05145,Active,IA
67427,iowa_cafo_group_0006,0,43.25774,-96.06781,Active,IA
67428,iowa_cafo_group_0006,0,43.24779,-96.09647,Active,IA
67429,iowa_cafo_group_0239,4,42.12598,-95.03525,Active,IA
67430,iowa_cafo_group_0006,0,43.2295,-96.05084,Active,IA
67431,iowa_cafo_group_0006,0,43.21499,-96.0589,Active,IA
67432,iowa_cafo_group_0006,0,43.23087,-95.99401,Active,IA
67433,iowa_cafo_group_0006,0,43.24464,-96.08965,Active,IA
67435,iowa_cafo_group_1268,3,41.38944,-92.41021,Active,IA
67436,iowa_cafo_group_0006,0,42.98269,-96.40397,Active,IA
67437,iowa_cafo_group_0011,3,42.7948,-96.10086,Active,IA
67438,iowa_cafo_group_0006,0,43.10261,-96.15105,Active,IA
67439,iowa_cafo_group_0006,0,43.15765,-96.1738,Active,IA
67440,iowa_cafo_group_0006,0,42.9543,-96.0804,Active,IA
67441,iowa_cafo_group_1819,3,42.11795,-94.22406,Active,IA
67443,iowa_cafo_group_3172,4,42.01461,-92.33928,Active,IA
67444,iowa_cafo_group_0483,4,43.02452,-95.78206,Active,IA
67445,iowa_cafo_group_0945,4,42.30008,-93.81639,Active,IA
67446,iowa_cafo_group_0653,4,42.41202,-91.61264,Active,IA
67447,iowa_cafo_group_0191,1,43.4876,-96.15431,Active,IA
67448,iowa_cafo_group_0006,0,43.18755,-96.04164,Active,IA
67449,iowa_cafo_group_0006,0,43.18502,-96.05395,Active,IA
67450,iowa_cafo_group_0006,0,43.18347,-96.04021,Active,IA
67451,iowa_cafo_group_0006,0,43.1828,-96.04051,Active,IA
67452,iowa_cafo_group_3133,2,40.82567,-95.69067,Active,IA
67453,iowa_cafo_group_3173,1,42.76,-91.89454,Active,IA
67454,iowa_cafo_group_2398,4,42.73038,-91.99663,Active,IA
67455,iowa_cafo_group_1812,2,42.54056,-91.30157,Active,IA
67456,iowa_cafo_group_3174,1,41.073,-92.30166,Active,IA
67457,iowa_cafo_group_3175,3,41.65839,-91.04842,Active,IA
67458,iowa_cafo_group_3176,0,42.63105,-91.42114,Active,IA
67459,iowa_cafo_group_2092,2,42.92846,-91.79553,Active,IA
67460,iowa_cafo_group_3177,2,43.0072,-91.77996,Active,IA
67461,iowa_cafo_group_2839,4,41.92721,-94.2227,Active,IA
67462,iowa_cafo_group_2101,1,42.26592,-93.1617,Active,IA
67463,iowa_cafo_group_2127,2,41.32326,-92.48536,Active,IA
67464,iowa_cafo_group_1364,3,43.04343,-92.17089,Active,IA
67465,iowa_cafo_group_0792,2,42.33848,-94.67905,Active,IA
67466,iowa_cafo_group_3178,0,41.49153,-92.61177,Active,IA
67467,iowa_cafo_group_3179,1,42.72992,-91.83429,Active,IA
67468,iowa_cafo_group_0150,3,42.06532,-95.04175,Active,IA
67469,iowa_cafo_group_3180,1,40.82808,-94.70384,Active,IA
67470,iowa_cafo_group_3181,2,42.47666,-91.8448,Active,IA
67471,iowa_cafo_group_3069,1,41.07882,-91.74614,Active,IA
67472,iowa_cafo_group_0031,1,41.27058,-95.19846,Active,IA
67473,iowa_cafo_group_3182,1,41.49405,-91.33168,Active,IA
67474,iowa_cafo_group_2002,4,41.53327,-91.93987,Active,IA
67475,iowa_cafo_group_1147,1,41.81495,-91.12646,Active,IA
67476,iowa_cafo_group_2263,4,41.52234,-91.08628,Active,IA
67477,iowa_cafo_group_2263,4,41.5235,-91.04867,Active,IA
67478,iowa_cafo_group_3183,1,41.73273,-94.7048,Active,IA
67479,iowa_cafo_group_0782,2,42.52019,-95.02068,Active,IA
67481,iowa_cafo_group_2210,1,41.42393,-92.01343,Active,IA
67483,iowa_cafo_group_0006,0,43.09936,-95.9912,Active,IA
67484,iowa_cafo_group_0227,4,41.38029,-91.72349,Active,IA
67485,iowa_cafo_group_3184,4,41.25154,-92.69579,Active,IA
67486,iowa_cafo_group_3185,0,41.54634,-90.79751,Active,IA
67487,iowa_cafo_group_0006,0,43.15797,-96.07495,Active,IA
67488,iowa_cafo_group_0006,0,43.14327,-96.02321,Active,IA
67489,iowa_cafo_group_0989,1,43.25086,-95.48567,Active,IA
67490,iowa_cafo_group_2427,1,42.45636,-91.66751,Active,IA
67491,iowa_cafo_group_0082,4,42.79195,-93.43981,Active,IA
67492,iowa_cafo_group_0886,3,42.46509,-93.59986,Active,IA
67493,iowa_cafo_group_0946,2,42.93559,-92.7118,Active,IA
67494,iowa_cafo_group_2541,4,42.49865,-91.64163,Active,IA
67495,iowa_cafo_group_0227,4,41.37921,-91.71613,Active,IA
67496,iowa_cafo_group_1915,2,42.47105,-94.87489,Active,IA
67497,iowa_cafo_group_2551,3,41.83994,-90.50891,Active,IA
67498,iowa_cafo_group_1733,3,42.83332,-94.28308,Active,IA
67499,iowa_cafo_group_2641,3,42.03688,-92.12905,Active,IA
67500,iowa_cafo_group_2491,2,42.49256,-91.99407,Active,IA
67501,iowa_cafo_group_3080,4,41.10747,-95.17934,Active,IA
67502,iowa_cafo_group_3186,1,41.12889,-94.1925,Active,IA
67504,iowa_cafo_group_3187,2,41.18892,-94.16489,Active,IA
67505,iowa_cafo_group_3188,1,41.23122,-94.15033,Active,IA
67507,iowa_cafo_group_1882,4,42.91664,-94.59861,Active,IA
67508,iowa_cafo_group_3189,1,41.52872,-90.8855,Active,IA
67509,iowa_cafo_group_1123,4,41.04448,-91.02644,Active,IA
67510,iowa_cafo_group_0006,0,43.18503,-96.02221,Active,IA
67511,iowa_cafo_group_3190,4,42.21508,-91.714,Active,IA
67512,iowa_cafo_group_3191,4,40.65044,-94.89433,Active,IA
67513,iowa_cafo_group_3192,1,40.88518,-94.24541,Active,IA
67514,iowa_cafo_group_0545,4,42.42618,-93.44322,Active,IA
67515,iowa_cafo_group_0006,0,43.085,-96.03333,Active,IA
67516,iowa_cafo_group_0006,0,43.15775,-96.08395,Active,IA
67517,iowa_cafo_group_0006,0,43.12764,-96.05377,Active,IA
67518,iowa_cafo_group_0006,0,43.11105,-96.11501,Active,IA
67519,iowa_cafo_group_0006,0,43.17076,-95.93979,Active,IA
67520,iowa_cafo_group_3193,3,40.59447,-92.53342,Active,IA
67521,iowa_cafo_group_0006,0,43.17317,-96.08002,Active,IA
67522,iowa_cafo_group_0006,0,43.08554,-96.07184,Active,IA
67523,iowa_cafo_group_0006,0,43.21974,-96.09704,Active,IA
67524,iowa_cafo_group_0006,0,43.15244,-96.09656,Active,IA
67525,iowa_cafo_group_0006,0,43.09867,-95.87102,Active,IA
67527,iowa_cafo_group_0006,0,42.92433,-96.35628,Active,IA
67528,iowa_cafo_group_0006,0,42.92344,-96.33246,Active,IA
67529,iowa_cafo_group_0006,0,42.94205,-96.33281,Active,IA
67530,iowa_cafo_group_0006,0,43.13145,-95.91917,Active,IA
67531,iowa_cafo_group_0006,0,42.93285,-96.4301,Active,IA
67532,iowa_cafo_group_0006,0,42.98546,-96.39015,Active,IA
67533,iowa_cafo_group_0006,0,42.93081,-96.3525,Active,IA
67534,iowa_cafo_group_0006,0,42.91085,-96.4321,Active,IA
67535,iowa_cafo_group_0006,0,43.14144,-95.94925,Active,IA
67536,iowa_cafo_group_3080,4,41.10456,-95.18121,Active,IA
67537,iowa_cafo_group_2391,3,42.89066,-94.45225,Active,IA
67538,iowa_cafo_group_0087,3,43.00147,-94.65975,Active,IA
67539,iowa_cafo_group_0224,2,43.05667,-94.79562,Active,IA
67540,iowa_cafo_group_3194,0,41.85103,-91.16331,Active,IA
67541,iowa_cafo_group_2158,4,43.14474,-91.38937,Active,IA
67543,iowa_cafo_group_0006,0,42.9097,-96.23269,Active,IA
67544,iowa_cafo_group_0443,3,43.31915,-95.56499,Active,IA
67545,iowa_cafo_group_0006,0,43.0418,-96.18547,Active,IA
67546,iowa_cafo_group_0006,0,43.16653,-95.91969,Active,IA
67547,iowa_cafo_group_3195,0,40.88973,-94.625,Active,IA
67548,iowa_cafo_group_0006,0,42.96547,-96.27362,Active,IA
67549,iowa_cafo_group_0006,0,42.98003,-96.31167,Active,IA
67550,iowa_cafo_group_2847,4,40.89721,-92.64331,Active,IA
67551,iowa_cafo_group_3196,3,40.94209,-92.65977,Active,IA
67552,iowa_cafo_group_3197,2,40.64359,-92.63027,Active,IA
67553,iowa_cafo_group_3198,1,41.75341,-90.50571,Active,IA
67554,iowa_cafo_group_0006,0,42.92121,-96.1936,Active,IA
67558,iowa_cafo_group_3199,2,41.54532,-91.16421,Active,IA
67559,iowa_cafo_group_0006,0,43.13848,-96.00072,Active,IA
67560,iowa_cafo_group_0006,0,43.13521,-95.9999,Active,IA
67562,iowa_cafo_group_0006,0,43.15453,-96.07959,Active,IA
67563,iowa_cafo_group_0006,0,43.13179,-96.05634,Active,IA
67564,iowa_cafo_group_0006,0,43.01766,-96.15467,Active,IA
67565,iowa_cafo_group_0006,0,43.02172,-96.13488,Active,IA
67566,iowa_cafo_group_0006,0,43.08263,-96.12481,Active,IA
67567,iowa_cafo_group_0006,0,43.07049,-96.12246,Active,IA
67568,iowa_cafo_group_0006,0,43.01228,-96.12563,Active,IA
67569,iowa_cafo_group_0006,0,43.01035,-96.15486,Active,IA
67570,iowa_cafo_group_0006,0,43.16466,-96.01842,Active,IA
67571,iowa_cafo_group_0006,0,43.1296,-96.0281,Active,IA
67573,iowa_cafo_group_0006,0,43.08346,-96.16894,Active,IA
67574,iowa_cafo_group_0006,0,43.03954,-95.96323,Active,IA
67575,iowa_cafo_group_0006,0,43.08346,-96.16894,Active,IA
67576,iowa_cafo_group_0006,0,43.06833,-95.87575,Active,IA
67577,iowa_cafo_group_0006,0,43.0533,-95.96067,Active,IA
67578,iowa_cafo_group_0006,0,43.06992,-95.88772,Active,IA
67579,iowa_cafo_group_0006,0,43.05636,-96.1893,Active,IA
67580,iowa_cafo_group_0006,0,43.0444,-95.88174,Active,IA
67581,iowa_cafo_group_2936,1,41.58121,-95.03948,Active,IA
67582,iowa_cafo_group_0006,0,42.96065,-96.29072,Active,IA
67583,iowa_cafo_group_0069,3,43.33436,-94.63822,Active,IA
67584,iowa_cafo_group_1065,3,43.33409,-94.32637,Active,IA
67585,iowa_cafo_group_0237,0,41.91892,-92.15159,Active,IA
67586,iowa_cafo_group_0006,0,43.04061,-95.91706,Active,IA
67588,iowa_cafo_group_0006,0,43.05653,-96.05823,Active,IA
67589,iowa_cafo_group_0006,0,43.01967,-96.01641,Active,IA
67590,iowa_cafo_group_0006,0,42.91645,-96.33088,Active,IA
67591,iowa_cafo_group_3200,1,42.07159,-95.49622,Active,IA
67592,iowa_cafo_group_0006,0,43.02727,-95.86869,Active,IA
67593,iowa_cafo_group_0006,0,42.96681,-96.2197,Active,IA
67594,iowa_cafo_group_0006,0,42.98233,-96.25535,Active,IA
67596,iowa_cafo_group_0006,0,42.92289,-96.28686,Active,IA
67597,iowa_cafo_group_0006,0,42.96004,-96.33128,Active,IA
67598,iowa_cafo_group_0006,0,42.95189,-96.28273,Active,IA
67599,iowa_cafo_group_0006,0,43.0418,-95.97434,Active,IA
67600,iowa_cafo_group_0069,3,43.23105,-94.52038,Active,IA
67601,iowa_cafo_group_0061,1,42.91189,-96.03502,Active,IA
67602,iowa_cafo_group_0006,0,42.93779,-96.07185,Active,IA
67603,iowa_cafo_group_0006,0,43.11396,-96.05346,Active,IA
67604,iowa_cafo_group_0227,4,41.14116,-91.54582,Active,IA
67605,iowa_cafo_group_0800,1,43.37136,-94.51089,Active,IA
67606,iowa_cafo_group_0006,0,43.14355,-96.05739,Active,IA
67607,iowa_cafo_group_0006,0,43.0484,-96.07519,Active,IA
67608,iowa_cafo_group_0061,1,42.9156,-95.99841,Active,IA
67609,iowa_cafo_group_0006,0,43.07067,-96.00516,Active,IA
67610,iowa_cafo_group_0006,0,43.0694,-96.00633,Active,IA
67611,iowa_cafo_group_0006,0,42.93122,-96.23038,Active,IA
67612,iowa_cafo_group_0006,0,43.01167,-95.91414,Active,IA
67613,iowa_cafo_group_0787,1,42.23095,-94.8018,Active,IA
67614,iowa_cafo_group_0006,0,43.10031,-95.87995,Active,IA
67615,iowa_cafo_group_0006,0,43.06453,-96.1542,Active,IA
67616,iowa_cafo_group_0006,0,43.02167,-96.17715,Active,IA
67617,iowa_cafo_group_0006,0,43.06904,-96.20789,Active,IA
67618,iowa_cafo_group_0006,0,43.06948,-96.2137,Active,IA
67619,iowa_cafo_group_0006,0,43.05661,-96.14438,Active,IA
67620,iowa_cafo_group_0006,0,43.02448,-96.15708,Active,IA
67621,iowa_cafo_group_0006,0,43.01342,-96.13114,Active,IA
67623,iowa_cafo_group_0006,0,43.02968,-95.91806,Active,IA
67624,iowa_cafo_group_0006,0,43.08944,-95.90983,Active,IA
67625,iowa_cafo_group_0006,0,43.009,-96.15697,Active,IA
67626,iowa_cafo_group_0006,0,43.00881,-95.95958,Active,IA
67627,iowa_cafo_group_0006,0,43.0689,-95.95818,Active,IA
67628,iowa_cafo_group_0006,0,43.06935,-95.96193,Active,IA
67629,iowa_cafo_group_3201,1,42.06039,-90.75887,Active,IA
67630,iowa_cafo_group_0006,0,42.90975,-96.21989,Active,IA
67631,iowa_cafo_group_0006,0,43.0407,-95.87053,Active,IA
67633,iowa_cafo_group_0006,0,43.08281,-95.96576,Active,IA
67634,iowa_cafo_group_0006,0,43.13281,-96.0403,Active,IA
67635,iowa_cafo_group_3202,2,40.65934,-95.75056,Active,IA
67636,iowa_cafo_group_3202,2,40.65161,-95.74668,Active,IA
67637,iowa_cafo_group_0080,2,41.9596,-94.93237,Active,IA
67638,iowa_cafo_group_0789,3,41.21367,-91.44284,Active,IA
67639,iowa_cafo_group_0232,0,43.44207,-95.08043,Active,IA
67640,iowa_cafo_group_0352,4,40.9316,-91.71514,Active,IA
67641,iowa_cafo_group_0006,0,43.0684,-95.88573,Active,IA
67643,iowa_cafo_group_0812,3,43.19319,-94.38785,Active,IA
67644,iowa_cafo_group_0812,3,43.16705,-94.39068,Active,IA
67645,iowa_cafo_group_0006,0,43.05803,-95.89309,Active,IA
67646,iowa_cafo_group_0900,3,42.65998,-91.46707,Active,IA
67647,iowa_cafo_group_3203,0,40.67481,-92.29301,Active,IA
67648,iowa_cafo_group_1733,3,42.86401,-94.23896,Active,IA
67649,iowa_cafo_group_1030,0,42.52297,-92.15624,Active,IA
67650,iowa_cafo_group_0006,0,42.90635,-96.50831,Active,IA
67653,iowa_cafo_group_0872,1,43.07573,-94.48334,Active,IA
67654,iowa_cafo_group_0069,3,43.34987,-94.60175,Active,IA
67655,iowa_cafo_group_3204,3,43.44593,-94.75722,Active,IA
67656,iowa_cafo_group_0006,0,43.35593,-96.19635,Active,IA
67657,iowa_cafo_group_0006,0,43.37734,-96.17463,Active,IA
67658,iowa_cafo_group_0006,0,43.37352,-96.20733,Active,IA
67659,iowa_cafo_group_3205,4,42.25755,-90.9066,Active,IA
67660,iowa_cafo_group_1085,2,42.81246,-96.31032,Active,IA
67661,iowa_cafo_group_0006,0,43.03983,-96.11387,Active,IA
67662,iowa_cafo_group_0006,0,43.03544,-96.03552,Active,IA
67663,iowa_cafo_group_0006,0,43.08092,-96.13106,Active,IA
67664,iowa_cafo_group_0006,0,43.06879,-96.12099,Active,IA
67665,iowa_cafo_group_0006,0,43.05112,-96.13862,Active,IA
67666,iowa_cafo_group_0006,0,43.01155,-96.00668,Active,IA
67667,iowa_cafo_group_0006,0,43.06273,-95.99856,Active,IA
67668,iowa_cafo_group_0011,3,42.693,-96.05254,Active,IA
67669,iowa_cafo_group_0006,0,43.07653,-95.99613,Active,IA
67670,iowa_cafo_group_0006,0,42.93798,-96.23074,Active,IA
67671,iowa_cafo_group_0006,0,43.07552,-95.99885,Active,IA
67672,iowa_cafo_group_0006,0,43.06972,-96.04151,Active,IA
67673,iowa_cafo_group_3206,2,42.32902,-91.44328,Active,IA
67674,iowa_cafo_group_0764,2,43.14537,-94.13709,Active,IA
67675,iowa_cafo_group_3207,4,41.25123,-94.06514,Active,IA
67676,iowa_cafo_group_0892,3,42.69158,-95.8969,Active,IA
67677,iowa_cafo_group_1226,4,41.56607,-91.90406,Active,IA
67678,iowa_cafo_group_0217,3,41.40866,-91.19467,Active,IA
67679,iowa_cafo_group_0227,4,41.10644,-91.5688,Active,IA
67680,iowa_cafo_group_1853,1,43.47121,-95.64158,Active,IA
67681,iowa_cafo_group_0486,2,42.04111,-95.61313,Active,IA
67686,iowa_cafo_group_1213,4,41.66863,-92.21031,Active,IA
67688,iowa_cafo_group_1904,1,40.97596,-91.19267,Active,IA
67689,iowa_cafo_group_3208,1,40.95231,-92.19719,Active,IA
67690,iowa_cafo_group_3209,1,40.96834,-92.18046,Active,IA
67691,iowa_cafo_group_0399,2,42.92144,-94.43094,Active,IA
67692,iowa_cafo_group_1442,2,43.19907,-92.55845,Active,IA
67693,iowa_cafo_group_2387,1,42.72743,-95.09487,Active,IA
67694,iowa_cafo_group_1106,3,43.18413,-94.59383,Active,IA
67695,iowa_cafo_group_3210,3,42.7163,-92.96363,Active,IA
67696,iowa_cafo_group_0746,2,42.52825,-92.868,Active,IA
67699,iowa_cafo_group_1671,1,42.70373,-93.55921,Active,IA
67700,iowa_cafo_group_1671,1,42.70369,-93.56636,Active,IA
67701,iowa_cafo_group_0837,2,40.90186,-94.33932,Active,IA
67702,iowa_cafo_group_1111,3,41.29174,-91.76704,Active,IA
67703,iowa_cafo_group_1250,1,41.27199,-92.05556,Active,IA
67704,iowa_cafo_group_1502,0,41.48057,-91.09574,Active,IA
67705,iowa_cafo_group_3211,3,41.61447,-92.83524,Active,IA
67706,iowa_cafo_group_0006,0,43.29692,-96.31659,Active,IA
67708,iowa_cafo_group_1733,3,42.84745,-94.23907,Active,IA
67709,iowa_cafo_group_0011,3,42.77918,-96.00017,Active,IA
67710,iowa_cafo_group_0084,4,42.5934,-91.82704,Active,IA
67711,iowa_cafo_group_0545,4,42.25162,-93.37434,Active,IA
67712,iowa_cafo_group_0087,3,42.94787,-94.69744,Active,IA
67713,iowa_cafo_group_0087,3,42.95137,-94.65474,Active,IA
67714,iowa_cafo_group_2518,4,41.56968,-91.42288,Active,IA
67715,iowa_cafo_group_0227,4,41.34696,-91.62032,Active,IA
67716,iowa_cafo_group_1123,4,41.0884,-91.01937,Active,IA
67717,iowa_cafo_group_3212,2,41.78816,-95.42242,Active,IA
67718,iowa_cafo_group_0925,2,42.65671,-92.24751,Active,IA
67719,iowa_cafo_group_0006,0,43.07648,-95.94003,Active,IA
67720,iowa_cafo_group_0061,1,42.92528,-96.03424,Active,IA
67721,iowa_cafo_group_0061,1,42.95417,-95.99642,Active,IA
67722,iowa_cafo_group_0006,0,43.10908,-95.99991,Active,IA
67723,iowa_cafo_group_2813,2,42.0884,-92.25996,Active,IA
67724,iowa_cafo_group_3213,4,43.36331,-94.8583,Active,IA
67725,iowa_cafo_group_0782,2,42.66254,-95.01605,Active,IA
67726,iowa_cafo_group_1628,4,43.39773,-95.38935,Active,IA
67727,iowa_cafo_group_0061,1,42.77119,-95.89769,Active,IA
67728,iowa_cafo_group_3214,1,40.60919,-94.50849,Active,IA
67729,iowa_cafo_group_0006,0,42.9346,-96.29237,Active,IA
67730,iowa_cafo_group_0938,4,43.45845,-94.31505,Active,IA
67731,iowa_cafo_group_3215,4,42.06094,-95.8103,Active,IA
67732,iowa_cafo_group_0061,1,42.84119,-95.75906,Active,IA
67733,iowa_cafo_group_3216,3,42.29273,-94.32248,Active,IA
67734,iowa_cafo_group_1219,3,41.18273,-91.35039,Active,IA
67735,iowa_cafo_group_3069,1,41.0606,-91.78076,Active,IA
67736,iowa_cafo_group_0006,0,43.07069,-96.01452,Active,IA
67737,iowa_cafo_group_0750,4,42.30184,-93.46421,Active,IA
67738,iowa_cafo_group_2426,2,42.55547,-93.63561,Active,IA
67739,iowa_cafo_group_0006,0,42.98102,-96.15643,Active,IA
67741,iowa_cafo_group_3217,0,41.64263,-90.79172,Active,IA
67742,iowa_cafo_group_0006,0,42.99823,-95.94176,Active,IA
67744,iowa_cafo_group_0006,0,43.0223,-95.94387,Active,IA
67745,iowa_cafo_group_0006,0,42.99734,-95.95414,Active,IA
67746,iowa_cafo_group_1628,4,43.38626,-95.37756,Active,IA
67747,iowa_cafo_group_0200,2,43.34201,-95.34938,Active,IA
67748,iowa_cafo_group_3218,2,42.84068,-92.68797,Active,IA
67749,iowa_cafo_group_0510,3,43.4291,-92.61268,Active,IA
67750,iowa_cafo_group_2456,4,41.50343,-92.49545,Active,IA
67751,iowa_cafo_group_3219,3,41.54713,-91.27315,Active,IA
67753,iowa_cafo_group_3220,1,43.22397,-94.68041,Active,IA
67754,iowa_cafo_group_0006,0,43.01563,-96.1741,Active,IA
67755,iowa_cafo_group_3221,3,42.03629,-91.01153,Active,IA
67756,iowa_cafo_group_2940,1,40.98721,-91.54455,Active,IA
67757,iowa_cafo_group_0227,4,41.35191,-91.67623,Active,IA
67758,iowa_cafo_group_3222,1,42.28171,-90.89496,Active,IA
67759,iowa_cafo_group_0069,3,43.24784,-94.59846,Active,IA
67761,iowa_cafo_group_3223,4,42.01533,-93.10962,Active,IA
67762,iowa_cafo_group_3224,4,42.34513,-95.59547,Active,IA
67763,iowa_cafo_group_1223,1,42.33264,-93.46419,Active,IA
67765,iowa_cafo_group_3225,3,43.47639,-92.30572,Active,IA
67766,iowa_cafo_group_3226,4,42.86811,-93.89041,Active,IA
67767,iowa_cafo_group_0687,3,43.05207,-91.94146,Active,IA
67769,iowa_cafo_group_1907,3,42.76972,-91.72404,Active,IA
67770,iowa_cafo_group_3227,4,40.89086,-93.19926,Active,IA
67771,iowa_cafo_group_2262,1,43.35597,-92.83589,Active,IA
67772,iowa_cafo_group_0739,1,42.57173,-93.23811,Active,IA
67773,iowa_cafo_group_2327,2,41.85136,-95.30715,Active,IA
67776,iowa_cafo_group_1300,4,42.65234,-96.28873,Active,IA
67777,iowa_cafo_group_0127,2,41.31625,-91.9414,Active,IA
67778,iowa_cafo_group_3228,3,40.60738,-93.89752,Active,IA
67779,iowa_cafo_group_3202,2,40.67463,-95.74555,Active,IA
67780,iowa_cafo_group_3229,4,41.53147,-95.47935,Active,IA
67781,iowa_cafo_group_0006,0,43.46276,-95.79859,Active,IA
67782,iowa_cafo_group_0612,3,42.39986,-94.69737,Active,IA
67783,iowa_cafo_group_3230,4,43.09214,-95.34976,Active,IA
67784,iowa_cafo_group_1111,3,41.30023,-91.82817,Active,IA
67785,iowa_cafo_group_0569,1,41.59489,-90.74693,Active,IA
67786,iowa_cafo_group_0227,4,41.30868,-91.65179,Active,IA
67787,iowa_cafo_group_1707,3,43.25565,-94.31651,Active,IA
67788,iowa_cafo_group_3224,4,42.34653,-95.61259,Active,IA
67789,iowa_cafo_group_0006,0,43.41973,-96.0389,Active,IA
67790,iowa_cafo_group_1837,2,43.18395,-94.31403,Active,IA
67791,iowa_cafo_group_3231,3,42.84489,-91.8933,Active,IA
67792,iowa_cafo_group_2543,1,41.49479,-92.4314,Active,IA
67793,iowa_cafo_group_1951,3,42.39133,-92.02488,Active,IA
67794,iowa_cafo_group_3232,4,43.08627,-91.69742,Active,IA
67795,iowa_cafo_group_3233,0,43.3662,-92.48445,Active,IA
67797,iowa_cafo_group_1171,1,42.45693,-93.70348,Active,IA
67798,iowa_cafo_group_3234,2,41.9833,-90.6861,Active,IA
67799,iowa_cafo_group_1268,3,41.40904,-92.41048,Active,IA
67800,iowa_cafo_group_0737,3,42.65705,-93.27464,Active,IA
67801,iowa_cafo_group_3235,3,43.06801,-93.88763,Active,IA
67802,iowa_cafo_group_0722,1,43.42807,-92.47448,Active,IA
67803,iowa_cafo_group_1567,4,41.34041,-95.05127,Active,IA
67804,iowa_cafo_group_1853,1,43.47977,-95.641,Active,IA
67805,iowa_cafo_group_3236,3,40.71497,-92.94441,Active,IA
67806,iowa_cafo_group_3237,2,41.94268,-90.67769,Active,IA
67807,iowa_cafo_group_1739,2,41.83143,-94.72182,Active,IA
67809,iowa_cafo_group_1272,1,42.94,-93.01,Active,IA
67810,iowa_cafo_group_3238,3,43.0965,-94.09151,Active,IA
67811,iowa_cafo_group_3239,2,41.2881,-95.44445,Active,IA
67812,iowa_cafo_group_1921,3,41.89106,-94.99243,Active,IA
67813,iowa_cafo_group_3240,2,40.85454,-95.099,Active,IA
67814,iowa_cafo_group_0036,3,42.54833,-95.10012,Active,IA
67815,iowa_cafo_group_0593,1,42.86274,-94.11563,Active,IA
67818,iowa_cafo_group_3241,3,43.41956,-91.70778,Active,IA
67819,iowa_cafo_group_3242,2,41.23324,-93.77201,Active,IA
67820,iowa_cafo_group_0908,4,42.49428,-93.0932,Active,IA
67821,iowa_cafo_group_3243,1,41.39353,-92.8,Active,IA
67822,iowa_cafo_group_3244,1,42.42684,-92.31641,Active,IA
67823,iowa_cafo_group_1309,3,42.52229,-91.15547,Active,IA
67824,iowa_cafo_group_3245,3,42.45616,-91.60804,Active,IA
67825,iowa_cafo_group_3246,0,42.15774,-94.71567,Active,IA
67826,iowa_cafo_group_3064,1,42.04229,-91.12975,Active,IA
67827,iowa_cafo_group_2183,3,43.11726,-95.44698,Active,IA
67828,iowa_cafo_group_3247,1,41.1488,-93.42175,Active,IA
67829,iowa_cafo_group_0061,1,42.8339,-95.77769,Active,IA
67830,iowa_cafo_group_3248,1,41.99827,-90.6496,Active,IA
67831,iowa_cafo_group_3249,3,42.77938,-91.20366,Active,IA
67832,iowa_cafo_group_1225,1,42.59094,-91.21501,Active,IA
67833,iowa_cafo_group_0061,1,42.82337,-95.70572,Active,IA
67834,iowa_cafo_group_0675,3,42.88447,-95.71903,Active,IA
67835,iowa_cafo_group_0782,2,42.65514,-94.99279,Active,IA
67836,iowa_cafo_group_3250,4,42.38839,-90.99993,Active,IA
67837,iowa_cafo_group_0090,3,41.23603,-91.80389,Active,IA
67838,iowa_cafo_group_0080,2,41.96051,-94.95595,Active,IA
67839,iowa_cafo_group_0918,1,42.89294,-95.62353,Active,IA
67840,iowa_cafo_group_3251,3,41.14994,-91.9735,Active,IA
67841,iowa_cafo_group_0866,1,41.15554,-91.64318,Active,IA
67842,iowa_cafo_group_3252,0,42.60125,-95.66835,Active,IA
67843,iowa_cafo_group_1677,1,43.16887,-93.89532,Active,IA
67844,iowa_cafo_group_0781,1,42.84119,-93.79484,Active,IA
67845,iowa_cafo_group_1695,1,43.07461,-93.91206,Active,IA
67846,iowa_cafo_group_3253,4,43.49975,-92.06256,Active,IA
67847,iowa_cafo_group_0739,1,42.58548,-93.1504,Active,IA
67848,iowa_cafo_group_1220,3,41.17279,-91.46772,Active,IA
67849,iowa_cafo_group_2917,4,41.678,-91.21923,Active,IA
67850,iowa_cafo_group_0603,1,42.29645,-93.75009,Active,IA
67852,iowa_cafo_group_3254,0,41.04153,-95.06563,Active,IA
67853,iowa_cafo_group_1417,3,42.39667,-92.86453,Active,IA
67854,iowa_cafo_group_1378,1,41.44084,-92.70807,Active,IA
67855,iowa_cafo_group_3255,1,40.72502,-93.83297,Active,IA
67856,iowa_cafo_group_0216,3,42.74475,-95.82153,Active,IA
67859,iowa_cafo_group_3256,0,41.56916,-91.21279,Active,IA
67860,iowa_cafo_group_0227,4,41.3513,-91.71016,Active,IA
67861,iowa_cafo_group_1954,1,40.69779,-92.22414,Active,IA
67862,iowa_cafo_group_3257,4,42.37662,-93.88227,Active,IA
67863,iowa_cafo_group_3258,1,42.63388,-95.68806,Active,IA
67864,iowa_cafo_group_3258,1,42.6278,-95.67212,Active,IA
67865,iowa_cafo_group_3259,4,42.57698,-95.67942,Active,IA
67866,iowa_cafo_group_3260,2,42.8307,-94.4771,Active,IA
67867,iowa_cafo_group_1626,2,42.92209,-93.92223,Active,IA
67868,iowa_cafo_group_3261,2,41.38876,-92.71846,Active,IA
67869,iowa_cafo_group_3262,1,41.86691,-93.26936,Active,IA
67870,iowa_cafo_group_0068,2,42.38726,-95.27473,Active,IA
67872,iowa_cafo_group_1789,4,43.48459,-91.71126,Active,IA
67873,iowa_cafo_group_0061,1,42.76315,-95.81823,Active,IA
67874,iowa_cafo_group_0239,4,42.16984,-95.03282,Active,IA
67875,iowa_cafo_group_3263,3,43.21216,-91.53497,Active,IA
67876,iowa_cafo_group_0545,4,42.26748,-93.25002,Active,IA
67877,iowa_cafo_group_3264,3,42.59944,-95.71143,Active,IA
67878,iowa_cafo_group_0006,0,43.4261,-95.7824,Active,IA
67879,iowa_cafo_group_0127,2,41.39128,-91.90511,Active,IA
67880,iowa_cafo_group_0332,4,42.3975,-93.66238,Active,IA
67881,iowa_cafo_group_3265,4,42.38487,-94.71901,Active,IA
67882,iowa_cafo_group_0332,4,42.39138,-93.66143,Active,IA
67883,iowa_cafo_group_3266,2,41.14123,-91.94534,Active,IA
67884,iowa_cafo_group_3267,1,40.67755,-94.54627,Active,IA
67885,iowa_cafo_group_3268,4,40.65503,-94.79978,Active,IA
67886,iowa_cafo_group_2285,3,41.76749,-92.17745,Active,IA
67887,iowa_cafo_group_3269,0,41.12976,-94.41125,Active,IA
67888,iowa_cafo_group_2157,1,43.10773,-91.6538,Active,IA
67889,iowa_cafo_group_3270,2,40.92118,-93.25498,Active,IA
67890,iowa_cafo_group_3271,3,40.93769,-93.28834,Active,IA
67891,iowa_cafo_group_0087,3,42.96611,-94.67465,Active,IA
67892,iowa_cafo_group_0502,4,42.31076,-95.54798,Active,IA
67893,iowa_cafo_group_0782,2,42.70762,-94.97085,Active,IA
67895,iowa_cafo_group_3272,2,40.82211,-93.70861,Active,IA
67896,iowa_cafo_group_0061,1,42.83866,-95.76271,Active,IA
67899,iowa_cafo_group_3226,4,42.84955,-93.89061,Active,IA
67900,iowa_cafo_group_0653,4,42.38997,-91.6158,Active,IA
67901,iowa_cafo_group_1144,4,43.17379,-92.13465,Active,IA
67902,iowa_cafo_group_1297,2,41.01679,-91.54024,Active,IA
67903,iowa_cafo_group_1658,2,41.62562,-90.90074,Active,IA
67904,iowa_cafo_group_2852,4,42.38583,-92.53518,Active,IA
67905,iowa_cafo_group_0443,3,43.27145,-95.67938,Active,IA
67906,iowa_cafo_group_3273,4,41.47733,-95.49984,Active,IA
67907,iowa_cafo_group_3274,2,41.81575,-90.83112,Active,IA
67908,iowa_cafo_group_3275,3,41.5522,-90.97406,Active,IA
67909,iowa_cafo_group_0545,4,42.23678,-93.35516,Active,IA
67910,iowa_cafo_group_0738,3,42.62368,-93.43882,Active,IA
67912,iowa_cafo_group_3276,4,43.34503,-93.53345,Active,IA
67913,iowa_cafo_group_3277,1,43.30568,-93.50461,Active,IA
67915,iowa_cafo_group_3278,2,42.49237,-91.04941,Active,IA
67916,iowa_cafo_group_3186,1,41.13319,-94.16709,Active,IA
67917,iowa_cafo_group_0536,2,42.57183,-91.73129,Active,IA
67918,iowa_cafo_group_0545,4,42.40599,-93.40352,Active,IA
67919,iowa_cafo_group_2121,3,41.71391,-90.93628,Active,IA
67920,iowa_cafo_group_0227,4,41.34544,-91.65218,Active,IA
67921,iowa_cafo_group_0480,1,41.14393,-91.73459,Active,IA
67922,iowa_cafo_group_1123,4,41.11517,-91.01073,Active,IA
67925,iowa_cafo_group_2756,3,40.79765,-91.92289,Active,IA
67926,iowa_cafo_group_3279,2,41.3282,-92.25666,Active,IA
67927,iowa_cafo_group_1078,3,42.25213,-94.43453,Active,IA
67928,iowa_cafo_group_3280,3,40.63926,-95.26897,Active,IA
67929,iowa_cafo_group_3281,4,40.58847,-94.88575,Active,IA
67931,iowa_cafo_group_3282,0,41.73944,-90.4623,Active,IA
67933,iowa_cafo_group_3283,2,42.80829,-91.74643,Active,IA
67934,iowa_cafo_group_0545,4,42.42133,-93.40628,Active,IA
67935,iowa_cafo_group_3284,4,41.50576,-95.50271,Active,IA
67938,iowa_cafo_group_1784,2,42.32477,-94.22412,Active,IA
67939,iowa_cafo_group_0772,2,42.40739,-94.28377,Active,IA
67940,iowa_cafo_group_3285,3,42.26328,-94.22207,Active,IA
67943,iowa_cafo_group_1945,2,41.01527,-95.05215,Active,IA
67944,iowa_cafo_group_3286,1,40.94821,-91.35365,Active,IA
67945,iowa_cafo_group_3287,4,41.5321,-90.72209,Active,IA
67947,iowa_cafo_group_2327,2,41.84869,-95.32631,Active,IA
67948,iowa_cafo_group_0516,2,42.09758,-95.90569,Active,IA
67949,iowa_cafo_group_1748,2,40.99397,-92.86099,Active,IA
67950,iowa_cafo_group_2963,3,40.61542,-93.58226,Active,IA
67951,iowa_cafo_group_0061,1,42.77939,-95.79054,Active,IA
67952,iowa_cafo_group_2351,4,41.13744,-94.31283,Active,IA
67953,iowa_cafo_group_0027,1,41.87271,-94.84062,Active,IA
67954,iowa_cafo_group_0006,0,42.93281,-96.07325,Active,IA
67955,iowa_cafo_group_3288,3,41.73286,-93.92201,Active,IA
67956,iowa_cafo_group_3289,1,41.06317,-91.85281,Active,IA
67958,iowa_cafo_group_1812,2,42.50714,-91.32381,Active,IA
67959,iowa_cafo_group_3186,1,41.13508,-94.17719,Active,IA
67960,iowa_cafo_group_1463,4,42.61613,-91.36058,Active,IA
67961,iowa_cafo_group_3290,2,42.70097,-91.48245,Active,IA
67962,iowa_cafo_group_3291,4,42.36547,-91.44711,Active,IA
67963,iowa_cafo_group_2455,1,42.014,-91.21876,Active,IA
67964,iowa_cafo_group_0093,1,42.96817,-92.04126,Active,IA
67965,iowa_cafo_group_2630,2,42.40947,-91.17417,Active,IA
67966,iowa_cafo_group_0061,1,42.76524,-95.74737,Active,IA
67968,iowa_cafo_group_3292,4,42.73663,-95.64887,Active,IA
67969,iowa_cafo_group_3292,4,42.76466,-95.64398,Active,IA
67970,iowa_cafo_group_0061,1,42.76926,-95.71996,Active,IA
67971,iowa_cafo_group_3293,3,42.80187,-95.66031,Active,IA
67972,iowa_cafo_group_3293,3,42.80899,-95.65217,Active,IA
67973,iowa_cafo_group_3294,0,42.81983,-95.62246,Active,IA
67974,iowa_cafo_group_0061,1,42.76712,-95.72655,Active,IA
67975,iowa_cafo_group_0061,1,42.75416,-95.7195,Active,IA
67976,iowa_cafo_group_2066,3,42.78928,-95.73848,Active,IA
67977,iowa_cafo_group_0061,1,42.80893,-95.68343,Active,IA
67978,iowa_cafo_group_0795,1,42.61818,-95.84688,Active,IA
67979,iowa_cafo_group_0795,1,42.61758,-95.85259,Active,IA
67980,iowa_cafo_group_0333,1,42.6151,-95.7953,Active,IA
67981,iowa_cafo_group_3295,4,41.76193,-92.28496,Active,IA
67983,iowa_cafo_group_3225,3,43.47218,-92.3048,Active,IA
67984,iowa_cafo_group_3296,0,43.09654,-91.60219,Active,IA
67986,iowa_cafo_group_3297,3,40.59822,-95.36453,Active,IA
67987,iowa_cafo_group_0660,3,41.44736,-95.07804,Active,IA
67988,iowa_cafo_group_3298,3,40.81146,-92.62908,Active,IA
67989,iowa_cafo_group_3298,3,40.82921,-92.63106,Active,IA
67991,iowa_cafo_group_0016,2,42.44157,-94.83893,Active,IA
67992,iowa_cafo_group_3299,3,43.10465,-92.05096,Active,IA
67993,iowa_cafo_group_3300,1,41.05786,-95.76649,Active,IA
67994,iowa_cafo_group_0613,3,42.15334,-93.81259,Active,IA
67995,iowa_cafo_group_3301,4,41.81645,-93.9372,Active,IA
67996,iowa_cafo_group_3004,4,42.666,-95.64122,Active,IA
67997,iowa_cafo_group_0483,4,43.00796,-95.70209,Active,IA
67998,iowa_cafo_group_0175,2,42.51897,-95.54209,Active,IA
67999,iowa_cafo_group_0006,0,43.25286,-96.29835,Active,IA
68002,iowa_cafo_group_1975,2,41.77915,-94.80094,Active,IA
68004,iowa_cafo_group_3292,4,42.74694,-95.6639,Active,IA
68005,iowa_cafo_group_3292,4,42.76091,-95.66281,Active,IA
68006,iowa_cafo_group_3292,4,42.73634,-95.66407,Active,IA
68007,iowa_cafo_group_2066,3,42.78964,-95.72196,Active,IA
68008,iowa_cafo_group_2000,4,42.29989,-94.42193,Active,IA
68010,iowa_cafo_group_0443,3,43.31903,-95.64005,Active,IA
68011,iowa_cafo_group_0061,1,42.88022,-95.82968,Active,IA
68013,iowa_cafo_group_0061,1,42.7773,-95.702,Active,IA
68014,iowa_cafo_group_2031,3,42.41134,-91.94026,Active,IA
68015,iowa_cafo_group_3302,4,43.25182,-91.68906,Active,IA
68016,iowa_cafo_group_2031,3,42.42746,-91.94678,Active,IA
68017,iowa_cafo_group_2491,2,42.48346,-91.97688,Active,IA
68018,iowa_cafo_group_0223,3,43.07317,-95.25076,Active,IA
68019,iowa_cafo_group_1322,2,40.85455,-91.37146,Active,IA
68021,iowa_cafo_group_0006,0,43.38582,-96.03287,Active,IA
68022,iowa_cafo_group_1904,1,40.97597,-91.21389,Active,IA
68023,iowa_cafo_group_1649,3,40.83999,-91.29428,Active,IA
68024,iowa_cafo_group_2278,3,40.91565,-91.02517,Active,IA
68025,iowa_cafo_group_0857,2,41.69435,-91.03403,Active,IA
68026,iowa_cafo_group_0890,4,43.48939,-95.31718,Active,IA
68027,iowa_cafo_group_3303,1,43.24335,-94.91274,Active,IA
68028,iowa_cafo_group_3304,2,42.00541,-91.92627,Active,IA
68030,iowa_cafo_group_3305,2,42.88842,-91.16037,Active,IA
68032,iowa_cafo_group_3306,0,40.62224,-95.27941,Active,IA
68033,iowa_cafo_group_2867,4,43.0251,-94.72131,Active,IA
68034,iowa_cafo_group_0224,2,43.0377,-94.74678,Active,IA
68035,iowa_cafo_group_1737,3,42.86623,-96.42544,Active,IA
68036,iowa_cafo_group_0200,2,43.36461,-95.46507,Active,IA
68037,iowa_cafo_group_0487,4,43.14881,-94.79451,Active,IA
68038,iowa_cafo_group_1442,2,43.1989,-92.61854,Active,IA
68040,iowa_cafo_group_0576,4,42.71652,-91.88433,Active,IA
68041,iowa_cafo_group_1309,3,42.53586,-91.16245,Active,IA
68043,iowa_cafo_group_0405,2,43.05554,-95.77106,Active,IA
68044,iowa_cafo_group_0935,3,42.55919,-94.76556,Active,IA
68045,iowa_cafo_group_1935,3,41.83583,-90.97696,Active,IA
68046,iowa_cafo_group_3307,0,41.06068,-91.31275,Active,IA
68049,iowa_cafo_group_3307,0,41.05403,-91.30517,Active,IA
68050,iowa_cafo_group_0782,2,42.65438,-94.96476,Active,IA
68051,iowa_cafo_group_0006,0,43.25696,-96.19256,Active,IA
68053,iowa_cafo_group_2143,3,42.25812,-90.79401,Active,IA
68054,iowa_cafo_group_3308,4,41.78237,-90.9581,Active,IA
68055,iowa_cafo_group_3309,1,41.45177,-91.4361,Active,IA
68056,iowa_cafo_group_3310,4,42.23271,-91.95682,Active,IA
68057,iowa_cafo_group_3310,4,42.21885,-91.96379,Active,IA
68058,iowa_cafo_group_1896,1,41.96543,-92.22769,Active,IA
68059,iowa_cafo_group_3311,2,42.16571,-92.22647,Active,IA
68060,iowa_cafo_group_3312,2,42.03582,-91.93777,Active,IA
68061,iowa_cafo_group_3313,1,42.28987,-91.93019,Active,IA
68062,iowa_cafo_group_1378,1,41.42733,-92.71751,Active,IA
68063,iowa_cafo_group_3314,2,41.64265,-91.25878,Active,IA
68065,iowa_cafo_group_1123,4,41.05013,-91.04416,Active,IA
68066,iowa_cafo_group_1123,4,41.03738,-91.00769,Active,IA
68067,iowa_cafo_group_0016,2,42.36713,-94.79852,Active,IA
68068,iowa_cafo_group_0760,1,43.09859,-94.45595,Active,IA
68069,iowa_cafo_group_3315,3,41.04596,-91.5416,Active,IA
68070,iowa_cafo_group_3316,3,41.08279,-91.54817,Active,IA
68072,iowa_cafo_group_0483,4,43.04492,-95.74069,Active,IA
68073,iowa_cafo_group_0800,1,43.37424,-94.46999,Active,IA
68074,iowa_cafo_group_2508,1,42.40086,-94.59426,Active,IA
68075,iowa_cafo_group_1442,2,43.21072,-92.57356,Active,IA
68076,iowa_cafo_group_0459,2,42.57727,-91.15773,Active,IA
68078,iowa_cafo_group_1375,4,41.98482,-92.16179,Active,IA
68079,iowa_cafo_group_1519,1,41.04637,-91.35132,Active,IA
68080,iowa_cafo_group_0708,2,42.51981,-91.54498,Active,IA
68081,iowa_cafo_group_1519,1,41.05401,-91.35123,Active,IA
68082,iowa_cafo_group_1519,1,41.03792,-91.35401,Active,IA
68083,iowa_cafo_group_3317,1,42.64155,-93.4605,Active,IA
68085,iowa_cafo_group_3318,4,42.24904,-94.69024,Active,IA
68086,iowa_cafo_group_0483,4,43.04166,-95.71355,Active,IA
68087,iowa_cafo_group_0483,4,43.03218,-95.74183,Active,IA
68088,iowa_cafo_group_0483,4,43.03367,-95.74274,Active,IA
68089,iowa_cafo_group_3319,2,43.43125,-94.62443,Active,IA
68090,iowa_cafo_group_0483,4,43.0258,-95.74498,Active,IA
68091,iowa_cafo_group_0807,1,43.34352,-92.65499,Active,IA
68092,iowa_cafo_group_3320,3,41.38737,-95.8275,Active,IA
68093,iowa_cafo_group_0246,3,42.4398,-94.76299,Active,IA
68095,iowa_cafo_group_3321,0,41.01789,-94.37646,Active,IA
68096,iowa_cafo_group_0870,2,41.20667,-92.2389,Active,IA
68097,iowa_cafo_group_0721,2,43.23483,-92.25608,Active,IA
68098,iowa_cafo_group_1039,3,43.16743,-95.55981,Active,IA
68099,iowa_cafo_group_0611,1,42.4073,-92.14262,Active,IA
68100,iowa_cafo_group_2351,4,41.13214,-94.30604,Active,IA
68102,iowa_cafo_group_3322,0,42.34319,-93.13856,Active,IA
68103,iowa_cafo_group_1039,3,43.16729,-95.51046,Active,IA
68104,iowa_cafo_group_0561,1,43.08799,-95.58957,Active,IA
68105,iowa_cafo_group_3323,2,41.29096,-92.28921,Active,IA
68106,iowa_cafo_group_2372,3,41.65128,-93.93222,Active,IA
68107,iowa_cafo_group_2058,3,42.28243,-94.70493,Active,IA
68108,iowa_cafo_group_3324,2,42.21825,-90.78762,Active,IA
68109,iowa_cafo_group_2514,1,40.82734,-91.79438,Active,IA
68110,iowa_cafo_group_3325,2,41.45819,-91.36566,Active,IA
68111,iowa_cafo_group_0006,0,43.25665,-96.18175,Active,IA
68112,iowa_cafo_group_0483,4,43.0299,-95.7963,Active,IA
68113,iowa_cafo_group_1100,2,42.78303,-96.23362,Active,IA
68114,iowa_cafo_group_3326,0,43.17015,-91.35231,Active,IA
68115,iowa_cafo_group_0060,4,43.27027,-92.72792,Active,IA
68116,iowa_cafo_group_2422,1,41.89104,-90.33374,Active,IA
68117,iowa_cafo_group_0191,1,43.48151,-96.05722,Active,IA
68118,iowa_cafo_group_0006,0,43.27868,-96.15591,Active,IA
68119,iowa_cafo_group_0171,2,42.35788,-95.86917,Active,IA
68120,iowa_cafo_group_0006,0,43.42852,-96.01925,Active,IA
68121,iowa_cafo_group_1657,2,41.52958,-91.84725,Active,IA
68122,iowa_cafo_group_3289,1,41.05496,-91.83745,Active,IA
68123,iowa_cafo_group_3327,0,43.37427,-95.77945,Active,IA
68124,iowa_cafo_group_2082,3,41.13468,-91.37175,Active,IA
68125,iowa_cafo_group_0487,4,43.14404,-94.82183,Active,IA
68126,iowa_cafo_group_0006,0,42.95398,-96.11644,Active,IA
68127,iowa_cafo_group_3328,1,43.43145,-94.71673,Active,IA
68128,iowa_cafo_group_0914,1,42.27406,-93.7169,Active,IA
68131,iowa_cafo_group_3329,3,41.37589,-95.14142,Active,IA
68132,iowa_cafo_group_0919,3,43.19676,-91.61507,Active,IA
68133,iowa_cafo_group_0217,3,41.41397,-91.18635,Active,IA
68134,iowa_cafo_group_2179,4,41.43134,-92.62332,Active,IA
68135,iowa_cafo_group_0227,4,41.15679,-91.51039,Active,IA
68136,iowa_cafo_group_3330,2,42.09436,-93.48996,Active,IA
68137,iowa_cafo_group_0494,2,43.14602,-95.60935,Active,IA
68138,iowa_cafo_group_0087,3,42.98041,-94.66233,Active,IA
68139,iowa_cafo_group_0650,3,42.94968,-95.40286,Active,IA
68140,iowa_cafo_group_2179,4,41.42504,-92.62386,Active,IA
68141,iowa_cafo_group_0168,1,42.18161,-95.49241,Active,IA
68142,iowa_cafo_group_1208,4,43.44034,-93.92863,Active,IA
68143,iowa_cafo_group_3331,0,41.37195,-92.29128,Active,IA
68144,iowa_cafo_group_2914,2,40.63112,-92.05113,Active,IA
68145,iowa_cafo_group_0561,1,43.10244,-95.5993,Active,IA
68146,iowa_cafo_group_3332,1,43.11149,-94.81853,Active,IA
68147,iowa_cafo_group_0006,0,43.37533,-95.87913,Active,IA
68148,iowa_cafo_group_3060,1,42.23974,-95.08545,Active,IA
68149,iowa_cafo_group_0483,4,43.01212,-95.73684,Active,IA
68150,iowa_cafo_group_3333,4,43.1074,-95.24929,Active,IA
68151,iowa_cafo_group_3334,1,43.0922,-91.74146,Active,IA
68152,iowa_cafo_group_0650,3,42.98565,-95.4129,Active,IA
68153,iowa_cafo_group_0483,4,42.95701,-95.77605,Active,IA
68154,iowa_cafo_group_3335,2,42.70591,-95.69552,Active,IA
68155,iowa_cafo_group_0483,4,42.95634,-95.74278,Active,IA
68157,iowa_cafo_group_0483,4,42.97158,-95.78603,Active,IA
68158,iowa_cafo_group_0487,4,43.13594,-94.72568,Active,IA
68159,iowa_cafo_group_0449,4,43.25845,-94.79814,Active,IA
68160,iowa_cafo_group_1268,3,41.41902,-92.43466,Active,IA
68161,iowa_cafo_group_3336,3,41.32209,-92.17972,Active,IA
68162,iowa_cafo_group_3337,2,43.18082,-91.90891,Active,IA
68163,iowa_cafo_group_1314,3,41.25661,-91.50139,Active,IA
68164,iowa_cafo_group_0483,4,43.04438,-95.70403,Active,IA
68165,iowa_cafo_group_1882,4,42.93639,-94.56567,Active,IA
68166,iowa_cafo_group_0650,3,42.99269,-95.41319,Active,IA
68167,iowa_cafo_group_0165,2,42.96629,-94.77548,Active,IA
68168,iowa_cafo_group_0127,2,41.38741,-91.79896,Active,IA
68169,iowa_cafo_group_3338,3,41.89974,-94.30772,Active,IA
68170,iowa_cafo_group_3339,4,41.84103,-91.3813,Active,IA
68171,iowa_cafo_group_3340,4,40.9557,-93.88796,Active,IA
68172,iowa_cafo_group_1766,1,41.9221,-93.932,Active,IA
68173,iowa_cafo_group_1202,3,41.74732,-94.11062,Active,IA
68174,iowa_cafo_group_1693,3,41.52435,-91.30737,Active,IA
68175,iowa_cafo_group_2342,3,42.81975,-92.08086,Active,IA
68176,iowa_cafo_group_0434,4,41.50378,-93.15814,Active,IA
68177,iowa_cafo_group_3341,4,40.90549,-92.0599,Active,IA
68178,iowa_cafo_group_1091,3,41.43959,-91.94781,Active,IA
68179,iowa_cafo_group_0061,1,42.82223,-95.91237,Active,IA
68180,iowa_cafo_group_0851,1,41.43459,-92.49718,Active,IA
68181,iowa_cafo_group_2979,3,41.11993,-91.98173,Active,IA
68182,iowa_cafo_group_2634,4,42.31399,-95.76946,Active,IA
68183,iowa_cafo_group_1264,3,41.36617,-91.36388,Active,IA
68184,iowa_cafo_group_3342,1,43.49736,-94.46728,Active,IA
68186,iowa_cafo_group_0060,4,43.26651,-92.76872,Active,IA
68187,iowa_cafo_group_0006,0,43.01064,-96.11054,Active,IA
68188,iowa_cafo_group_1323,1,41.62317,-92.65075,Active,IA
68189,iowa_cafo_group_3343,2,42.01944,-90.91829,Active,IA
68190,iowa_cafo_group_0100,3,42.95971,-94.49116,Active,IA
68191,iowa_cafo_group_0554,1,41.79298,-94.68638,Active,IA
68192,iowa_cafo_group_2364,3,42.95119,-94.53007,Active,IA
68193,iowa_cafo_group_0449,4,43.25592,-94.85999,Active,IA
68194,iowa_cafo_group_0006,0,43.31495,-96.18854,Active,IA
68195,iowa_cafo_group_3344,1,43.00843,-94.51748,Active,IA
68196,iowa_cafo_group_0872,1,43.04204,-94.44359,Active,IA
68197,iowa_cafo_group_1413,2,41.77245,-94.65803,Active,IA
68198,iowa_cafo_group_0545,4,42.40982,-93.45699,Active,IA
68199,iowa_cafo_group_0652,1,42.90717,-95.37632,Active,IA
68200,iowa_cafo_group_0494,2,43.14621,-95.62898,Active,IA
68201,iowa_cafo_group_0494,2,43.13909,-95.64886,Active,IA
68202,iowa_cafo_group_1396,2,41.12155,-91.88687,Active,IA
68203,iowa_cafo_group_3345,3,41.81241,-93.79804,Active,IA
68204,iowa_cafo_group_0081,3,41.17599,-95.51617,Active,IA
68205,iowa_cafo_group_0090,3,41.2108,-91.73121,Active,IA
68206,iowa_cafo_group_0721,2,43.24313,-92.26375,Active,IA
68207,iowa_cafo_group_3266,2,41.13293,-91.93891,Active,IA
68208,iowa_cafo_group_0872,1,43.00867,-94.47022,Active,IA
68209,iowa_cafo_group_0087,3,42.98208,-94.64666,Active,IA
68210,iowa_cafo_group_0872,1,42.997,-94.47692,Active,IA
68211,iowa_cafo_group_0872,1,43.01264,-94.44396,Active,IA
68212,iowa_cafo_group_0872,1,43.05566,-94.53322,Active,IA
68213,iowa_cafo_group_3346,3,43.4317,-94.58551,Active,IA
68214,iowa_cafo_group_1510,3,42.35893,-92.04039,Active,IA
68215,iowa_cafo_group_3347,2,43.48747,-94.67666,Active,IA
68216,iowa_cafo_group_0483,4,43.06623,-95.67874,Active,IA
68217,iowa_cafo_group_0483,4,43.05166,-95.68847,Active,IA
68218,iowa_cafo_group_0483,4,43.05172,-95.6786,Active,IA
68219,iowa_cafo_group_0483,4,43.07353,-95.70843,Active,IA
68221,iowa_cafo_group_3348,3,42.44326,-96.30303,Active,IA
68222,iowa_cafo_group_0486,2,42.06921,-95.66501,Active,IA
68223,iowa_cafo_group_0486,2,42.07984,-95.66523,Active,IA
68224,iowa_cafo_group_3349,0,42.85312,-91.92474,Active,IA
68225,iowa_cafo_group_0782,2,42.70229,-95.03874,Active,IA
68226,iowa_cafo_group_3350,1,41.11194,-92.12637,Active,IA
68228,iowa_cafo_group_1086,4,43.02953,-95.56468,Active,IA
68229,iowa_cafo_group_0006,0,43.40408,-95.90738,Active,IA
68230,iowa_cafo_group_0006,0,43.43387,-95.97471,Active,IA
68231,iowa_cafo_group_3331,0,41.3652,-92.29084,Active,IA
68232,iowa_cafo_group_3351,3,43.02286,-94.90864,Active,IA
68233,iowa_cafo_group_1056,4,43.00803,-94.83626,Active,IA
68234,iowa_cafo_group_0100,3,42.92756,-94.49332,Active,IA
68235,iowa_cafo_group_0443,3,43.23339,-95.76826,Active,IA
68236,iowa_cafo_group_0443,3,43.20948,-95.80257,Active,IA
68237,iowa_cafo_group_1436,3,41.47413,-92.5674,Active,IA
68238,iowa_cafo_group_0224,2,43.03146,-94.81068,Active,IA
68239,iowa_cafo_group_0239,4,42.18285,-95.01602,Active,IA
68240,iowa_cafo_group_2649,3,43.18245,-95.79725,Active,IA
68241,iowa_cafo_group_3352,3,43.21811,-91.73447,Active,IA
68242,iowa_cafo_group_3353,2,42.28353,-92.41554,Active,IA
68243,iowa_cafo_group_3354,2,43.14981,-92.83089,Active,IA
68244,iowa_cafo_group_3355,2,42.31058,-92.77656,Active,IA
68245,iowa_cafo_group_3356,3,41.9928,-92.25137,Active,IA
68246,iowa_cafo_group_3357,0,42.05122,-92.2846,Active,IA
68247,iowa_cafo_group_0256,4,43.12599,-94.679,Active,IA
68248,iowa_cafo_group_3358,0,42.42889,-92.59803,Active,IA
68249,iowa_cafo_group_3069,1,41.0602,-91.7808,Active,IA
68250,iowa_cafo_group_1181,4,41.27562,-91.51492,Active,IA
68251,iowa_cafo_group_0754,1,42.27164,-93.44507,Active,IA
68252,iowa_cafo_group_0006,0,43.03501,-96.11439,Active,IA
68253,iowa_cafo_group_1510,3,42.35735,-91.99479,Active,IA
68254,iowa_cafo_group_3359,2,41.98668,-94.20227,Active,IA
68255,iowa_cafo_group_3360,4,43.33005,-91.29243,Active,IA
68256,iowa_cafo_group_3361,0,43.28756,-91.20654,Active,IA
68257,iowa_cafo_group_3362,4,42.66397,-95.94635,Active,IA
68258,iowa_cafo_group_3363,3,43.19765,-94.1075,Active,IA
68259,iowa_cafo_group_3364,3,43.23656,-91.35425,Active,IA
68260,iowa_cafo_group_1319,2,43.17605,-91.58602,Active,IA
68261,iowa_cafo_group_2341,2,43.18122,-91.63467,Active,IA
68262,iowa_cafo_group_3365,3,41.27868,-92.92275,Active,IA
68263,iowa_cafo_group_1689,4,42.95163,-93.7234,Active,IA
68264,iowa_cafo_group_3366,4,43.30988,-91.35503,Active,IA
68265,iowa_cafo_group_3367,0,42.95715,-95.4909,Active,IA
68266,iowa_cafo_group_2618,4,43.1461,-95.7183,Active,IA
68267,iowa_cafo_group_3368,4,42.67257,-95.73091,Active,IA
68268,iowa_cafo_group_0753,4,43.043,-93.83137,Active,IA
68269,iowa_cafo_group_2202,4,42.34755,-91.2027,Active,IA
68270,iowa_cafo_group_3369,2,42.73407,-91.72638,Active,IA
68271,iowa_cafo_group_0815,2,42.27868,-94.83663,Active,IA
68272,iowa_cafo_group_3370,1,42.56417,-90.89598,Active,IA
68273,iowa_cafo_group_0006,0,43.20035,-96.0392,Active,IA
68274,iowa_cafo_group_0483,4,43.05902,-95.70828,Active,IA
68275,iowa_cafo_group_0483,4,43.07356,-95.71832,Active,IA
68276,iowa_cafo_group_0061,1,42.8377,-95.79776,Active,IA
68277,iowa_cafo_group_3371,2,41.30052,-92.71306,Active,IA
68278,iowa_cafo_group_3372,3,42.60175,-91.10752,Active,IA
68279,iowa_cafo_group_3373,4,40.62104,-91.3746,Active,IA
68280,iowa_cafo_group_0061,1,42.76378,-95.69352,Active,IA
68281,iowa_cafo_group_3374,0,42.73248,-94.05878,Active,IA
68283,iowa_cafo_group_0715,1,42.90683,-91.7102,Active,IA
68284,iowa_cafo_group_3375,4,40.77756,-95.68484,Active,IA
68287,iowa_cafo_group_3376,1,40.85702,-94.62504,Active,IA
68288,iowa_cafo_group_0597,1,43.27634,-92.65344,Active,IA
68289,iowa_cafo_group_3377,2,43.28504,-95.21741,Active,IA
68290,iowa_cafo_group_0754,1,42.26671,-93.55308,Active,IA
68291,iowa_cafo_group_1839,1,40.69401,-92.4484,Active,IA
68292,iowa_cafo_group_3378,2,42.99295,-92.2578,Active,IA
68293,iowa_cafo_group_0013,2,42.29988,-90.94235,Active,IA
68294,iowa_cafo_group_0644,1,42.35011,-94.84273,Active,IA
68295,iowa_cafo_group_0714,2,43.06651,-92.04584,Active,IA
68296,iowa_cafo_group_0006,0,43.44318,-95.80206,Active,IA
68297,iowa_cafo_group_2868,0,43.05005,-92.09168,Active,IA
68298,iowa_cafo_group_0597,1,43.28289,-92.6833,Active,IA
68299,iowa_cafo_group_0753,4,43.06069,-93.83153,Active,IA
68300,iowa_cafo_group_1493,2,42.60505,-92.08085,Active,IA
68301,iowa_cafo_group_2179,4,41.45968,-92.61906,Active,IA
68302,iowa_cafo_group_0850,4,41.42332,-92.58097,Active,IA
68303,iowa_cafo_group_1106,3,43.17041,-94.56416,Active,IA
68304,iowa_cafo_group_0036,3,42.51905,-95.07288,Active,IA
68305,iowa_cafo_group_0269,1,42.06801,-94.93457,Active,IA
68306,iowa_cafo_group_1338,1,41.31499,-92.79886,Active,IA
68307,iowa_cafo_group_1634,1,42.64241,-95.40559,Active,IA
68308,iowa_cafo_group_3379,2,41.76356,-93.75997,Active,IA
68309,iowa_cafo_group_1377,4,43.13964,-93.96212,Active,IA
68310,iowa_cafo_group_1753,2,42.39969,-92.33529,Active,IA
68311,iowa_cafo_group_1928,3,43.29968,-92.32804,Active,IA
68313,iowa_cafo_group_0900,3,42.61393,-91.43737,Active,IA
68314,iowa_cafo_group_1661,3,41.83592,-94.79207,Active,IA
68315,iowa_cafo_group_0127,2,41.4111,-91.74508,Active,IA
68316,iowa_cafo_group_1091,3,41.43566,-91.90289,Active,IA
68317,iowa_cafo_group_1091,3,41.42558,-91.93749,Active,IA
68318,iowa_cafo_group_0278,2,43.49118,-94.34926,Active,IA
68319,iowa_cafo_group_0443,3,43.22248,-95.80273,Active,IA
68320,iowa_cafo_group_3071,0,42.22665,-94.47753,Active,IA
68322,iowa_cafo_group_2911,0,42.86902,-95.15612,Active,IA
68323,iowa_cafo_group_0061,1,42.78074,-95.81921,Active,IA
68324,iowa_cafo_group_1262,2,42.77949,-95.61217,Active,IA
68325,iowa_cafo_group_0061,1,42.77849,-95.8069,Active,IA
68326,iowa_cafo_group_3380,4,43.26891,-91.27638,Active,IA
68327,iowa_cafo_group_2393,1,43.11407,-91.8359,Active,IA
68330,iowa_cafo_group_3381,0,42.2053,-94.32029,Active,IA
68331,iowa_cafo_group_0253,3,42.2821,-95.18955,Active,IA
68333,iowa_cafo_group_3382,2,40.66608,-93.30929,Active,IA
68334,iowa_cafo_group_0755,4,42.51071,-93.48441,Active,IA
68335,iowa_cafo_group_3383,4,42.2985,-95.36879,Active,IA
68336,iowa_cafo_group_2118,2,40.73231,-91.41514,Active,IA
68337,iowa_cafo_group_0510,3,43.39785,-92.6349,Active,IA
68339,iowa_cafo_group_0006,0,43.38877,-96.17459,Active,IA
68340,iowa_cafo_group_3384,4,42.04464,-90.43147,Active,IA
68341,iowa_cafo_group_2709,0,43.379,-92.42487,Active,IA
68342,iowa_cafo_group_2097,3,42.58992,-95.61604,Active,IA
68343,iowa_cafo_group_3385,4,42.59209,-95.50983,Active,IA
68344,iowa_cafo_group_0673,1,42.60328,-95.59853,Active,IA
68345,iowa_cafo_group_2043,4,42.64374,-95.57194,Active,IA
68346,iowa_cafo_group_2043,4,42.63627,-95.55662,Active,IA
68348,iowa_cafo_group_3372,3,42.5814,-91.10204,Active,IA
68349,iowa_cafo_group_3372,3,42.59087,-91.10314,Active,IA
68350,iowa_cafo_group_3386,1,42.0625,-91.28831,Active,IA
68351,iowa_cafo_group_2441,1,43.02531,-94.95925,Active,IA
68352,iowa_cafo_group_2315,2,42.93908,-91.38252,Active,IA
68353,iowa_cafo_group_1253,2,41.35408,-92.71032,Active,IA
68355,iowa_cafo_group_0871,1,43.00565,-93.51566,Active,IA
68356,iowa_cafo_group_0006,0,43.49237,-95.96156,Active,IA
68357,iowa_cafo_group_0006,0,43.44817,-96.38402,Active,IA
68358,iowa_cafo_group_2127,2,41.32991,-92.5235,Active,IA
68359,iowa_cafo_group_0006,0,43.39881,-96.37325,Active,IA
68360,iowa_cafo_group_0754,1,42.24589,-93.52054,Active,IA
68361,iowa_cafo_group_0914,1,42.26802,-93.69974,Active,IA
68362,iowa_cafo_group_3387,1,42.46522,-90.85369,Active,IA
68363,iowa_cafo_group_0006,0,43.22539,-96.06113,Active,IA
68364,iowa_cafo_group_3388,4,41.3619,-92.23804,Active,IA
68365,iowa_cafo_group_3389,0,43.44392,-93.00692,Active,IA
68366,iowa_cafo_group_0443,3,43.24046,-95.7283,Active,IA
68367,iowa_cafo_group_1480,1,42.86399,-95.21582,Active,IA
68368,iowa_cafo_group_2612,3,42.89266,-92.40842,Active,IA
68369,iowa_cafo_group_0270,4,42.94373,-92.43495,Active,IA
68370,iowa_cafo_group_0254,3,42.07194,-90.34954,Active,IA
68371,iowa_cafo_group_1442,2,43.21193,-92.61326,Active,IA
68372,iowa_cafo_group_0006,0,42.93908,-96.40463,Active,IA
68373,iowa_cafo_group_3049,4,41.16183,-91.31167,Active,IA
68374,iowa_cafo_group_3390,1,41.79408,-90.47035,Active,IA
68375,iowa_cafo_group_3391,3,42.78031,-92.63197,Active,IA
68376,iowa_cafo_group_0923,2,42.78805,-92.86215,Active,IA
68377,iowa_cafo_group_3392,4,42.61474,-92.61267,Active,IA
68378,iowa_cafo_group_3393,4,43.17192,-95.01382,Active,IA
68379,iowa_cafo_group_3394,3,42.75827,-91.7735,Active,IA
68380,iowa_cafo_group_3395,1,41.52608,-90.99252,Active,IA
68381,iowa_cafo_group_0487,4,43.16876,-94.73948,Active,IA
68382,iowa_cafo_group_3396,0,40.62054,-92.61764,Active,IA
68383,iowa_cafo_group_0792,2,42.3471,-94.69675,Active,IA
68384,iowa_cafo_group_0246,3,42.49564,-94.69894,Active,IA
68385,iowa_cafo_group_0443,3,43.2584,-95.77417,Active,IA
68386,iowa_cafo_group_0746,2,42.54227,-92.85506,Active,IA
68387,iowa_cafo_group_0905,4,42.3533,-93.18515,Active,IA
68388,iowa_cafo_group_3397,2,41.58768,-91.20302,Active,IA
68389,iowa_cafo_group_3398,1,41.57045,-91.05267,Active,IA
68390,iowa_cafo_group_0006,0,42.82223,-96.23233,Active,IA
68391,iowa_cafo_group_0006,0,43.27403,-96.45387,Active,IA
68392,iowa_cafo_group_0006,0,43.01925,-96.2148,Active,IA
68393,iowa_cafo_group_1357,0,41.98514,-90.56819,Active,IA
68394,iowa_cafo_group_2249,1,42.16867,-95.30662,Active,IA
68395,iowa_cafo_group_1547,2,42.12232,-94.55776,Active,IA
68396,iowa_cafo_group_2413,3,42.15228,-94.43449,Active,IA
68397,iowa_cafo_group_3399,1,42.20261,-94.52393,Active,IA
68398,iowa_cafo_group_0974,2,42.14439,-94.62781,Active,IA
68399,iowa_cafo_group_2882,4,42.18029,-94.49557,Active,IA
68400,iowa_cafo_group_2881,0,42.6295,-92.86171,Active,IA
68401,iowa_cafo_group_1812,2,42.50774,-91.27798,Active,IA
68402,iowa_cafo_group_1249,2,42.37004,-91.40929,Active,IA
68403,iowa_cafo_group_3400,4,42.38519,-92.189,Active,IA
68404,iowa_cafo_group_3401,3,41.60444,-90.82652,Active,IA
68405,iowa_cafo_group_2210,1,41.4142,-92.00771,Active,IA
68406,iowa_cafo_group_0850,4,41.41747,-92.57837,Active,IA
68407,iowa_cafo_group_2726,3,42.33189,-93.29411,Active,IA
68408,iowa_cafo_group_1442,2,43.21171,-92.66429,Active,IA
68409,iowa_cafo_group_0200,2,43.37149,-95.5155,Active,IA
68410,iowa_cafo_group_0006,0,43.2893,-96.13853,Active,IA
68411,iowa_cafo_group_3402,4,42.45706,-91.28023,Active,IA
68412,iowa_cafo_group_0011,3,42.85086,-96.10922,Active,IA
68414,iowa_cafo_group_3189,1,41.52669,-90.89481,Active,IA
68415,iowa_cafo_group_1944,4,43.04944,-92.89292,Active,IA
68416,iowa_cafo_group_3062,1,41.91626,-90.54678,Active,IA
68417,iowa_cafo_group_0006,0,43.38774,-96.45014,Active,IA
68418,iowa_cafo_group_0136,2,42.28047,-91.01251,Active,IA
68419,iowa_cafo_group_1074,2,43.4439,-92.5485,Active,IA
68420,iowa_cafo_group_3403,0,41.47992,-92.51066,Active,IA
68421,iowa_cafo_group_0310,4,43.03323,-91.57911,Active,IA
68422,iowa_cafo_group_2913,3,42.21094,-90.94425,Active,IA
68424,iowa_cafo_group_1188,1,41.26167,-91.96672,Active,IA
68425,iowa_cafo_group_3095,2,42.56249,-91.77672,Active,IA
68426,iowa_cafo_group_2143,3,42.24706,-90.80891,Active,IA
68427,iowa_cafo_group_0015,4,42.1838,-94.93437,Active,IA
68428,iowa_cafo_group_0969,2,42.2178,-94.12458,Active,IA
68430,iowa_cafo_group_1668,2,42.49627,-91.19096,Active,IA
68431,iowa_cafo_group_2228,3,43.28824,-92.07411,Active,IA
68432,iowa_cafo_group_2058,3,42.26868,-94.69572,Active,IA
68433,iowa_cafo_group_0006,0,42.83606,-96.26686,Active,IA
68435,iowa_cafo_group_2228,3,43.29732,-92.09145,Active,IA
68436,iowa_cafo_group_1812,2,42.5444,-91.27418,Active,IA
68437,iowa_cafo_group_1091,3,41.3806,-91.99449,Active,IA
68438,iowa_cafo_group_0069,3,43.32044,-94.63974,Active,IA
68439,iowa_cafo_group_3404,2,41.75605,-95.40374,Active,IA
68440,iowa_cafo_group_1310,4,43.4715,-94.22797,Active,IA
68442,iowa_cafo_group_1846,2,43.11952,-92.85127,Active,IA
68443,iowa_cafo_group_2100,3,42.58985,-93.08512,Active,IA
68444,iowa_cafo_group_3405,0,42.06303,-92.18399,Active,IA
68445,iowa_cafo_group_2021,0,43.00704,-95.48216,Active,IA
68446,iowa_cafo_group_3406,4,40.81436,-91.67661,Active,IA
68447,iowa_cafo_group_3407,0,42.16718,-94.68198,Active,IA
68448,iowa_cafo_group_0443,3,43.24035,-95.64914,Active,IA
68449,iowa_cafo_group_0430,3,41.61546,-92.45967,Active,IA
68450,iowa_cafo_group_0584,4,42.741,-96.48712,Active,IA
68451,iowa_cafo_group_1917,3,42.2438,-95.32269,Active,IA
68452,iowa_cafo_group_1987,2,41.96586,-95.06469,Active,IA
68453,iowa_cafo_group_0644,1,42.33278,-94.85967,Active,IA
68454,iowa_cafo_group_1310,4,43.46001,-94.17705,Active,IA
68455,iowa_cafo_group_0276,2,43.43825,-94.91296,Active,IA
68456,iowa_cafo_group_0262,4,42.71651,-93.18684,Active,IA
68457,iowa_cafo_group_0023,4,42.13663,-94.88689,Active,IA
68458,iowa_cafo_group_0443,3,43.28805,-95.68975,Active,IA
68459,iowa_cafo_group_3408,0,41.09119,-95.54206,Active,IA
68460,iowa_cafo_group_3409,1,41.0776,-95.56538,Active,IA
68461,iowa_cafo_group_2340,3,43.45906,-95.45054,Active,IA
68462,iowa_cafo_group_0644,1,42.32637,-94.9101,Active,IA
68463,iowa_cafo_group_0443,3,43.28679,-95.72274,Active,IA
68464,iowa_cafo_group_0782,2,42.5897,-94.87378,Active,IA
68465,iowa_cafo_group_3410,2,41.46185,-92.12898,Active,IA
68466,iowa_cafo_group_0011,3,42.67849,-96.05885,Active,IA
68467,iowa_cafo_group_2753,1,41.76255,-94.8998,Active,IA
68468,iowa_cafo_group_0006,0,43.43917,-96.29433,Active,IA
68469,iowa_cafo_group_0900,3,42.62257,-91.44864,Active,IA
68470,iowa_cafo_group_0708,2,42.54247,-91.52642,Active,IA
68471,iowa_cafo_group_3411,0,42.29951,-91.74488,Active,IA
68472,iowa_cafo_group_0229,3,42.39977,-95.0621,Active,IA
68473,iowa_cafo_group_3412,2,43.17319,-92.36482,Active,IA
68474,iowa_cafo_group_0059,3,43.12172,-92.47709,Active,IA
68475,iowa_cafo_group_0006,0,43.40515,-96.17018,Active,IA
68476,iowa_cafo_group_3413,0,42.03932,-92.02805,Active,IA
68477,iowa_cafo_group_2942,1,42.25774,-95.01613,Active,IA
68478,iowa_cafo_group_0708,2,42.54261,-91.56314,Active,IA
68479,iowa_cafo_group_2831,4,41.43795,-91.30119,Active,IA
68481,iowa_cafo_group_0006,0,43.40359,-96.29419,Active,IA
68482,iowa_cafo_group_0597,1,43.28031,-92.69378,Active,IA
68483,iowa_cafo_group_0200,2,43.36972,-95.50597,Active,IA
68484,iowa_cafo_group_2122,4,41.3954,-91.62931,Active,IA
68485,iowa_cafo_group_0404,2,43.32014,-94.73699,Active,IA
68486,iowa_cafo_group_3414,0,41.33042,-92.28989,Active,IA
68487,iowa_cafo_group_3062,1,41.9021,-90.5356,Active,IA
68488,iowa_cafo_group_0006,0,43.13186,-95.93862,Active,IA
68489,iowa_cafo_group_0791,1,42.31148,-94.82872,Active,IA
68490,iowa_cafo_group_0080,2,41.99459,-95.06885,Active,IA
68491,iowa_cafo_group_0604,2,43.19137,-95.26998,Active,IA
68492,iowa_cafo_group_0006,0,43.43834,-95.9216,Active,IA
68493,iowa_cafo_group_0227,4,41.0813,-91.62966,Active,IA
68494,iowa_cafo_group_0900,3,42.61987,-91.49798,Active,IA
68495,iowa_cafo_group_2121,3,41.70221,-90.95834,Active,IA
68496,iowa_cafo_group_0561,1,43.08061,-95.5501,Active,IA
68497,iowa_cafo_group_3415,4,41.81454,-90.90502,Active,IA
68498,iowa_cafo_group_3416,4,41.56308,-90.76156,Active,IA
68499,iowa_cafo_group_0969,2,42.21381,-94.14409,Active,IA
68500,iowa_cafo_group_1670,1,43.02293,-92.83571,Active,IA
68501,iowa_cafo_group_0654,2,43.16879,-92.46633,Active,IA
68502,iowa_cafo_group_3417,4,41.53731,-94.15537,Active,IA
68503,iowa_cafo_group_0246,3,42.48464,-94.75534,Active,IA
68504,iowa_cafo_group_2455,1,42.01676,-91.20467,Active,IA
68506,iowa_cafo_group_0239,4,42.19673,-95.03504,Active,IA
68507,iowa_cafo_group_3418,0,42.10036,-95.07097,Active,IA
68509,iowa_cafo_group_0200,2,43.38784,-95.52403,Active,IA
68510,iowa_cafo_group_3313,1,42.27508,-91.9438,Active,IA
68511,iowa_cafo_group_2101,1,42.28469,-93.20351,Active,IA
68512,iowa_cafo_group_3419,2,42.52996,-91.508,Active,IA
68513,iowa_cafo_group_3420,0,43.25708,-94.23573,Active,IA
68514,iowa_cafo_group_0061,1,42.96803,-95.88888,Active,IA
68515,iowa_cafo_group_3421,2,43.41633,-95.59012,Active,IA
68516,iowa_cafo_group_0006,0,43.3738,-95.90464,Active,IA
68517,iowa_cafo_group_0611,1,42.46742,-92.11881,Active,IA
68518,iowa_cafo_group_0200,2,43.35789,-95.46278,Active,IA
68521,iowa_cafo_group_0782,2,42.57478,-95.00892,Active,IA
68522,iowa_cafo_group_1227,2,42.71718,-91.65646,Active,IA
68523,iowa_cafo_group_3291,4,42.3668,-91.44071,Active,IA
68524,iowa_cafo_group_3422,3,42.38066,-91.21437,Active,IA
68525,iowa_cafo_group_3167,4,40.98523,-91.61705,Active,IA
68526,iowa_cafo_group_3423,3,40.91193,-91.81875,Active,IA
68527,iowa_cafo_group_2686,2,41.16588,-91.8833,Active,IA
68528,iowa_cafo_group_0763,1,43.28285,-94.2256,Active,IA
68529,iowa_cafo_group_0006,0,42.99866,-96.22691,Active,IA
68531,iowa_cafo_group_2599,4,42.97849,-91.5076,Active,IA
68532,iowa_cafo_group_3424,3,43.37998,-95.74266,Active,IA
68533,iowa_cafo_group_3425,3,42.46924,-91.38199,Active,IA
68535,iowa_cafo_group_0191,1,43.47303,-96.09797,Active,IA
68536,iowa_cafo_group_3381,0,42.20236,-94.32033,Active,IA
68537,iowa_cafo_group_0015,4,42.19953,-94.96072,Active,IA
68538,iowa_cafo_group_0027,1,41.87403,-94.93397,Active,IA
68540,iowa_cafo_group_0182,4,41.2294,-92.79162,Active,IA
68541,iowa_cafo_group_3410,2,41.45483,-92.12863,Active,IA
68542,iowa_cafo_group_0061,1,42.91423,-95.87677,Active,IA
68543,iowa_cafo_group_3426,4,41.5253,-92.01462,Active,IA
68545,iowa_cafo_group_0754,1,42.25226,-93.62301,Active,IA
68547,iowa_cafo_group_1577,3,42.64531,-93.68858,Active,IA
68548,iowa_cafo_group_3427,2,43.28427,-94.90527,Active,IA
68550,iowa_cafo_group_0847,4,40.66347,-93.73387,Active,IA
68551,iowa_cafo_group_0108,3,42.02386,-94.52194,Active,IA
68552,iowa_cafo_group_0491,2,43.32518,-94.16633,Active,IA
68553,iowa_cafo_group_0333,1,42.64905,-95.7712,Active,IA
68554,iowa_cafo_group_2635,1,40.53753,-91.58366,Active,IA
68555,iowa_cafo_group_3428,4,43.03918,-91.80042,Active,IA
68556,iowa_cafo_group_3429,0,42.87591,-92.72642,Active,IA
68557,iowa_cafo_group_3430,3,42.59499,-91.2915,Active,IA
68558,iowa_cafo_group_1086,4,43.04447,-95.60909,Active,IA
68559,iowa_cafo_group_0165,2,42.98234,-94.80725,Active,IA
68560,iowa_cafo_group_0443,3,43.37475,-95.60482,Active,IA
68561,iowa_cafo_group_0665,2,41.93481,-93.06936,Active,IA
68562,iowa_cafo_group_3431,4,42.02284,-90.33446,Active,IA
68564,iowa_cafo_group_1764,2,41.51733,-91.23128,Active,IA
68565,iowa_cafo_group_1812,2,42.49997,-91.32337,Active,IA
68566,iowa_cafo_group_3200,1,42.06882,-95.4874,Active,IA
68567,iowa_cafo_group_0006,0,43.28872,-96.28484,Active,IA
68568,iowa_cafo_group_3432,0,42.23756,-94.39386,Active,IA
68569,iowa_cafo_group_3354,2,43.16344,-92.83097,Active,IA
68570,iowa_cafo_group_0483,4,42.93915,-95.71317,Active,IA
68571,iowa_cafo_group_3433,0,43.26097,-91.99875,Active,IA
68572,iowa_cafo_group_1180,2,43.37993,-95.64731,Active,IA
68573,iowa_cafo_group_3434,0,40.94578,-91.84223,Active,IA
68574,iowa_cafo_group_0414,4,42.96026,-95.29045,Active,IA
68575,iowa_cafo_group_3435,2,43.02562,-95.22017,Active,IA
68576,iowa_cafo_group_0870,2,41.14854,-92.26612,Active,IA
68577,iowa_cafo_group_0570,4,40.78606,-95.16113,Active,IA
68579,iowa_cafo_group_1547,2,42.13684,-94.55463,Active,IA
68580,iowa_cafo_group_3266,2,41.1713,-91.90645,Active,IA
68581,iowa_cafo_group_1013,4,42.23078,-93.61891,Active,IA
68582,iowa_cafo_group_0834,1,42.05792,-94.5065,Active,IA
68583,iowa_cafo_group_2050,1,41.32026,-92.82583,Active,IA
68584,iowa_cafo_group_0061,1,42.82375,-95.72723,Active,IA
68585,iowa_cafo_group_3436,2,41.61764,-95.60791,Active,IA
68586,iowa_cafo_group_0006,0,43.29295,-96.29439,Active,IA
68587,iowa_cafo_group_3437,2,42.89883,-92.13466,Active,IA
68588,iowa_cafo_group_1356,2,42.83042,-93.25315,Active,IA
68589,iowa_cafo_group_3438,1,42.40515,-91.11658,Active,IA
68590,iowa_cafo_group_2763,4,42.27341,-90.96217,Active,IA
68591,iowa_cafo_group_3439,3,41.63716,-92.26657,Active,IA
68593,iowa_cafo_group_1324,4,43.25591,-95.38831,Active,IA
68594,iowa_cafo_group_0793,1,42.78791,-95.32891,Active,IA
68595,iowa_cafo_group_3440,1,42.15203,-94.40552,Active,IA
68597,iowa_cafo_group_1933,1,42.24695,-92.78627,Active,IA
68598,iowa_cafo_group_0136,2,42.31183,-91.12642,Active,IA
68599,iowa_cafo_group_1541,3,41.93916,-94.37211,Active,IA
68600,iowa_cafo_group_3441,3,42.17841,-91.12583,Active,IA
68601,iowa_cafo_group_1975,2,41.79082,-94.83645,Active,IA
68602,iowa_cafo_group_2351,4,41.14278,-94.29937,Active,IA
68604,iowa_cafo_group_3211,3,41.59869,-92.82712,Active,IA
68605,iowa_cafo_group_0006,0,43.33577,-96.32947,Active,IA
68606,iowa_cafo_group_3442,0,42.53256,-96.0191,Active,IA
68607,iowa_cafo_group_3443,4,41.84953,-92.31699,Active,IA
68608,iowa_cafo_group_3060,1,42.23888,-95.10325,Active,IA
68609,iowa_cafo_group_2121,3,41.71068,-90.93828,Active,IA
68610,iowa_cafo_group_1650,4,40.81443,-91.5178,Active,IA
68611,iowa_cafo_group_1922,2,42.12704,-95.13087,Active,IA
68612,iowa_cafo_group_1117,3,42.87309,-91.29273,Active,IA
68613,iowa_cafo_group_0006,0,43.28696,-96.16796,Active,IA
68614,iowa_cafo_group_0246,3,42.43857,-94.74724,Active,IA
68615,iowa_cafo_group_1194,2,42.71776,-92.11881,Active,IA
68616,iowa_cafo_group_1086,4,43.00836,-95.61889,Active,IA
68617,iowa_cafo_group_2716,4,42.13737,-94.17396,Active,IA
68619,iowa_cafo_group_3444,4,42.31035,-92.95036,Active,IA
68620,iowa_cafo_group_0006,0,43.34702,-95.8238,Active,IA
68621,iowa_cafo_group_0887,3,42.87846,-93.7449,Active,IA
68622,iowa_cafo_group_0006,0,43.47691,-95.84192,Active,IA
68623,iowa_cafo_group_2615,4,42.81066,-91.78441,Active,IA
68624,iowa_cafo_group_3445,2,42.73168,-91.63034,Active,IA
68625,iowa_cafo_group_0653,4,42.4239,-91.53473,Active,IA
68626,iowa_cafo_group_3446,3,42.92122,-92.91696,Active,IA
68627,iowa_cafo_group_3447,3,41.25657,-92.74081,Active,IA
68628,iowa_cafo_group_3266,2,41.17087,-91.90642,Active,IA
68629,iowa_cafo_group_2982,1,41.09062,-92.0939,Active,IA
68631,iowa_cafo_group_1268,3,41.39887,-92.39195,Active,IA
68632,iowa_cafo_group_1268,3,41.37812,-92.37492,Active,IA
68633,iowa_cafo_group_3448,2,42.41601,-90.99899,Active,IA
68635,iowa_cafo_group_3449,1,40.97381,-94.89334,Active,IA
68636,iowa_cafo_group_0599,3,41.66943,-90.83156,Active,IA
68637,iowa_cafo_group_2429,1,43.20275,-94.77388,Active,IA
68638,iowa_cafo_group_0006,0,42.94196,-96.37639,Active,IA
68639,iowa_cafo_group_2793,0,41.38547,-92.25709,Active,IA
68640,iowa_cafo_group_1503,3,41.7354,-91.05747,Active,IA
68641,iowa_cafo_group_1503,3,41.74298,-91.08398,Active,IA
68643,iowa_cafo_group_1628,4,43.39832,-95.3882,Active,IA
68644,iowa_cafo_group_0006,0,43.08475,-96.1012,Active,IA
68645,iowa_cafo_group_0006,0,43.21576,-95.91818,Active,IA
68647,iowa_cafo_group_0006,0,42.89514,-96.2136,Active,IA
68648,iowa_cafo_group_0006,0,43.0257,-96.29273,Active,IA
68649,iowa_cafo_group_1356,2,42.83245,-93.26069,Active,IA
68650,iowa_cafo_group_0443,3,43.2473,-95.60961,Active,IA
68651,iowa_cafo_group_1009,3,42.90127,-91.20687,Active,IA
68652,iowa_cafo_group_0573,2,43.09854,-92.6044,Active,IA
68653,iowa_cafo_group_0101,3,42.82576,-95.95515,Active,IA
68654,iowa_cafo_group_0101,3,42.82437,-95.96368,Active,IA
68655,iowa_cafo_group_0061,1,42.86186,-95.93515,Active,IA
68656,iowa_cafo_group_1295,4,43.28351,-94.17945,Active,IA
68657,iowa_cafo_group_3450,4,42.92352,-94.21331,Active,IA
68658,iowa_cafo_group_1328,2,42.98246,-94.99128,Active,IA
68659,iowa_cafo_group_1328,2,42.97169,-94.98822,Active,IA
68660,iowa_cafo_group_0118,0,42.54588,-95.47891,Active,IA
68661,iowa_cafo_group_1319,2,43.18957,-91.5739,Active,IA
68662,iowa_cafo_group_2994,4,42.50956,-94.49263,Active,IA
68663,iowa_cafo_group_0357,3,40.73981,-93.59061,Active,IA
68664,iowa_cafo_group_0357,3,40.75007,-93.60255,Active,IA
68665,iowa_cafo_group_3451,3,42.43596,-90.60613,Active,IA
68666,iowa_cafo_group_0721,2,43.17949,-92.23964,Active,IA
68667,iowa_cafo_group_0006,0,43.50012,-96.2693,Active,MN
68668,iowa_cafo_group_2856,2,42.28518,-94.60571,Active,IA
68669,iowa_cafo_group_1102,3,41.64096,-90.71175,Active,IA
68670,iowa_cafo_group_0597,1,43.26378,-92.67383,Active,IA
68671,iowa_cafo_group_2907,4,43.48874,-92.2672,Active,IA
68673,iowa_cafo_group_0182,4,41.24878,-92.7926,Active,IA
68674,iowa_cafo_group_1812,2,42.53188,-91.286,Active,IA
68675,iowa_cafo_group_0362,2,42.22461,-94.36286,Active,IA
68676,iowa_cafo_group_3452,2,42.45687,-94.2414,Active,IA
68677,iowa_cafo_group_0772,2,42.39462,-94.32446,Active,IA
68678,iowa_cafo_group_3453,4,41.2634,-92.28022,Active,IA
68679,iowa_cafo_group_0397,4,42.15787,-95.59243,Active,IA
68681,iowa_cafo_group_3454,3,40.96022,-91.80611,Active,IA
68682,iowa_cafo_group_3077,4,42.3871,-93.0459,Active,IA
68683,iowa_cafo_group_0006,0,43.43259,-95.74865,Active,IA
68685,iowa_cafo_group_0772,2,42.36833,-94.33032,Active,IA
68686,iowa_cafo_group_0246,3,42.5022,-94.69341,Active,IA
68687,iowa_cafo_group_2127,2,41.32869,-92.47269,Active,IA
68688,iowa_cafo_group_3455,3,40.88,-93.59,Active,IA
68689,iowa_cafo_group_3456,3,41.68498,-91.07437,Active,IA
68690,iowa_cafo_group_1462,4,43.21314,-95.31027,Active,IA
68691,iowa_cafo_group_2455,1,42.00644,-91.23234,Active,IA
68692,iowa_cafo_group_3457,2,42.65315,-92.77954,Active,IA
68693,iowa_cafo_group_3458,0,40.81101,-95.74562,Active,IA
68694,iowa_cafo_group_3459,3,40.78989,-95.74538,Active,IA
68695,iowa_cafo_group_0060,4,43.27092,-92.75028,Active,IA
68696,iowa_cafo_group_0060,4,43.27086,-92.76182,Active,IA
68697,iowa_cafo_group_0009,1,40.74942,-94.70082,Active,IA
68698,iowa_cafo_group_2226,1,42.60674,-91.40978,Active,IA
68699,iowa_cafo_group_3316,3,41.08979,-91.55433,Active,IA
68701,iowa_cafo_group_1055,3,43.04251,-94.91408,Active,IA
68702,iowa_cafo_group_0006,0,43.46851,-95.72219,Active,IA
68703,iowa_cafo_group_3460,3,43.01291,-91.28147,Active,IA
68704,iowa_cafo_group_3461,4,41.98923,-90.45919,Active,IA
68705,iowa_cafo_group_1934,2,43.16468,-91.80904,Active,IA
68706,iowa_cafo_group_3462,3,43.15073,-91.76272,Active,IA
68707,iowa_cafo_group_3463,0,42.97149,-95.43233,Active,IA
68708,iowa_cafo_group_0006,0,43.2721,-96.34317,Active,IA
68710,iowa_cafo_group_3464,1,41.4449,-94.75685,Active,IA
68711,iowa_cafo_group_0006,0,43.08497,-96.00753,Active,IA
68712,iowa_cafo_group_0006,0,43.09955,-96.03313,Active,IA
68713,iowa_cafo_group_2437,1,43.17712,-93.72541,Active,IA
68714,iowa_cafo_group_0006,0,43.17233,-95.97528,Active,IA
68715,iowa_cafo_group_1812,2,42.48845,-91.32689,Active,IA
68717,iowa_cafo_group_0483,4,42.9393,-95.72165,Active,IA
68718,iowa_cafo_group_3465,4,42.95346,-94.87536,Active,IA
68719,iowa_cafo_group_3466,1,42.16509,-90.72004,Active,IA
68720,iowa_cafo_group_0061,1,42.88077,-95.85256,Active,IA
68721,iowa_cafo_group_3467,4,42.36801,-94.49502,Active,IA
68723,iowa_cafo_group_0714,2,43.06324,-92.0376,Active,IA
68724,iowa_cafo_group_0545,4,42.43454,-93.29957,Active,IA
68725,iowa_cafo_group_0006,0,43.24362,-96.36431,Active,IA
68726,iowa_cafo_group_2262,1,43.36841,-92.82888,Active,IA
68727,iowa_cafo_group_3468,0,43.15566,-92.93173,Active,IA
68728,iowa_cafo_group_3469,1,43.19746,-92.97939,Active,IA
68729,iowa_cafo_group_3470,1,43.20411,-92.9462,Active,IA
68730,iowa_cafo_group_0006,0,43.15621,-96.27978,Active,IA
68731,iowa_cafo_group_3471,1,43.37237,-94.43165,Active,IA
68732,iowa_cafo_group_3472,1,42.90262,-94.20669,Active,IA
68733,iowa_cafo_group_0927,4,42.73123,-94.35361,Active,IA
68734,iowa_cafo_group_1380,2,42.79269,-94.3824,Active,IA
68735,iowa_cafo_group_3473,4,40.95196,-93.17624,Active,IA
68736,iowa_cafo_group_0341,3,43.1145,-95.31001,Active,IA
68737,iowa_cafo_group_0341,3,43.12265,-95.32718,Active,IA
68738,iowa_cafo_group_0341,3,43.11159,-95.30747,Active,IA
68739,iowa_cafo_group_0341,3,43.11307,-95.32697,Active,IA
68740,iowa_cafo_group_0722,1,43.45853,-92.44467,Active,IA
68741,iowa_cafo_group_0006,0,43.27325,-96.1369,Active,IA
68742,iowa_cafo_group_0957,2,42.91554,-95.04575,Active,IA
68743,iowa_cafo_group_1381,3,42.21973,-93.98282,Active,IA
68744,iowa_cafo_group_0131,1,42.37654,-92.72726,Active,IA
68745,iowa_cafo_group_3435,2,43.03846,-95.21745,Active,IA
68746,iowa_cafo_group_0061,1,42.96764,-95.98393,Active,IA
68747,iowa_cafo_group_0465,3,43.41739,-93.01708,Active,IA
68748,iowa_cafo_group_0782,2,42.68942,-94.99787,Active,IA
68749,iowa_cafo_group_0782,2,42.71735,-95.03166,Active,IA
68750,iowa_cafo_group_0341,3,43.12937,-95.28989,Active,IA
68751,iowa_cafo_group_0782,2,42.71906,-94.95619,Active,IA
68752,iowa_cafo_group_3474,1,43.12744,-95.26436,Active,IA
68753,iowa_cafo_group_0341,3,43.11314,-95.29279,Active,IA
68754,iowa_cafo_group_0341,3,43.13915,-95.30746,Active,IA
68755,iowa_cafo_group_3475,0,43.43064,-94.51118,Active,IA
68757,iowa_cafo_group_0341,3,43.14663,-95.31034,Active,IA
68758,iowa_cafo_group_0227,4,41.11704,-91.60315,Active,IA
68759,iowa_cafo_group_1771,3,42.82359,-92.8446,Active,IA
68760,iowa_cafo_group_3476,4,42.93007,-95.35038,Active,IA
68761,iowa_cafo_group_0923,2,42.78914,-92.88462,Active,IA
68762,iowa_cafo_group_3477,4,43.15775,-95.37826,Active,IA
68763,iowa_cafo_group_0912,2,42.33118,-93.58414,Active,IA
68764,iowa_cafo_group_0886,3,42.38462,-93.59795,Active,IA
68765,iowa_cafo_group_1317,1,43.22541,-95.23151,Active,IA
68766,iowa_cafo_group_0604,2,43.16826,-95.26036,Active,IA
68767,iowa_cafo_group_1272,1,42.86054,-93.00502,Active,IA
68768,iowa_cafo_group_3478,1,42.86092,-92.94182,Active,IA
68769,iowa_cafo_group_3479,3,43.06981,-95.35589,Active,IA
68770,iowa_cafo_group_1114,1,43.02794,-95.37016,Active,IA
68771,iowa_cafo_group_1114,1,43.0264,-95.36653,Active,IA
68772,iowa_cafo_group_3480,3,43.00179,-95.32997,Active,IA
68773,iowa_cafo_group_0414,4,42.95505,-95.31304,Active,IA
68774,iowa_cafo_group_1272,1,42.92765,-93.00663,Active,IA
68775,iowa_cafo_group_1865,4,42.9387,-95.51729,Active,IA
68776,iowa_cafo_group_1462,4,43.19857,-95.32192,Active,IA
68777,iowa_cafo_group_2393,1,43.14362,-91.8191,Active,IA
68778,iowa_cafo_group_0006,0,43.24013,-96.192,Active,IA
68779,iowa_cafo_group_3481,0,43.44542,-95.21932,Active,IA
68781,iowa_cafo_group_0872,1,43.02344,-94.43198,Active,IA
68782,iowa_cafo_group_3482,0,42.94882,-94.3464,Active,IA
68783,iowa_cafo_group_0227,4,41.26908,-91.62515,Active,IA
68784,iowa_cafo_group_0227,4,41.26908,-91.62515,Active,IA
68785,iowa_cafo_group_3483,1,43.03937,-94.0811,Active,IA
68786,iowa_cafo_group_1442,2,43.2109,-92.60754,Active,IA
68787,iowa_cafo_group_3484,1,40.90498,-95.32866,Active,IA
68788,iowa_cafo_group_3485,0,43.12801,-92.67332,Active,IA
68789,iowa_cafo_group_0006,0,43.171,-95.98952,Active,IA
68790,iowa_cafo_group_0006,0,43.20834,-95.94073,Active,IA
68791,iowa_cafo_group_1365,1,41.41611,-91.34797,Active,IA
68792,iowa_cafo_group_0573,2,43.12324,-92.57894,Active,IA
68793,iowa_cafo_group_0061,1,42.85188,-95.74609,Active,IA
68794,iowa_cafo_group_1442,2,43.19578,-92.62862,Active,IA
68795,iowa_cafo_group_1473,1,42.93016,-94.28461,Active,IA
68797,iowa_cafo_group_0006,0,43.21623,-96.17703,Active,IA
68798,iowa_cafo_group_0006,0,43.30091,-96.30847,Active,IA
68800,iowa_cafo_group_1257,2,42.41807,-92.63165,Active,IA
68801,iowa_cafo_group_3486,1,42.32144,-94.58675,Active,IA
68802,iowa_cafo_group_1011,4,42.44625,-93.23163,Active,IA
68803,iowa_cafo_group_0011,3,42.70089,-96.13412,Active,IA
68804,iowa_cafo_group_2314,2,42.641,-91.39363,Active,IA
68805,iowa_cafo_group_3487,2,42.50519,-92.63345,Active,IA
68806,iowa_cafo_group_0183,2,43.25314,-94.34352,Active,IA
68807,iowa_cafo_group_1707,3,43.26801,-94.31011,Active,IA
68808,iowa_cafo_group_0872,1,42.96566,-94.41031,Active,IA
68809,iowa_cafo_group_0653,4,42.38766,-91.6223,Active,IA
68811,iowa_cafo_group_3488,1,41.50303,-92.67592,Active,IA
68812,iowa_cafo_group_3489,3,41.61954,-92.43612,Active,IA
68813,iowa_cafo_group_3490,2,42.36773,-94.57251,Active,IA
68814,iowa_cafo_group_3490,2,42.35423,-94.57237,Active,IA
68815,iowa_cafo_group_1091,3,41.44295,-91.94152,Active,IA
68816,iowa_cafo_group_0246,3,42.44227,-94.77603,Active,IA
68817,iowa_cafo_group_1442,2,43.15311,-92.67674,Active,IA
68818,iowa_cafo_group_3491,4,41.70912,-90.77756,Active,IA
68819,iowa_cafo_group_3492,3,41.44389,-91.19862,Active,IA
68821,iowa_cafo_group_1442,2,43.18257,-92.65689,Active,IA
68822,iowa_cafo_group_3493,2,42.85186,-91.3933,Active,IA
68823,iowa_cafo_group_3494,4,43.243,-91.92243,Active,IA
68824,iowa_cafo_group_0782,2,42.73417,-95.02398,Active,IA
68825,iowa_cafo_group_2594,3,42.5801,-95.16845,Active,IA
68826,iowa_cafo_group_0414,4,42.96225,-95.23497,Active,IA
68827,iowa_cafo_group_0414,4,42.95541,-95.20848,Active,IA
68828,iowa_cafo_group_0099,2,42.92808,-94.7574,Active,IA
68829,iowa_cafo_group_0006,0,42.97128,-96.40595,Active,IA
68830,iowa_cafo_group_0246,3,42.49209,-94.73211,Active,IA
68831,iowa_cafo_group_0791,1,42.31438,-94.81872,Active,IA
68832,iowa_cafo_group_0227,4,41.37042,-91.61399,Active,IA
68833,iowa_cafo_group_3495,1,41.62627,-92.12484,Active,IA
68834,iowa_cafo_group_0006,0,43.27758,-96.47021,Active,IA
68835,iowa_cafo_group_0721,2,43.2551,-92.24007,Active,IA
68836,iowa_cafo_group_3496,4,41.36952,-92.19558,Active,IA
68837,iowa_cafo_group_0006,0,43.18239,-96.08403,Active,IA
68838,iowa_cafo_group_3497,0,40.75516,-91.62314,Active,IA
68839,iowa_cafo_group_0006,0,43.05681,-96.21101,Active,IA
68840,iowa_cafo_group_0006,0,43.16552,-96.35238,Active,IA
68841,iowa_cafo_group_0006,0,43.09514,-96.38677,Active,IA
68842,iowa_cafo_group_0006,0,43.08761,-96.40678,Active,IA
68843,iowa_cafo_group_0006,0,43.08043,-96.39706,Active,IA
68844,iowa_cafo_group_3473,4,40.95688,-93.18041,Active,IA
68845,iowa_cafo_group_0428,2,42.38635,-91.0676,Active,IA
68846,iowa_cafo_group_3425,3,42.46425,-91.36349,Active,IA
68847,iowa_cafo_group_0006,0,43.1128,-96.28716,Active,IA
68848,iowa_cafo_group_0483,4,43.02845,-95.6831,Active,IA
68849,iowa_cafo_group_0897,2,42.21605,-93.12672,Active,IA
68850,iowa_cafo_group_0525,1,43.2024,-92.30307,Active,IA
68851,iowa_cafo_group_0183,2,43.24312,-94.33627,Active,IA
68852,iowa_cafo_group_1452,4,42.27501,-94.79223,Active,IA
68853,iowa_cafo_group_1106,3,43.15538,-94.60724,Active,IA
68854,iowa_cafo_group_0246,3,42.48161,-94.8161,Active,IA
68855,iowa_cafo_group_3498,3,41.50669,-92.1565,Active,IA
68856,iowa_cafo_group_0443,3,43.20071,-95.69343,Active,IA
68857,iowa_cafo_group_0006,0,42.92635,-96.21296,Active,IA
68859,iowa_cafo_group_3499,2,42.21986,-91.29144,Active,IA
68860,iowa_cafo_group_2647,1,42.72475,-96.37496,Active,IA
68861,iowa_cafo_group_1642,4,42.70314,-96.30671,Active,IA
68862,iowa_cafo_group_3500,4,42.96416,-95.02866,Active,IA
68863,iowa_cafo_group_1039,3,43.13171,-95.54023,Active,IA
68864,iowa_cafo_group_0719,2,43.26788,-92.62262,Active,IA
68865,iowa_cafo_group_0127,2,41.41098,-91.8706,Active,IA
68866,iowa_cafo_group_3501,2,40.87429,-92.58619,Active,IA
68867,iowa_cafo_group_3502,0,40.77268,-92.61456,Active,IA
68868,iowa_cafo_group_3503,2,40.86748,-92.4909,Active,IA
68869,iowa_cafo_group_0719,2,43.28574,-92.57422,Active,IA
68870,iowa_cafo_group_0719,2,43.28115,-92.57397,Active,IA
68871,iowa_cafo_group_0006,0,42.89528,-96.28747,Active,IA
68872,iowa_cafo_group_0006,0,43.1172,-96.07266,Active,IA
68873,iowa_cafo_group_0157,4,42.60819,-96.081,Active,IA
68875,iowa_cafo_group_0140,2,42.79181,-96.48682,Active,IA
68876,iowa_cafo_group_0501,2,43.19417,-94.44767,Active,IA
68877,iowa_cafo_group_1144,4,43.18292,-92.15622,Active,IA
68879,iowa_cafo_group_1442,2,43.19038,-92.62222,Active,IA
68880,iowa_cafo_group_0652,1,42.92212,-95.37519,Active,IA
68881,iowa_cafo_group_3107,2,42.08859,-94.4904,Active,IA
68882,iowa_cafo_group_2716,4,42.13,-94.18389,Active,IA
68883,iowa_cafo_group_1579,2,42.62329,-93.5336,Active,IA
68884,iowa_cafo_group_0006,0,43.43225,-96.05887,Active,IA
68885,iowa_cafo_group_0483,4,43.02266,-95.72743,Active,IA
68886,iowa_cafo_group_0006,0,43.1027,-96.13122,Active,IA
68887,iowa_cafo_group_0006,0,43.44353,-95.94522,Active,IA
68888,iowa_cafo_group_1509,2,42.2972,-93.85345,Active,IA
68889,iowa_cafo_group_2472,2,43.38533,-93.7441,Active,IA
68890,iowa_cafo_group_3504,1,42.28198,-94.6556,Active,IA
68891,iowa_cafo_group_3505,4,42.10714,-94.36716,Active,IA
68892,iowa_cafo_group_0716,4,42.95069,-91.87802,Active,IA
68893,iowa_cafo_group_0794,3,42.5937,-95.42661,Active,IA
68894,iowa_cafo_group_1846,2,43.11968,-92.83083,Active,IA
68895,iowa_cafo_group_0545,4,42.37955,-93.33381,Active,IA
68896,iowa_cafo_group_3506,2,42.96699,-94.71931,Active,IA
68897,iowa_cafo_group_3507,1,42.19137,-94.58577,Active,IA
68898,iowa_cafo_group_3508,1,42.9972,-92.35744,Active,IA
68899,iowa_cafo_group_0807,1,43.33529,-92.60647,Active,IA
68900,iowa_cafo_group_0061,1,42.76325,-95.85458,Active,IA
68901,iowa_cafo_group_1452,4,42.27879,-94.7695,Active,IA
68902,iowa_cafo_group_0006,0,43.48372,-95.85976,Active,IA
68903,iowa_cafo_group_3509,4,43.18813,-92.18997,Active,IA
68904,iowa_cafo_group_3510,2,42.7431,-91.52207,Active,IA
68905,iowa_cafo_group_0754,1,42.22873,-93.43259,Active,IA
68906,iowa_cafo_group_3511,3,42.84519,-91.31428,Active,IA
68907,iowa_cafo_group_1444,2,42.49133,-91.74642,Active,IA
68908,iowa_cafo_group_3512,4,43.38616,-92.39625,Active,IA
68909,iowa_cafo_group_2214,1,41.46031,-91.64481,Active,IA
68910,iowa_cafo_group_3513,2,40.73091,-93.47912,Active,IA
68911,iowa_cafo_group_1929,4,43.24641,-95.5602,Active,IA
68912,iowa_cafo_group_0520,3,43.29874,-94.88186,Active,IA
68913,iowa_cafo_group_0061,1,42.81153,-95.87384,Active,IA
68914,iowa_cafo_group_3514,1,42.4711,-93.00727,Active,IA
68915,iowa_cafo_group_3515,4,41.16529,-91.84484,Active,IA
68916,iowa_cafo_group_1755,4,43.21849,-91.46188,Active,IA
68917,iowa_cafo_group_3173,1,42.77346,-91.91614,Active,IA
68918,iowa_cafo_group_1096,4,42.58111,-94.7163,Active,IA
68919,iowa_cafo_group_3516,2,42.71758,-93.66651,Active,IA
68920,iowa_cafo_group_0809,4,43.07484,-94.58029,Active,IA
68921,iowa_cafo_group_2122,4,41.42043,-91.59913,Active,IA
68922,iowa_cafo_group_3517,2,42.48654,-91.77137,Active,IA
68923,iowa_cafo_group_2369,3,43.42637,-93.81421,Active,IA
68924,iowa_cafo_group_0573,2,43.09695,-92.62822,Active,IA
68927,iowa_cafo_group_3518,3,42.64542,-96.42466,Active,IA
68928,iowa_cafo_group_0127,2,41.3849,-91.91271,Active,IA
68929,iowa_cafo_group_1462,4,43.22333,-95.28415,Active,IA
68930,iowa_cafo_group_0483,4,43.03719,-95.67852,Active,IA
68931,iowa_cafo_group_1523,3,43.38505,-94.68391,Active,IA
68932,iowa_cafo_group_3519,2,43.3252,-91.37603,Active,IA
68933,iowa_cafo_group_0274,4,42.21628,-91.25246,Active,IA
68934,iowa_cafo_group_3520,3,42.17776,-92.68198,Active,IA
68935,iowa_cafo_group_0003,1,42.57056,-92.92693,Active,IA
68936,iowa_cafo_group_1144,4,43.18078,-92.1514,Active,IA
68937,iowa_cafo_group_0006,0,43.41845,-96.00599,Active,IA
68938,iowa_cafo_group_3521,4,42.75793,-91.31431,Active,IA
68939,iowa_cafo_group_0425,3,42.70934,-93.0051,Active,IA
68940,iowa_cafo_group_2210,1,41.4246,-91.99723,Active,IA
68941,iowa_cafo_group_2195,2,42.36339,-94.10662,Active,IA
68942,iowa_cafo_group_2167,2,42.24917,-94.61467,Active,IA
68943,iowa_cafo_group_1123,4,41.07682,-91.04957,Active,IA
68945,iowa_cafo_group_0739,1,42.58919,-93.23159,Active,IA
68946,iowa_cafo_group_3522,0,42.76394,-91.61223,Active,IA
68947,iowa_cafo_group_3279,2,41.33665,-92.25155,Active,IA
68948,iowa_cafo_group_3177,2,43.00455,-91.79913,Active,IA
68949,iowa_cafo_group_3523,2,42.96711,-94.74582,Active,IA
68950,iowa_cafo_group_2962,4,43.4961,-94.71829,Active,IA
68951,iowa_cafo_group_3524,1,42.3558,-92.16871,Active,IA
68952,iowa_cafo_group_1188,1,41.26962,-91.95028,Active,IA
68953,iowa_cafo_group_2982,1,41.08711,-92.08762,Active,IA
68954,iowa_cafo_group_3525,1,42.56729,-91.55303,Active,IA
68955,iowa_cafo_group_0006,0,43.06619,-96.37722,Active,IA
68956,iowa_cafo_group_2228,3,43.27417,-92.10085,Active,IA
68957,iowa_cafo_group_0006,0,43.37277,-95.8435,Active,IA
68958,iowa_cafo_group_0293,4,42.70221,-95.74222,Active,IA
68959,iowa_cafo_group_0293,4,42.70622,-95.75552,Active,IA
68960,iowa_cafo_group_0216,3,42.72066,-95.81013,Active,IA
68961,iowa_cafo_group_3393,4,43.1689,-95.00374,Active,IA
68962,iowa_cafo_group_3526,1,42.96015,-91.50339,Active,IA
68963,iowa_cafo_group_0755,4,42.56433,-93.49873,Active,IA
68964,iowa_cafo_group_0161,3,42.0,-94.79,Active,IA
68965,iowa_cafo_group_3527,3,41.30465,-92.2526,Active,IA
68966,iowa_cafo_group_3528,1,42.05538,-95.53242,Active,IA
68967,iowa_cafo_group_0618,1,43.2618,-92.39252,Active,IA
68968,iowa_cafo_group_0061,1,42.91971,-95.95462,Active,IA
68969,iowa_cafo_group_1678,0,41.20671,-95.48142,Active,IA
68970,iowa_cafo_group_3529,4,40.60892,-91.64325,Active,IA
68971,iowa_cafo_group_0857,2,41.71727,-91.03038,Active,IA
68972,iowa_cafo_group_0006,0,43.44791,-95.75264,Active,IA
68973,iowa_cafo_group_2258,1,43.45768,-95.59917,Active,IA
68974,iowa_cafo_group_3530,4,41.01987,-95.15146,Active,IA
68975,iowa_cafo_group_3531,1,41.48048,-94.20336,Active,IA
68976,iowa_cafo_group_1180,2,43.40722,-95.62829,Active,IA
68977,iowa_cafo_group_0857,2,41.70994,-91.04978,Active,IA
68978,iowa_cafo_group_3490,2,42.33971,-94.58029,Active,IA
68979,iowa_cafo_group_3532,1,41.66631,-91.01109,Active,IA
68980,iowa_cafo_group_3533,0,43.44129,-95.29409,Active,IA
68981,iowa_cafo_group_3534,0,42.74909,-91.64152,Active,IA
68982,iowa_cafo_group_0006,0,43.37165,-96.41396,Active,IA
68983,iowa_cafo_group_0006,0,43.34199,-95.71751,Active,IA
68984,iowa_cafo_group_0006,0,43.47977,-95.99313,Active,IA
68985,iowa_cafo_group_3535,1,41.82015,-92.47482,Active,IA
68986,iowa_cafo_group_3536,3,41.57662,-93.45991,Active,IA
68987,iowa_cafo_group_0006,0,43.24934,-96.23687,Active,IA
68989,iowa_cafo_group_1013,4,42.23185,-93.66007,Active,IA
68990,iowa_cafo_group_3283,2,42.81135,-91.72379,Active,IA
68991,iowa_cafo_group_1628,4,43.41875,-95.37351,Active,IA
68992,iowa_cafo_group_1628,4,43.41137,-95.39247,Active,IA
68993,iowa_cafo_group_0200,2,43.38245,-95.4821,Active,IA
68994,iowa_cafo_group_2331,0,43.42682,-95.4912,Active,IA
68995,iowa_cafo_group_3537,1,41.95683,-90.96561,Active,IA
68996,iowa_cafo_group_3538,4,43.28285,-91.51185,Active,IA
68997,iowa_cafo_group_3539,1,42.1505,-91.17034,Active,IA
68998,iowa_cafo_group_3540,0,42.62129,-90.89494,Active,IA
68999,iowa_cafo_group_0006,0,43.03393,-96.23378,Active,IA
69000,iowa_cafo_group_1000,4,42.62126,-93.26198,Active,IA
69001,iowa_cafo_group_0428,2,42.40088,-91.05792,Active,IA
69002,iowa_cafo_group_0211,3,41.02613,-91.86992,Active,IA
69003,iowa_cafo_group_3541,3,41.99066,-90.5323,Active,IA
69004,iowa_cafo_group_0006,0,43.47966,-95.8658,Active,IA
69005,iowa_cafo_group_2698,4,42.5957,-92.21414,Active,IA
69006,iowa_cafo_group_3542,4,42.16812,-91.01296,Active,IA
69007,iowa_cafo_group_0893,1,43.34661,-94.34425,Active,IA
69008,iowa_cafo_group_0157,4,42.61574,-96.09102,Active,IA
69009,iowa_cafo_group_3543,4,41.09015,-92.35297,Active,IA
69010,iowa_cafo_group_3544,2,42.03763,-91.19516,Active,IA
69011,iowa_cafo_group_0618,1,43.28414,-92.41186,Active,IA
69012,iowa_cafo_group_3541,3,41.99066,-90.5323,Active,IA
69013,iowa_cafo_group_3541,3,41.99066,-90.5323,Active,IA
69014,iowa_cafo_group_3545,1,43.49705,-91.96564,Active,IA
69015,iowa_cafo_group_1670,1,43.03131,-92.85091,Active,IA
69016,iowa_cafo_group_3546,4,40.77297,-95.52728,Active,IA
69017,iowa_cafo_group_3547,0,40.63173,-95.50245,Active,IA
69018,iowa_cafo_group_0793,1,42.84,-95.36335,Active,IA
69019,iowa_cafo_group_2962,4,43.4961,-94.71829,Active,IA
69020,iowa_cafo_group_0006,0,43.36103,-96.4271,Active,IA
69021,iowa_cafo_group_3309,1,41.45645,-91.46965,Active,IA
69023,iowa_cafo_group_0793,1,42.78858,-95.40273,Active,IA
69024,iowa_cafo_group_1677,1,43.14089,-93.908,Active,IA
69025,iowa_cafo_group_3548,0,42.39408,-91.29151,Active,IA
69026,iowa_cafo_group_0006,0,43.23638,-96.15785,Active,IA
69027,iowa_cafo_group_3515,4,41.17262,-91.85432,Active,IA
69028,iowa_cafo_group_1123,4,41.09554,-91.0115,Active,IA
69029,iowa_cafo_group_3146,4,42.58757,-90.98581,Active,IA
69030,iowa_cafo_group_0006,0,43.41822,-95.76082,Active,IA
69031,iowa_cafo_group_2657,1,43.3024,-91.90839,Active,IA
69032,iowa_cafo_group_0723,1,43.2298,-92.06059,Active,IA
69033,iowa_cafo_group_0861,1,40.81017,-92.23145,Active,IA
69034,iowa_cafo_group_0006,0,43.30516,-95.76752,Active,IA
69035,iowa_cafo_group_0006,0,43.29785,-95.77769,Active,IA
69036,iowa_cafo_group_3549,4,40.84238,-92.72447,Active,IA
69037,iowa_cafo_group_0414,4,42.95662,-95.2696,Active,IA
69038,iowa_cafo_group_3550,0,40.78744,-92.04444,Active,IA
69039,iowa_cafo_group_3551,4,42.65219,-94.42402,Active,IA
69040,iowa_cafo_group_3552,2,41.47509,-91.69295,Active,IA
69041,iowa_cafo_group_1837,2,43.17082,-94.33393,Active,IA
69042,iowa_cafo_group_0183,2,43.24214,-94.37269,Active,IA
69043,iowa_cafo_group_3553,4,41.93172,-94.93269,Active,IA
69044,iowa_cafo_group_1091,3,41.34085,-92.05878,Active,IA
69045,iowa_cafo_group_0653,4,42.43121,-91.5836,Active,IA
69047,iowa_cafo_group_3355,2,42.30637,-92.78664,Active,IA
69048,iowa_cafo_group_3554,0,40.70552,-93.51343,Active,IA
69049,iowa_cafo_group_1442,2,43.18045,-92.70344,Active,IA
69050,iowa_cafo_group_1297,2,41.0245,-91.52328,Active,IA
69051,iowa_cafo_group_0856,3,41.61653,-91.39074,Active,IA
69052,iowa_cafo_group_0989,1,43.23888,-95.52051,Active,IA
69053,iowa_cafo_group_2636,1,42.99279,-95.46244,Active,IA
69054,iowa_cafo_group_0664,3,40.61205,-91.54383,Active,IA
69055,iowa_cafo_group_3555,3,43.4354,-94.08811,Active,IA
69056,iowa_cafo_group_0006,0,42.97521,-96.07581,Active,IA
69057,iowa_cafo_group_3083,4,42.405,-94.24289,Active,IA
69058,iowa_cafo_group_1144,4,43.17313,-92.12224,Active,IA
69059,iowa_cafo_group_2983,2,43.31342,-93.10011,Active,IA
69060,iowa_cafo_group_3556,1,43.32797,-93.11783,Active,IA
69061,iowa_cafo_group_0529,1,43.29832,-95.35794,Active,IA
69062,iowa_cafo_group_0445,4,42.63007,-95.30418,Active,IA
69063,iowa_cafo_group_0875,4,42.44179,-91.45761,Active,IA
69064,iowa_cafo_group_0006,0,43.18936,-96.17253,Active,IA
69065,iowa_cafo_group_1940,2,42.24929,-91.3783,Active,IA
69066,iowa_cafo_group_3557,2,43.47871,-92.41057,Active,IA
69067,iowa_cafo_group_1909,2,42.6896,-92.67787,Active,IA
69068,iowa_cafo_group_2111,3,42.80694,-91.84925,Active,IA
69069,iowa_cafo_group_3107,2,42.07773,-94.50506,Active,IA
69070,iowa_cafo_group_3558,4,43.19929,-93.47021,Active,IA
69071,iowa_cafo_group_2133,2,41.08528,-91.84699,Active,IA
69072,iowa_cafo_group_0006,0,43.45085,-95.99311,Active,IA
69073,iowa_cafo_group_0061,1,42.83358,-95.91298,Active,IA
69074,iowa_cafo_group_3559,0,43.27342,-91.78807,Active,IA
69075,iowa_cafo_group_3560,0,40.71331,-93.98554,Active,IA
69076,iowa_cafo_group_1666,1,42.56912,-91.24793,Active,IA
69077,iowa_cafo_group_0981,4,42.86962,-93.35904,Active,IA
69078,iowa_cafo_group_0150,3,42.07113,-95.01447,Active,IA
69079,iowa_cafo_group_2946,3,41.55065,-91.5938,Active,IA
69080,iowa_cafo_group_0807,1,43.35006,-92.63475,Active,IA
69081,iowa_cafo_group_3561,4,41.96785,-93.60938,Active,IA
69082,iowa_cafo_group_3562,2,41.98544,-93.55611,Active,IA
69083,iowa_cafo_group_0061,1,42.89916,-95.80546,Active,IA
69084,iowa_cafo_group_0559,1,42.13477,-94.94169,Active,IA
69085,iowa_cafo_group_3563,4,41.86595,-94.72991,Active,IA
69086,iowa_cafo_group_3564,3,40.65521,-95.39435,Active,IA
69087,iowa_cafo_group_2161,2,42.06577,-94.43678,Active,IA
69088,iowa_cafo_group_3565,0,40.84618,-91.94439,Active,IA
69089,iowa_cafo_group_3564,3,40.65187,-95.3883,Active,IA
69090,iowa_cafo_group_3566,2,43.05075,-95.34332,Active,IA
69091,iowa_cafo_group_0006,0,43.17192,-96.26826,Active,IA
69092,iowa_cafo_group_0127,2,41.39925,-91.8934,Active,IA
69093,iowa_cafo_group_1677,1,43.14842,-93.89197,Active,IA
69094,iowa_cafo_group_1652,2,43.12374,-92.25198,Active,IA
69095,iowa_cafo_group_3567,3,42.87229,-91.86949,Active,IA
69096,iowa_cafo_group_0687,3,43.05403,-91.98137,Active,IA
69097,iowa_cafo_group_1365,1,41.40526,-91.38395,Active,IA
69098,iowa_cafo_group_3568,2,42.23877,-93.91152,Active,IA
69099,iowa_cafo_group_1365,1,41.41235,-91.37373,Active,IA
69100,iowa_cafo_group_1929,4,43.2392,-95.5503,Active,IA
69101,iowa_cafo_group_3033,4,43.05528,-91.4739,Active,IA
69102,iowa_cafo_group_0080,2,41.96854,-94.94216,Active,IA
69103,iowa_cafo_group_3569,0,43.45736,-92.36729,Active,IA
69104,iowa_cafo_group_3570,0,42.44238,-92.6582,Active,IA
69105,iowa_cafo_group_0246,3,42.47755,-94.74194,Active,IA
69106,iowa_cafo_group_0011,3,42.71071,-96.11141,Active,IA
69107,iowa_cafo_group_1522,2,43.38639,-94.62104,Active,IA
69108,iowa_cafo_group_1091,3,41.39212,-91.97082,Active,IA
69109,iowa_cafo_group_1165,2,43.16918,-93.55241,Active,IA
69110,iowa_cafo_group_1365,1,41.40227,-91.38379,Active,IA
69111,iowa_cafo_group_0061,1,42.88089,-95.79023,Active,IA
69112,iowa_cafo_group_2541,4,42.50924,-91.61366,Active,IA
69113,iowa_cafo_group_3571,3,42.50761,-95.39269,Active,IA
69114,iowa_cafo_group_3171,1,43.20123,-93.96916,Active,IA
69115,iowa_cafo_group_3572,0,42.89184,-94.00257,Active,IA
69116,iowa_cafo_group_3573,2,41.05143,-91.72288,Active,IA
69117,iowa_cafo_group_0006,0,43.28311,-95.95657,Active,IA
69118,iowa_cafo_group_3344,1,43.00195,-94.51149,Active,IA
69119,iowa_cafo_group_0746,2,42.52168,-92.8298,Active,IA
69121,iowa_cafo_group_3574,2,42.7116,-95.34833,Active,IA
69122,iowa_cafo_group_0069,3,43.32754,-94.5472,Active,IA
69123,iowa_cafo_group_1523,3,43.3743,-94.68368,Active,IA
69124,iowa_cafo_group_0023,4,42.235,-94.84647,Active,IA
69126,iowa_cafo_group_1380,2,42.82831,-94.38377,Active,IA
69127,iowa_cafo_group_3575,4,41.86736,-92.47348,Active,IA
69128,iowa_cafo_group_1495,1,42.5572,-95.44704,Active,IA
69129,iowa_cafo_group_0061,1,42.76437,-95.71512,Active,IA
69130,iowa_cafo_group_1883,2,40.926,-91.9823,Active,IA
69131,iowa_cafo_group_2440,1,43.28844,-95.51064,Active,IA
69132,iowa_cafo_group_1144,4,43.18296,-92.13584,Active,IA
69133,iowa_cafo_group_1159,4,41.90692,-91.10843,Active,IA
69134,iowa_cafo_group_3576,3,43.4445,-92.40629,Active,IA
69136,iowa_cafo_group_3577,2,41.27615,-92.15585,Active,IA
69138,iowa_cafo_group_1947,4,41.2275,-92.63056,Active,IA
69139,iowa_cafo_group_2442,3,41.04881,-95.21892,Active,IA
69140,iowa_cafo_group_3578,4,41.3287,-95.46587,Active,IA
69141,iowa_cafo_group_2841,3,42.24,-90.57,Active,IA
69142,iowa_cafo_group_0468,1,41.48096,-92.71482,Active,IA
69143,iowa_cafo_group_0747,1,42.52803,-92.91683,Active,IA
69144,iowa_cafo_group_1790,3,42.52305,-91.77168,Active,IA
69145,iowa_cafo_group_3579,1,43.46892,-92.27345,Active,IA
69146,iowa_cafo_group_0545,4,42.44139,-93.40294,Active,IA
69148,iowa_cafo_group_0772,2,42.37291,-94.3593,Active,IA
69149,iowa_cafo_group_3580,0,42.44585,-94.26232,Active,IA
69150,iowa_cafo_group_2490,1,42.58141,-91.8802,Active,IA
69151,iowa_cafo_group_0545,4,42.36836,-93.45533,Active,IA
69152,iowa_cafo_group_3227,4,40.89987,-93.23116,Active,IA
69153,iowa_cafo_group_0721,2,43.29127,-92.19787,Active,IA
69154,iowa_cafo_group_0870,2,41.19132,-92.26162,Active,IA
69155,iowa_cafo_group_3581,1,41.98624,-94.51302,Active,IA
69156,iowa_cafo_group_0027,1,41.91943,-94.83453,Active,IA
69157,iowa_cafo_group_3582,4,42.75847,-92.57946,Active,IA
69158,iowa_cafo_group_3583,0,42.81788,-92.72098,Active,IA
69159,iowa_cafo_group_2490,1,42.60312,-91.88968,Active,IA
69160,iowa_cafo_group_3584,2,43.3719,-93.54866,Active,IA
69161,iowa_cafo_group_2490,1,42.59583,-91.8898,Active,IA
69162,iowa_cafo_group_0720,4,43.41497,-92.40509,Active,IA
69163,iowa_cafo_group_3585,0,43.33398,-92.15074,Active,IA
69164,iowa_cafo_group_2228,3,43.27392,-92.07997,Active,IA
69165,iowa_cafo_group_3586,2,41.01033,-94.43401,Active,IA
69166,iowa_cafo_group_3587,1,40.85551,-94.54579,Active,IA
69167,iowa_cafo_group_2321,1,42.06586,-94.34888,Active,IA
69168,iowa_cafo_group_1310,4,43.47713,-94.18256,Active,IA
69169,iowa_cafo_group_2830,2,42.41849,-90.86219,Active,IA
69170,iowa_cafo_group_3588,2,43.23329,-92.82986,Active,IA
69171,iowa_cafo_group_0011,3,42.78862,-96.11398,Active,IA
69172,iowa_cafo_group_3589,0,42.27092,-94.35482,Active,IA
69173,iowa_cafo_group_3590,2,42.87116,-95.4835,Active,IA
69174,iowa_cafo_group_0600,4,42.86754,-95.51965,Active,IA
69175,iowa_cafo_group_0006,0,43.33102,-96.08681,Active,IA
69176,iowa_cafo_group_3591,4,41.77864,-94.34682,Active,IA
69177,iowa_cafo_group_3484,1,40.91221,-95.32266,Active,IA
69178,iowa_cafo_group_3592,4,42.40769,-90.64189,Active,IA
69179,iowa_cafo_group_0650,3,42.97138,-95.40307,Active,IA
69180,iowa_cafo_group_0230,3,41.87847,-95.8475,Active,IA
69181,iowa_cafo_group_0687,3,43.05745,-91.9462,Active,IA
69182,iowa_cafo_group_3481,0,43.45032,-95.21103,Active,IA
69183,iowa_cafo_group_2830,2,42.42211,-90.87503,Active,IA
69184,iowa_cafo_group_1323,1,41.64401,-92.6459,Active,IA
69185,iowa_cafo_group_0719,2,43.25541,-92.62395,Active,IA
69186,iowa_cafo_group_0060,4,43.2587,-92.78372,Active,IA
69187,iowa_cafo_group_0545,4,42.25274,-93.35766,Active,IA
69188,iowa_cafo_group_0227,4,41.25432,-91.62491,Active,IA
69189,iowa_cafo_group_0227,4,41.13438,-91.57125,Active,IA
69190,iowa_cafo_group_0006,0,43.3494,-96.37431,Active,IA
69191,iowa_cafo_group_1365,1,41.39793,-91.38393,Active,IA
69192,iowa_cafo_group_3593,3,41.23071,-92.40622,Active,IA
69193,iowa_cafo_group_1365,1,41.42682,-91.37335,Active,IA
69194,iowa_cafo_group_3594,3,40.9414,-93.51148,Active,IA
69195,iowa_cafo_group_2497,3,42.40967,-91.70073,Active,IA
69196,iowa_cafo_group_3433,0,43.2482,-91.98265,Active,IA
69197,iowa_cafo_group_3264,3,42.60413,-95.73,Active,IA
69198,iowa_cafo_group_3264,3,42.59406,-95.72975,Active,IA
69199,iowa_cafo_group_0333,1,42.61951,-95.75036,Active,IA
69200,iowa_cafo_group_0006,0,43.33109,-96.07913,Active,IA
69201,iowa_cafo_group_3595,3,42.28004,-94.00683,Active,IA
69202,iowa_cafo_group_0754,1,42.26707,-93.39866,Active,IA
69203,iowa_cafo_group_3596,1,43.11791,-91.54917,Active,IA
69204,iowa_cafo_group_0340,3,40.69056,-93.33605,Active,IA
69205,iowa_cafo_group_2456,4,41.52276,-92.50859,Active,IA
69206,iowa_cafo_group_3388,4,41.35205,-92.23272,Active,IA
69207,iowa_cafo_group_0093,1,42.951,-92.09735,Active,IA
69208,iowa_cafo_group_2073,1,42.3615,-92.90552,Active,IA
69209,iowa_cafo_group_3365,3,41.2899,-92.93705,Active,IA
69210,iowa_cafo_group_0487,4,43.13515,-94.77798,Active,IA
69211,iowa_cafo_group_1331,2,42.516,-91.68274,Active,IA
69212,iowa_cafo_group_1180,2,43.4,-95.63817,Active,IA
69213,iowa_cafo_group_3597,3,43.43062,-94.64985,Active,IA
69214,iowa_cafo_group_0799,1,43.2514,-94.44332,Active,IA
69215,iowa_cafo_group_2026,3,43.17283,-94.68375,Active,IA
69217,iowa_cafo_group_3227,4,40.90285,-93.21334,Active,IA
69218,iowa_cafo_group_3598,4,41.63317,-93.00248,Active,IA
69220,iowa_cafo_group_0006,0,43.30677,-96.46893,Active,IA
69221,iowa_cafo_group_3023,2,42.5116,-91.07986,Active,IA
69222,iowa_cafo_group_0644,1,42.33621,-94.8919,Active,IA
69223,iowa_cafo_group_2401,2,42.93768,-94.18809,Active,IA
69224,iowa_cafo_group_3599,0,41.35426,-92.35913,Active,IA
69225,iowa_cafo_group_1459,4,41.53774,-92.43554,Active,IA
69226,iowa_cafo_group_1388,3,43.23594,-91.27419,Active,IA
69227,iowa_cafo_group_3600,3,43.26527,-91.31429,Active,IA
69228,iowa_cafo_group_1135,3,43.29976,-92.284,Active,IA
69229,iowa_cafo_group_3601,0,42.44461,-91.1651,Active,IA
69230,iowa_cafo_group_0250,3,43.37037,-94.7484,Active,IA
69231,iowa_cafo_group_3213,4,43.35252,-94.83659,Active,IA
69235,iowa_cafo_group_3602,0,43.45183,-92.19197,Active,IA
69236,iowa_cafo_group_3603,0,42.66513,-93.13784,Active,IA
69237,iowa_cafo_group_0006,0,43.0304,-96.02217,Active,IA
69239,iowa_cafo_group_3023,2,42.50077,-91.0748,Active,IA
69240,iowa_cafo_group_0870,2,41.1433,-92.25804,Active,IA
69241,iowa_cafo_group_0754,1,42.24536,-93.43668,Active,IA
69242,iowa_cafo_group_0006,0,43.47956,-95.76161,Active,IA
69243,iowa_cafo_group_1272,1,42.92267,-92.9851,Active,IA
69244,iowa_cafo_group_0471,4,42.25744,-94.49476,Active,IA
69245,iowa_cafo_group_0006,0,43.37885,-96.38437,Active,IA
69246,iowa_cafo_group_3069,1,41.05734,-91.7996,Active,IA
69247,iowa_cafo_group_1612,4,40.94997,-92.14934,Active,IA
69248,iowa_cafo_group_0061,1,42.77082,-95.74079,Active,IA
69249,iowa_cafo_group_0989,1,43.25224,-95.48207,Active,IA
69250,iowa_cafo_group_3604,3,42.6055,-91.05111,Active,IA
69251,iowa_cafo_group_0690,4,43.16282,-93.83239,Active,IA
69252,iowa_cafo_group_3069,1,41.07555,-91.75498,Active,IA
69253,iowa_cafo_group_0754,1,42.25259,-93.47695,Active,IA
69254,iowa_cafo_group_3063,4,41.28088,-91.24937,Active,IA
69255,iowa_cafo_group_1442,2,43.18393,-92.61396,Active,IA
69256,iowa_cafo_group_2295,3,42.91559,-95.26993,Active,IA
69257,iowa_cafo_group_3605,3,41.16377,-91.94851,Active,IA
69258,iowa_cafo_group_0006,0,43.26592,-96.27499,Active,IA
69259,iowa_cafo_group_0644,1,42.30741,-94.91175,Active,IA
69260,iowa_cafo_group_3606,4,42.62524,-91.06249,Active,IA
69261,iowa_cafo_group_0737,3,42.63011,-93.31296,Active,IA
69262,iowa_cafo_group_0006,0,43.34202,-95.72733,Active,IA
69263,iowa_cafo_group_0604,2,43.18004,-95.27446,Active,IA
69264,iowa_cafo_group_0006,0,43.48757,-96.30927,Active,IA
69265,iowa_cafo_group_0737,3,42.66269,-93.34002,Active,IA
69266,iowa_cafo_group_0618,1,43.2979,-92.36276,Active,IA
69267,iowa_cafo_group_3602,0,43.45786,-92.1997,Active,IA
69268,iowa_cafo_group_3023,2,42.5116,-91.08966,Active,IA
69269,iowa_cafo_group_3604,3,42.59911,-91.03994,Active,IA
69270,iowa_cafo_group_1577,3,42.65241,-93.62224,Active,IA
69272,iowa_cafo_group_3607,0,41.72733,-90.98035,Active,IA
69274,iowa_cafo_group_1272,1,42.8982,-92.99466,Active,IA
69275,iowa_cafo_group_0721,2,43.29531,-92.21421,Active,IA
69277,iowa_cafo_group_0457,3,41.12119,-92.96077,Active,IA
69278,iowa_cafo_group_3608,3,41.10218,-92.93724,Active,IA
69279,iowa_cafo_group_1851,4,42.82727,-94.93371,Active,IA
69281,iowa_cafo_group_3609,4,41.49915,-92.33119,Active,IA
69282,iowa_cafo_group_3610,2,41.19603,-92.04722,Active,IA
69283,iowa_cafo_group_2423,4,43.07766,-91.53365,Active,IA
69284,iowa_cafo_group_0006,0,43.45085,-95.99311,Active,IA
69286,iowa_cafo_group_0584,4,42.76103,-96.4926,Active,IA
69287,iowa_cafo_group_0061,1,42.80427,-95.86402,Active,IA
69288,iowa_cafo_group_3611,2,43.12429,-95.7281,Active,IA
69289,iowa_cafo_group_3612,1,41.27903,-95.77966,Active,IA
69290,iowa_cafo_group_0061,1,42.84099,-95.8933,Active,IA
69291,iowa_cafo_group_0545,4,42.26403,-93.31013,Active,IA
69292,iowa_cafo_group_0653,4,42.42717,-91.61155,Active,IA
69295,iowa_cafo_group_0006,0,43.42767,-95.99715,Active,IA
69296,iowa_cafo_group_0006,0,43.43319,-95.85656,Active,IA
69297,iowa_cafo_group_0006,0,43.42243,-96.50637,Active,IA
69298,iowa_cafo_group_0227,4,41.1558,-91.53314,Active,IA
69300,iowa_cafo_group_1003,2,42.43141,-94.57785,Active,IA
69301,iowa_cafo_group_0006,0,43.37135,-96.09172,Active,IA
69302,iowa_cafo_group_0006,0,43.27652,-96.40729,Active,IA
69303,iowa_cafo_group_3577,2,41.27616,-92.13637,Active,IA
69304,iowa_cafo_group_0006,0,43.08055,-96.26896,Active,IA
69305,iowa_cafo_group_0006,0,43.03686,-96.3567,Active,IA
69306,iowa_cafo_group_1091,3,41.41019,-91.95658,Active,IA
69307,iowa_cafo_group_0127,2,41.46345,-91.77752,Active,IA
69308,iowa_cafo_group_1427,0,42.10945,-92.51779,Active,IA
69309,iowa_cafo_group_3613,1,41.11646,-92.0392,Active,IA
69310,iowa_cafo_group_3614,4,42.84225,-92.57509,Active,IA
69311,iowa_cafo_group_1074,2,43.49989,-92.64091,Active,IA
69312,iowa_cafo_group_1335,1,42.34618,-93.25717,Active,IA
69313,iowa_cafo_group_1135,3,43.29852,-92.2603,Active,IA
69314,iowa_cafo_group_0191,1,43.48001,-96.1252,Active,IA
69315,iowa_cafo_group_0061,1,42.85533,-95.91289,Active,IA
69316,iowa_cafo_group_1003,2,42.40226,-94.55816,Active,IA
69317,iowa_cafo_group_1363,4,42.73201,-96.42401,Active,IA
69318,iowa_cafo_group_1417,3,42.39155,-92.86486,Active,IA
69321,iowa_cafo_group_1013,4,42.20978,-93.62458,Active,IA
69322,iowa_cafo_group_3615,2,43.00954,-93.88184,Active,IA
69323,iowa_cafo_group_0872,1,43.02039,-94.32967,Active,IA
69324,iowa_cafo_group_0238,2,42.95031,-95.62858,Active,IA
69325,iowa_cafo_group_0989,1,43.2314,-95.48198,Active,IA
69326,iowa_cafo_group_2345,1,43.01917,-91.35887,Active,IA
69327,iowa_cafo_group_3616,0,41.31867,-92.42468,Active,IA
69330,iowa_cafo_group_3617,3,42.76088,-94.42272,Active,IA
69331,iowa_cafo_group_2869,3,43.49135,-95.49161,Active,IA
69332,iowa_cafo_group_3618,4,41.80931,-95.02961,Active,IA
69333,iowa_cafo_group_3619,0,42.35046,-94.4801,Active,IA
69334,iowa_cafo_group_1935,3,41.8484,-90.99061,Active,IA
69335,iowa_cafo_group_3410,2,41.45392,-92.14076,Active,IA
69336,iowa_cafo_group_0006,0,43.06603,-95.96359,Active,IA
69337,iowa_cafo_group_0200,2,43.38225,-95.4523,Active,IA
69339,iowa_cafo_group_0061,1,42.90733,-95.8425,Active,IA
69340,iowa_cafo_group_1754,4,43.47198,-92.75214,Active,IA
69341,iowa_cafo_group_1838,2,42.81936,-95.83979,Active,IA
69342,iowa_cafo_group_3620,4,43.37297,-93.25603,Active,IA
69343,iowa_cafo_group_0061,1,42.85563,-95.6863,Active,IA
69345,iowa_cafo_group_0870,2,41.10976,-92.33399,Active,IA
69346,iowa_cafo_group_0006,0,43.1622,-95.84414,Active,IA
69347,iowa_cafo_group_2026,3,43.19451,-94.68388,Active,IA
69348,iowa_cafo_group_0545,4,42.23769,-93.27482,Active,IA
69349,iowa_cafo_group_1442,2,43.17194,-92.65363,Active,IA
69350,iowa_cafo_group_0694,4,42.09642,-92.86486,Active,IA
69351,iowa_cafo_group_0006,0,43.14984,-96.39742,Active,IA
69352,iowa_cafo_group_0439,3,42.82691,-92.39714,Active,IA
69353,iowa_cafo_group_0250,3,43.34837,-94.75799,Active,IA
69354,iowa_cafo_group_3621,0,41.42012,-91.44149,Active,IA
69355,iowa_cafo_group_0006,0,43.45797,-95.97371,Active,IA
69356,iowa_cafo_group_0006,0,43.44354,-95.75655,Active,IA
69357,iowa_cafo_group_0101,3,42.78251,-95.96295,Active,IA
69358,iowa_cafo_group_0190,2,43.46203,-95.5624,Active,IA
69359,iowa_cafo_group_0200,2,43.38971,-95.48208,Active,IA
69360,iowa_cafo_group_0006,0,43.40711,-95.85565,Active,IA
69361,iowa_cafo_group_3622,1,43.05071,-95.25548,Active,IA
69362,iowa_cafo_group_3623,1,41.48606,-91.6521,Active,IA
69363,iowa_cafo_group_0109,2,41.31553,-95.34576,Active,IA
69364,iowa_cafo_group_0393,2,41.53479,-91.76927,Active,IA
69366,iowa_cafo_group_1250,1,41.26936,-92.0359,Active,IA
69367,iowa_cafo_group_1310,4,43.48437,-94.16293,Active,IA
69368,iowa_cafo_group_1310,4,43.47319,-94.20572,Active,IA
69369,iowa_cafo_group_0870,2,41.16261,-92.22622,Active,IA
69370,iowa_cafo_group_1814,3,43.4018,-94.14952,Active,IA
69371,iowa_cafo_group_1236,1,42.13369,-94.39225,Active,IA
69372,iowa_cafo_group_0006,0,42.97821,-96.1744,Active,IA
69373,iowa_cafo_group_0006,0,43.38866,-96.41315,Active,IA
69374,iowa_cafo_group_0061,1,42.76785,-95.7757,Active,IA
69375,iowa_cafo_group_3624,1,40.70595,-93.92095,Active,IA
69376,iowa_cafo_group_3625,1,40.62306,-93.27105,Active,IA
69377,iowa_cafo_group_3626,0,41.46812,-92.83723,Active,IA
69379,iowa_cafo_group_1543,3,41.52158,-91.65184,Active,IA
69380,iowa_cafo_group_3627,3,41.84109,-90.40821,Active,IA
69381,iowa_cafo_group_3628,1,43.40118,-93.13377,Active,IA
69382,iowa_cafo_group_3629,2,43.42248,-93.14205,Active,IA
69383,iowa_cafo_group_0027,1,41.85085,-94.85121,Active,IA
69385,iowa_cafo_group_1144,4,43.16619,-92.14223,Active,IA
69386,iowa_cafo_group_0168,1,42.18579,-95.5126,Active,IA
69388,iowa_cafo_group_2210,1,41.41376,-92.01947,Active,IA
69389,iowa_cafo_group_3630,1,41.36492,-95.48482,Active,IA
69390,iowa_cafo_group_2847,4,40.89882,-92.62605,Active,IA
69391,iowa_cafo_group_2003,4,41.47791,-91.90154,Active,IA
69392,iowa_cafo_group_0127,2,41.32434,-91.96152,Active,IA
69394,iowa_cafo_group_0510,3,43.41046,-92.73241,Active,IA
69395,iowa_cafo_group_3631,1,43.29869,-93.02508,Active,IA
69396,iowa_cafo_group_0859,1,41.75464,-90.96971,Active,IA
69397,iowa_cafo_group_3600,3,43.25091,-91.3143,Active,IA
69398,iowa_cafo_group_3632,3,43.3856,-94.01996,Active,IA
69399,iowa_cafo_group_1436,3,41.46928,-92.58486,Active,IA
69400,iowa_cafo_group_2784,4,41.4699,-92.53201,Active,IA
69401,iowa_cafo_group_3069,1,41.07153,-91.77027,Active,IA
69402,iowa_cafo_group_2553,3,41.31672,-91.22,Active,IA
69403,iowa_cafo_group_3063,4,41.28829,-91.25889,Active,IA
69404,iowa_cafo_group_0809,4,43.05231,-94.61399,Active,IA
69405,iowa_cafo_group_2971,0,40.78232,-95.48438,Active,IA
69406,iowa_cafo_group_0491,2,43.34588,-94.1923,Active,IA
69407,iowa_cafo_group_0486,2,42.02639,-95.60964,Active,IA
69408,iowa_cafo_group_3633,4,41.66552,-90.74843,Active,IA
69409,iowa_cafo_group_1510,3,42.36663,-92.00144,Active,IA
69410,iowa_cafo_group_3634,0,41.95022,-91.00049,Active,IA
69411,iowa_cafo_group_0554,1,41.78745,-94.6715,Active,IA
69412,iowa_cafo_group_0011,3,42.72106,-96.04294,Active,IA
69413,iowa_cafo_group_3635,0,41.78024,-94.61381,Active,IA
69414,iowa_cafo_group_1413,2,41.77281,-94.65239,Active,IA
69415,iowa_cafo_group_3636,3,41.53514,-92.29257,Active,IA
69416,iowa_cafo_group_1098,3,41.5761,-91.84576,Active,IA
69417,iowa_cafo_group_1930,1,42.87006,-96.00158,Active,IA
69418,iowa_cafo_group_0006,0,43.21775,-96.34886,Active,IA
69420,iowa_cafo_group_3637,1,42.36618,-92.30343,Active,IA
69421,iowa_cafo_group_2516,3,43.25207,-95.23451,Active,IA
69422,iowa_cafo_group_3638,0,41.68829,-90.42772,Active,IA
69423,iowa_cafo_group_0799,1,43.23931,-94.42464,Active,IA
69424,iowa_cafo_group_0918,1,42.87746,-95.62756,Active,IA
69425,iowa_cafo_group_3639,1,40.88268,-91.80916,Active,IA
69426,iowa_cafo_group_1760,2,42.59515,-96.0366,Active,IA
69427,iowa_cafo_group_3118,1,41.80599,-95.37037,Active,IA
69428,iowa_cafo_group_0483,4,42.96744,-95.73197,Active,IA
69429,iowa_cafo_group_0011,3,42.80805,-96.02312,Active,IA
69430,iowa_cafo_group_3253,4,43.49021,-92.05512,Active,IA
69431,iowa_cafo_group_3640,1,43.31989,-92.36149,Active,IA
69432,iowa_cafo_group_2822,1,43.23034,-91.86875,Active,IA
69433,iowa_cafo_group_3641,1,42.48565,-93.60711,Active,IA
69434,iowa_cafo_group_0749,4,42.45589,-93.45004,Active,IA
69435,iowa_cafo_group_0006,0,43.01506,-96.34651,Active,IA
69436,iowa_cafo_group_0006,0,43.06626,-96.20968,Active,IA
69437,iowa_cafo_group_0006,0,43.10261,-96.1112,Active,IA
69438,iowa_cafo_group_0529,1,43.28293,-95.32596,Active,IA
69439,iowa_cafo_group_2411,4,43.31672,-95.32394,Active,IA
69440,iowa_cafo_group_0006,0,43.0881,-96.06231,Active,IA
69441,iowa_cafo_group_0006,0,43.25045,-96.31591,Active,IA
69442,iowa_cafo_group_0006,0,43.23322,-96.08452,Active,IA
69444,iowa_cafo_group_0006,0,43.20391,-95.86728,Active,IA
69445,iowa_cafo_group_0006,0,43.13867,-95.99408,Active,IA
69446,iowa_cafo_group_0006,0,43.12769,-96.1499,Active,IA
69447,iowa_cafo_group_0006,0,43.12399,-95.97405,Active,IA
69448,iowa_cafo_group_0006,0,43.18974,-95.93639,Active,IA
69449,iowa_cafo_group_0061,1,42.97152,-95.92363,Active,IA
69450,iowa_cafo_group_0061,1,42.99314,-95.90418,Active,IA
69451,iowa_cafo_group_0006,0,43.22949,-96.29105,Active,IA
69452,iowa_cafo_group_0006,0,43.06555,-95.86523,Active,IA
69453,iowa_cafo_group_0006,0,42.98085,-96.11431,Active,IA
69454,iowa_cafo_group_0809,4,43.06755,-94.5877,Active,IA
69455,iowa_cafo_group_0006,0,43.16047,-96.19239,Active,IA
69456,iowa_cafo_group_0405,2,43.05167,-95.76663,Active,IA
69457,iowa_cafo_group_3642,2,42.61827,-91.8301,Active,IA
69458,iowa_cafo_group_2183,3,43.13873,-95.46173,Active,IA
69459,iowa_cafo_group_0357,3,40.75949,-93.60384,Active,IA
69460,iowa_cafo_group_0719,2,43.31331,-92.57415,Active,IA
69461,iowa_cafo_group_3643,1,41.26906,-92.09758,Active,IA
69462,iowa_cafo_group_0006,0,43.45803,-95.84606,Active,IA
69463,iowa_cafo_group_0006,0,42.89853,-96.18026,Active,IA
69464,iowa_cafo_group_0296,2,43.49771,-94.9197,Active,IA
69465,iowa_cafo_group_1224,1,43.22869,-93.73313,Active,IA
69466,iowa_cafo_group_3644,4,43.38581,-93.03753,Active,IA
69467,iowa_cafo_group_0529,1,43.28258,-95.32448,Active,IA
69468,iowa_cafo_group_0166,1,43.29871,-95.15102,Active,IA
69469,iowa_cafo_group_0006,0,42.94657,-96.4776,Active,IA
69470,iowa_cafo_group_0006,0,42.95695,-96.15051,Active,IA
69471,iowa_cafo_group_0006,0,43.01536,-96.1902,Active,IA
69472,iowa_cafo_group_3645,0,42.92853,-93.10324,Active,IA
69473,iowa_cafo_group_0006,0,43.08029,-96.42662,Active,IA
69474,iowa_cafo_group_0006,0,43.08801,-96.02281,Active,IA
69475,iowa_cafo_group_0006,0,43.15909,-96.40363,Active,IA
69476,iowa_cafo_group_0006,0,43.1241,-96.29912,Active,IA
69477,iowa_cafo_group_0296,2,43.49771,-94.9197,Active,IA
69478,iowa_cafo_group_3646,2,43.47742,-94.94957,Active,IA
69479,iowa_cafo_group_0296,2,43.47743,-94.91028,Active,IA
69481,iowa_cafo_group_1539,2,41.91672,-94.7597,Active,IA
69482,iowa_cafo_group_0061,1,42.83021,-95.75999,Active,IA
69483,iowa_cafo_group_0006,0,42.90976,-96.47443,Active,IA
69484,iowa_cafo_group_0216,3,42.71026,-95.81574,Active,IA
69485,iowa_cafo_group_1115,4,43.33507,-92.22647,Active,IA
69486,iowa_cafo_group_0087,3,42.95299,-94.63949,Active,IA
69487,iowa_cafo_group_2022,2,40.91924,-91.30292,Active,IA
69488,iowa_cafo_group_1291,1,42.69574,-95.93364,Active,IA
69489,iowa_cafo_group_1575,3,42.70963,-93.81932,Active,IA
69490,iowa_cafo_group_3647,4,42.78627,-94.35946,Active,IA
69491,iowa_cafo_group_0217,3,41.45306,-91.1609,Active,IA
69493,iowa_cafo_group_0150,3,42.06099,-95.04831,Active,IA
69494,iowa_cafo_group_3648,3,42.35279,-95.99529,Active,IA
69495,iowa_cafo_group_1280,4,43.41249,-92.19984,Active,IA
69496,iowa_cafo_group_3649,4,42.0733,-90.86527,Active,IA
69497,iowa_cafo_group_3650,3,40.67142,-92.46112,Active,IA
69498,iowa_cafo_group_0015,4,42.20647,-94.97036,Active,IA
69499,iowa_cafo_group_2375,3,43.05247,-93.94101,Active,IA
69500,iowa_cafo_group_0246,3,42.48472,-94.69282,Active,IA
69501,iowa_cafo_group_3651,0,42.39604,-95.7818,Active,IA
69502,iowa_cafo_group_3652,2,41.38723,-95.6556,Active,IA
69503,iowa_cafo_group_0011,3,42.81174,-96.0416,Active,IA
69504,iowa_cafo_group_0011,3,42.79406,-96.09146,Active,IA
69505,iowa_cafo_group_1608,1,42.90343,-92.94127,Active,IA
69506,iowa_cafo_group_3653,0,42.75141,-93.92749,Active,IA
69507,iowa_cafo_group_3654,3,42.38591,-90.7092,Active,IA
69508,iowa_cafo_group_2332,3,42.43414,-92.69138,Active,IA
69509,iowa_cafo_group_3655,0,43.488,-95.23018,Active,IA
69510,iowa_cafo_group_3655,0,43.488,-95.219,Active,IA
69511,iowa_cafo_group_0819,4,42.25867,-95.64751,Active,IA
69512,iowa_cafo_group_1608,1,42.89537,-92.94129,Active,IA
69516,iowa_cafo_group_3656,1,42.83554,-91.29082,Active,IA
69517,iowa_cafo_group_2731,1,42.98047,-93.74034,Active,IA
69518,iowa_cafo_group_3657,4,41.89489,-94.721,Active,IA
69519,iowa_cafo_group_3245,3,42.45306,-91.6024,Active,IA
69520,iowa_cafo_group_3658,2,43.46122,-91.82482,Active,IA
69521,iowa_cafo_group_2664,1,42.27777,-91.20454,Active,IA
69522,iowa_cafo_group_3659,3,43.10698,-91.48382,Active,IA
69523,iowa_cafo_group_0069,3,43.24074,-94.50253,Active,IA
69524,iowa_cafo_group_2200,2,43.35659,-92.79666,Active,IA
69525,iowa_cafo_group_1329,3,42.35767,-94.43128,Active,IA
69526,iowa_cafo_group_0006,0,42.94657,-96.4776,Active,IA
69527,iowa_cafo_group_0006,0,42.95639,-96.4857,Active,IA
69528,iowa_cafo_group_3660,2,42.92761,-93.83352,Active,IA
69529,iowa_cafo_group_2584,2,42.60449,-95.92398,Active,IA
69530,iowa_cafo_group_3661,3,42.78382,-92.59294,Active,IA
69531,iowa_cafo_group_3025,0,41.809,-95.07287,Active,IA
69532,iowa_cafo_group_2161,2,42.05515,-94.41741,Active,IA
69533,iowa_cafo_group_2412,4,41.69981,-92.18557,Active,IA
69534,iowa_cafo_group_3662,1,43.14611,-91.57203,Active,IA
69535,iowa_cafo_group_0428,2,42.39362,-91.05786,Active,IA
69536,iowa_cafo_group_2347,3,43.435,-92.15644,Active,IA
69537,iowa_cafo_group_3663,3,42.24926,-92.90509,Active,IA
69539,iowa_cafo_group_0061,1,42.86269,-95.79512,Active,IA
69540,iowa_cafo_group_2347,3,43.42897,-92.1344,Active,IA
69541,iowa_cafo_group_0006,0,42.89109,-96.4649,Active,IA
69542,iowa_cafo_group_3664,1,42.41472,-95.04306,Active,IA
69543,iowa_cafo_group_3665,4,43.05856,-92.70427,Active,IA
69544,iowa_cafo_group_0857,2,41.74295,-91.01652,Active,IA
69545,iowa_cafo_group_3666,4,41.25015,-95.80845,Active,IA
69546,iowa_cafo_group_1115,4,43.33537,-92.20738,Active,IA
69547,iowa_cafo_group_3667,2,42.38132,-95.5791,Active,IA
69548,iowa_cafo_group_3668,2,42.28701,-95.61861,Active,IA
69549,iowa_cafo_group_2413,3,42.14524,-94.43585,Active,IA
69550,iowa_cafo_group_3669,4,40.9483,-95.2188,Active,IA
69551,iowa_cafo_group_0957,2,42.85459,-95.06788,Active,IA
69552,iowa_cafo_group_0293,4,42.73154,-95.72649,Active,IA
69553,iowa_cafo_group_3335,2,42.69543,-95.6768,Active,IA
69554,iowa_cafo_group_0545,4,42.39234,-93.44493,Active,IA
69555,iowa_cafo_group_3670,0,42.81757,-93.30071,Active,IA
69556,iowa_cafo_group_3539,1,42.14662,-91.14591,Active,IA
69557,iowa_cafo_group_3671,4,41.68237,-91.12211,Active,IA
69558,iowa_cafo_group_1157,2,43.3763,-92.18088,Active,IA
69559,iowa_cafo_group_3423,3,40.91923,-91.82815,Active,IA
69560,iowa_cafo_group_3335,2,42.6953,-95.69629,Active,IA
69561,iowa_cafo_group_2573,1,42.55104,-92.02807,Active,IA
69562,iowa_cafo_group_2228,3,43.27429,-92.11946,Active,IA
69563,iowa_cafo_group_3672,3,42.87648,-95.11733,Active,IA
69564,iowa_cafo_group_0741,3,42.84809,-93.17214,Active,IA
69565,iowa_cafo_group_3673,1,40.48087,-91.56707,Active,IA
69566,iowa_cafo_group_3674,0,43.04067,-91.8889,Active,IA
69567,iowa_cafo_group_3675,0,43.41821,-92.1747,Active,IA
69568,iowa_cafo_group_3313,1,42.28645,-91.94358,Active,IA
69569,iowa_cafo_group_0723,1,43.24034,-92.06675,Active,IA
69570,iowa_cafo_group_0721,2,43.20442,-92.23873,Active,IA
69571,iowa_cafo_group_1707,3,43.25543,-94.29617,Active,IA
69572,iowa_cafo_group_0782,2,42.52232,-94.93398,Active,IA
69573,iowa_cafo_group_0843,1,41.72488,-94.22292,Active,IA
69574,iowa_cafo_group_2372,3,41.65889,-93.94732,Active,IA
69575,iowa_cafo_group_2372,3,41.68237,-93.93157,Active,IA
69576,iowa_cafo_group_2964,4,41.79585,-93.84339,Active,IA
69577,iowa_cafo_group_3676,1,41.73153,-93.88003,Active,IA
69578,iowa_cafo_group_3677,3,43.40397,-95.34397,Active,IA
69579,iowa_cafo_group_3678,2,43.34608,-95.23432,Active,IA
69580,iowa_cafo_group_0168,1,42.1639,-95.49318,Active,IA
69581,iowa_cafo_group_3606,4,42.62702,-91.07577,Active,IA
69583,iowa_cafo_group_0061,1,42.76792,-95.79548,Active,IA
69585,iowa_cafo_group_1081,3,42.81842,-93.07778,Active,IA
69586,iowa_cafo_group_0293,4,42.72462,-95.77606,Active,IA
69587,iowa_cafo_group_3679,4,42.35746,-91.54934,Active,IA
69588,iowa_cafo_group_0584,4,42.76105,-96.46322,Active,IA
69589,iowa_cafo_group_0293,4,42.64467,-95.79522,Active,IA
69590,iowa_cafo_group_1635,4,42.57924,-95.7663,Active,IA
69591,iowa_cafo_group_1635,4,42.57207,-95.76623,Active,IA
69592,iowa_cafo_group_0293,4,42.652,-95.8149,Active,IA
69593,iowa_cafo_group_1036,1,42.68047,-95.47134,Active,IA
69594,iowa_cafo_group_1036,1,42.65944,-95.44551,Active,IA
69595,iowa_cafo_group_0414,4,42.95036,-95.33351,Active,IA
69596,iowa_cafo_group_1123,4,41.11329,-91.00069,Active,IA
69597,iowa_cafo_group_0175,2,42.56255,-95.56559,Active,IA
69599,iowa_cafo_group_0550,4,42.80312,-95.27462,Active,IA
69600,iowa_cafo_group_3680,3,42.81798,-95.30403,Active,IA
69601,iowa_cafo_group_0793,1,42.8179,-95.35317,Active,IA
69602,iowa_cafo_group_3680,3,42.81797,-95.31387,Active,IA
69603,iowa_cafo_group_0550,4,42.79588,-95.27462,Active,IA
69604,iowa_cafo_group_0793,1,42.7958,-95.35307,Active,IA
69605,iowa_cafo_group_0793,1,42.80301,-95.36295,Active,IA
69606,iowa_cafo_group_0793,1,42.80301,-95.3729,Active,IA
69607,iowa_cafo_group_0006,0,43.30765,-96.13933,Active,IA
69608,iowa_cafo_group_3680,3,42.81043,-95.32374,Active,IA
69609,iowa_cafo_group_1046,2,42.63328,-95.12289,Active,IA
69610,iowa_cafo_group_1046,2,42.6058,-95.12171,Active,IA
69611,iowa_cafo_group_3681,3,42.65861,-95.33383,Active,IA
69612,iowa_cafo_group_3682,4,42.65096,-95.10706,Active,IA
69613,iowa_cafo_group_0782,2,42.72335,-95.058,Active,IA
69614,iowa_cafo_group_0782,2,42.69431,-95.05817,Active,IA
69615,iowa_cafo_group_0782,2,42.68718,-95.08775,Active,IA
69616,iowa_cafo_group_2593,2,42.59348,-95.07199,Active,IA
69617,iowa_cafo_group_0957,2,42.84013,-95.01773,Active,IA
69618,iowa_cafo_group_1179,1,42.62994,-95.03371,Active,IA
69620,iowa_cafo_group_3683,3,43.08311,-92.99509,Active,IA
69621,iowa_cafo_group_3684,4,42.70673,-95.5893,Active,IA
69622,iowa_cafo_group_2589,3,41.86683,-94.42048,Active,IA
69623,iowa_cafo_group_1655,4,42.15254,-92.74549,Active,IA
69624,iowa_cafo_group_3685,0,42.87907,-95.45214,Active,IA
69625,iowa_cafo_group_3686,1,41.07988,-91.89616,Active,IA
69626,iowa_cafo_group_2043,4,42.64854,-95.52088,Active,IA
69627,iowa_cafo_group_0545,4,42.29944,-93.3664,Active,IA
69628,iowa_cafo_group_0061,1,42.84478,-95.82024,Active,IA
69630,iowa_cafo_group_0749,4,42.45048,-93.49237,Active,IA
69632,iowa_cafo_group_0771,4,42.44176,-93.91572,Active,IA
69633,iowa_cafo_group_1558,0,42.52903,-93.97135,Active,IA
69634,iowa_cafo_group_3687,4,42.53325,-93.90233,Active,IA
69635,iowa_cafo_group_1527,1,42.57258,-93.95203,Active,IA
69636,iowa_cafo_group_2546,0,42.89996,-93.75396,Active,IA
69637,iowa_cafo_group_0760,1,43.12655,-94.48958,Active,IA
69638,iowa_cafo_group_3688,4,43.23264,-93.95225,Active,IA
69639,iowa_cafo_group_1086,4,43.03998,-95.62416,Active,IA
69640,iowa_cafo_group_1086,4,43.03998,-95.62416,Active,IA
69641,iowa_cafo_group_1142,4,42.7382,-93.09387,Active,IA
69642,iowa_cafo_group_0011,3,42.75339,-95.96304,Active,IA
69643,iowa_cafo_group_0101,3,42.79568,-95.97762,Active,IA
69644,iowa_cafo_group_0011,3,42.75331,-95.95304,Active,IA
69645,iowa_cafo_group_0413,0,42.80301,-92.44019,Active,IA
69646,iowa_cafo_group_0061,1,42.92776,-95.93315,Active,IA
69647,iowa_cafo_group_3689,0,42.2967,-94.35977,Active,IA
69649,iowa_cafo_group_0773,1,42.50087,-94.05979,Active,IA
69651,iowa_cafo_group_1365,1,41.42318,-91.34493,Active,IA
69652,iowa_cafo_group_2912,3,42.54104,-91.04469,Active,IA
69653,iowa_cafo_group_0011,3,42.84044,-96.09042,Active,IA
69654,iowa_cafo_group_3690,1,42.44338,-95.66856,Active,IA
69655,iowa_cafo_group_0892,3,42.66677,-95.8941,Active,IA
69656,iowa_cafo_group_0892,3,42.70293,-95.8751,Active,IA
69657,iowa_cafo_group_3691,0,42.7316,-95.91452,Active,IA
69658,iowa_cafo_group_0101,3,42.78961,-95.9332,Active,IA
69659,iowa_cafo_group_3692,4,42.32565,-95.52837,Active,IA
69660,iowa_cafo_group_1291,1,42.67411,-95.97323,Active,IA
69661,iowa_cafo_group_3693,3,42.48572,-95.66796,Active,IA
69662,iowa_cafo_group_0061,1,42.89148,-95.86395,Active,IA
69663,iowa_cafo_group_0616,4,42.27647,-95.42222,Active,IA
69664,iowa_cafo_group_2466,1,42.49091,-95.48462,Active,IA
69665,iowa_cafo_group_0675,3,42.90077,-95.72041,Active,IA
69666,iowa_cafo_group_1064,3,42.63835,-95.48555,Active,IA
69667,iowa_cafo_group_1287,4,42.60454,-95.48214,Active,IA
69668,iowa_cafo_group_0209,1,42.41843,-94.91369,Active,IA
69669,iowa_cafo_group_0330,1,42.42896,-94.97527,Active,IA
69670,iowa_cafo_group_0229,3,42.38858,-95.07253,Active,IA
69671,iowa_cafo_group_3694,2,42.58208,-95.38976,Active,IA
69672,iowa_cafo_group_0515,2,42.57209,-95.48869,Active,IA
69673,iowa_cafo_group_0515,2,42.57042,-95.48421,Active,IA
69674,iowa_cafo_group_1634,1,42.6443,-95.42835,Active,IA
69675,iowa_cafo_group_1036,1,42.66719,-95.46575,Active,IA
69676,iowa_cafo_group_0675,3,42.90934,-95.74164,Active,IA
69677,iowa_cafo_group_0061,1,42.89207,-95.821,Active,IA
69678,iowa_cafo_group_0061,1,42.82629,-95.88348,Active,IA
69679,iowa_cafo_group_0061,1,42.8189,-95.90327,Active,IA
69680,iowa_cafo_group_3695,1,42.56285,-94.68,Active,IA
69681,iowa_cafo_group_3696,4,42.68726,-95.21536,Active,IA
69683,iowa_cafo_group_3697,4,42.35372,-90.8124,Active,IA
69684,iowa_cafo_group_0175,2,42.54374,-95.56977,Active,IA
69685,iowa_cafo_group_0451,1,42.48565,-95.55943,Active,IA
69687,iowa_cafo_group_0502,4,42.29976,-95.57244,Active,IA
69688,iowa_cafo_group_3698,4,42.04398,-93.71207,Active,IA
69689,iowa_cafo_group_1074,2,43.48773,-92.53857,Active,IA
69690,iowa_cafo_group_1939,3,42.64414,-95.27494,Active,IA
69691,iowa_cafo_group_0445,4,42.63721,-95.31408,Active,IA
69692,iowa_cafo_group_0445,4,42.62277,-95.32375,Active,IA
69693,iowa_cafo_group_0793,1,42.8372,-95.36441,Active,IA
69694,iowa_cafo_group_3699,0,42.57945,-95.3531,Active,IA
69695,iowa_cafo_group_1284,4,42.58643,-95.32372,Active,IA
69696,iowa_cafo_group_1284,4,42.58641,-95.31395,Active,IA
69697,iowa_cafo_group_1284,4,42.59363,-95.29449,Active,IA
69698,iowa_cafo_group_1632,4,42.56129,-95.28828,Active,IA
69699,iowa_cafo_group_1199,0,42.6234,-95.383,Active,IA
69700,iowa_cafo_group_3700,2,42.6158,-95.35324,Active,IA
69701,iowa_cafo_group_0011,3,42.85502,-96.09048,Active,IA
69702,iowa_cafo_group_0006,0,43.48748,-96.4251,Active,IA
69703,iowa_cafo_group_0443,3,43.24055,-95.73834,Active,IA
69704,iowa_cafo_group_0011,3,42.84046,-96.13013,Active,IA
69705,iowa_cafo_group_0276,2,43.42631,-94.93926,Active,IA
69706,iowa_cafo_group_0443,3,43.233,-95.66873,Active,IA
69707,iowa_cafo_group_0443,3,43.24031,-95.70846,Active,IA
69708,iowa_cafo_group_0443,3,43.24026,-95.69855,Active,IA
69709,iowa_cafo_group_0006,0,43.46163,-95.80123,Active,IA
69710,iowa_cafo_group_3701,3,41.53958,-94.20703,Active,IA
69711,iowa_cafo_group_2977,1,41.56507,-94.21775,Active,IA
69712,iowa_cafo_group_2737,2,41.4966,-94.17421,Active,IA
69713,iowa_cafo_group_3702,2,43.37431,-94.95858,Active,IA
69715,iowa_cafo_group_3703,3,41.54375,-94.24783,Active,IA
69716,iowa_cafo_group_1998,4,42.15501,-94.53241,Active,IA
69717,iowa_cafo_group_3704,0,42.89176,-96.1306,Active,IA
69718,iowa_cafo_group_2528,3,42.86974,-96.13027,Active,IA
69719,iowa_cafo_group_2528,3,42.86981,-96.1203,Active,IA
69720,iowa_cafo_group_2262,1,43.38588,-92.81115,Active,IA
69721,iowa_cafo_group_0006,0,43.46163,-95.80123,Active,IA
69722,iowa_cafo_group_2420,1,43.24523,-94.703,Active,IA
69723,iowa_cafo_group_0006,0,43.48695,-95.6879,Active,IA
69724,iowa_cafo_group_0006,0,43.46157,-95.68286,Active,IA
69725,iowa_cafo_group_0006,0,43.45783,-95.72738,Active,IA
69726,iowa_cafo_group_0006,0,43.44349,-95.73683,Active,IA
69727,iowa_cafo_group_3224,4,42.34943,-95.63253,Active,IA
69728,iowa_cafo_group_0061,1,42.83164,-95.74076,Active,IA
69729,iowa_cafo_group_0584,4,42.76776,-96.52787,Active,IA
69730,iowa_cafo_group_1737,3,42.84948,-96.42257,Active,IA
69731,iowa_cafo_group_1085,2,42.8258,-96.31088,Active,IA
69732,iowa_cafo_group_3425,3,42.46635,-91.36844,Active,IA
69733,iowa_cafo_group_0006,0,42.84009,-96.24804,Active,IA
69734,iowa_cafo_group_2366,4,43.11678,-95.39278,Active,IA
69735,iowa_cafo_group_0011,3,42.75329,-95.9432,Active,IA
69736,iowa_cafo_group_1290,4,42.63732,-96.00219,Active,IA
69737,iowa_cafo_group_0006,0,42.93158,-96.50869,Active,IA
69738,iowa_cafo_group_1085,2,42.83345,-96.35186,Active,IA
69739,iowa_cafo_group_0006,0,42.89407,-96.36095,Active,IA
69740,iowa_cafo_group_1100,2,42.7646,-96.2705,Active,IA
69741,iowa_cafo_group_3705,0,43.14576,-95.4124,Active,IA
69742,iowa_cafo_group_2183,3,43.10952,-95.43247,Active,IA
69743,iowa_cafo_group_1039,3,43.17432,-95.52042,Active,IA
69744,iowa_cafo_group_1929,4,43.25379,-95.5801,Active,IA
69745,iowa_cafo_group_1039,3,43.18864,-95.52051,Active,IA
69746,iowa_cafo_group_1929,4,43.22478,-95.55027,Active,IA
69747,iowa_cafo_group_1865,4,42.9387,-95.51729,Active,IA
69748,iowa_cafo_group_0238,2,42.95026,-95.6186,Active,IA
69749,iowa_cafo_group_0917,3,42.92838,-95.6183,Active,IA
69750,iowa_cafo_group_1344,3,42.94996,-95.57902,Active,IA
69751,iowa_cafo_group_1344,3,42.94275,-95.55931,Active,IA
69752,iowa_cafo_group_0011,3,42.73896,-96.06232,Active,IA
69753,iowa_cafo_group_0011,3,42.77553,-96.06211,Active,IA
69754,iowa_cafo_group_0011,3,42.7753,-96.02277,Active,IA
69755,iowa_cafo_group_0011,3,42.75355,-96.04261,Active,IA
69756,iowa_cafo_group_0011,3,42.7608,-96.04264,Active,IA
69757,iowa_cafo_group_0157,4,42.572,-96.061,Active,IA
69758,iowa_cafo_group_0011,3,42.70865,-96.03783,Active,IA
69759,iowa_cafo_group_0200,2,43.32884,-95.47568,Active,IA
69760,iowa_cafo_group_3706,3,43.30948,-95.38837,Active,IA
69761,iowa_cafo_group_2440,1,43.29664,-95.47679,Active,IA
69762,iowa_cafo_group_1836,3,43.27751,-95.48601,Active,IA
69763,iowa_cafo_group_2427,1,42.46104,-91.65481,Active,IA
69764,iowa_cafo_group_0247,2,43.28788,-95.4129,Active,IA
69765,iowa_cafo_group_0443,3,43.26377,-95.66485,Active,IA
69766,iowa_cafo_group_0443,3,43.27327,-95.73302,Active,IA
69767,iowa_cafo_group_0443,3,43.26184,-95.66202,Active,IA
69768,iowa_cafo_group_0006,0,43.30247,-95.74228,Active,IA
69769,iowa_cafo_group_0443,3,43.32726,-95.6284,Active,IA
69770,iowa_cafo_group_0006,0,43.36397,-96.34453,Active,IA
69771,iowa_cafo_group_0006,0,42.91898,-96.48913,Active,IA
69772,iowa_cafo_group_0011,3,42.70721,-96.0546,Active,IA
69773,iowa_cafo_group_0011,3,42.72096,-96.06629,Active,IA
69774,iowa_cafo_group_0011,3,42.71624,-96.03853,Active,IA
69775,iowa_cafo_group_0011,3,42.67745,-96.04494,Active,IA
69776,iowa_cafo_group_1737,3,42.83382,-96.42282,Active,IA
69777,iowa_cafo_group_1085,2,42.84956,-96.33208,Active,IA
69778,iowa_cafo_group_1085,2,42.80181,-96.313,Active,IA
69779,iowa_cafo_group_0011,3,42.73563,-96.02073,Active,IA
69780,iowa_cafo_group_1100,2,42.79756,-96.23431,Active,IA
69781,iowa_cafo_group_1100,2,42.79744,-96.23146,Active,IA
69782,iowa_cafo_group_0675,3,42.9053,-95.72546,Active,IA
69783,iowa_cafo_group_1085,2,42.80793,-96.32364,Active,IA
69784,iowa_cafo_group_1700,3,42.98465,-95.59245,Active,IA
69785,iowa_cafo_group_0006,0,42.86189,-96.28756,Active,IA
69786,iowa_cafo_group_0006,0,42.86897,-96.32671,Active,IA
69787,iowa_cafo_group_0006,0,42.8837,-96.29758,Active,IA
69788,iowa_cafo_group_0011,3,42.72201,-96.08889,Active,IA
69789,iowa_cafo_group_0537,4,43.29821,-92.73721,Active,IA
69790,iowa_cafo_group_0006,0,43.46157,-95.68286,Active,IA
69791,iowa_cafo_group_0537,4,43.29884,-92.7307,Active,IA
69792,iowa_cafo_group_0006,0,43.46157,-95.68286,Active,IA
69793,iowa_cafo_group_1482,4,42.60878,-96.20462,Active,IA
69794,iowa_cafo_group_1482,4,42.61246,-96.20443,Active,IA
69795,iowa_cafo_group_0006,0,43.45806,-95.83616,Active,IA
69796,iowa_cafo_group_0006,0,43.48703,-95.83616,Active,IA
69799,iowa_cafo_group_3707,1,43.07263,-95.52041,Active,IA
69800,iowa_cafo_group_0006,0,43.47243,-95.85591,Active,IA
69801,iowa_cafo_group_3707,1,43.07255,-95.51052,Active,IA
69802,iowa_cafo_group_0561,1,43.05826,-95.55988,Active,IA
69803,iowa_cafo_group_1086,4,43.03648,-95.5596,Active,IA
69804,iowa_cafo_group_1086,4,43.04361,-95.54,Active,IA
69805,iowa_cafo_group_1086,4,43.01519,-95.58896,Active,IA
69806,iowa_cafo_group_2663,1,43.00738,-95.53949,Active,IA
69807,iowa_cafo_group_1086,4,43.0371,-95.59909,Active,IA
69808,iowa_cafo_group_1086,4,43.02922,-95.5497,Active,IA
69809,iowa_cafo_group_0061,1,42.79713,-95.81503,Active,IA
69810,iowa_cafo_group_0892,3,42.68341,-95.84053,Active,IA
69811,iowa_cafo_group_3029,1,42.62677,-95.62281,Active,IA
69812,iowa_cafo_group_0264,1,42.54729,-96.20988,Active,IA
69813,iowa_cafo_group_3708,0,42.70666,-96.49398,Active,IA
69814,iowa_cafo_group_0483,4,42.9936,-95.6883,Active,IA
69815,iowa_cafo_group_0793,1,42.78128,-95.42237,Active,IA
69816,iowa_cafo_group_0483,4,42.99348,-95.73686,Active,IA
69817,iowa_cafo_group_0483,4,42.95704,-95.69803,Active,IA
69818,iowa_cafo_group_0793,1,42.78128,-95.42237,Active,IA
69819,iowa_cafo_group_0483,4,42.94974,-95.69803,Active,IA
69820,iowa_cafo_group_3709,4,42.84751,-96.54135,Active,IA
69821,iowa_cafo_group_3710,2,42.79463,-96.55479,Active,IA
69822,iowa_cafo_group_3710,2,42.80007,-96.56547,Active,IA
69823,iowa_cafo_group_0483,4,42.92791,-95.69788,Active,IA
69824,iowa_cafo_group_0238,2,42.95032,-95.63857,Active,IA
69826,iowa_cafo_group_0443,3,43.31261,-95.6096,Active,IA
69827,iowa_cafo_group_3711,3,43.26782,-95.5503,Active,IA
69828,iowa_cafo_group_0443,3,43.33435,-95.61855,Active,IA
69829,iowa_cafo_group_0443,3,43.31957,-95.59978,Active,IA
69830,iowa_cafo_group_2258,1,43.45063,-95.60901,Active,IA
69831,iowa_cafo_group_0190,2,43.45638,-95.52968,Active,IA
69832,iowa_cafo_group_1125,2,42.91706,-95.54472,Active,IA
69833,iowa_cafo_group_1555,3,40.92825,-93.57599,Active,IA
69834,iowa_cafo_group_1291,1,42.67618,-95.97876,Active,IA
69835,iowa_cafo_group_1291,1,42.69686,-95.97982,Active,IA
69836,iowa_cafo_group_1291,1,42.6853,-95.97912,Active,IA
69837,iowa_cafo_group_1291,1,42.71619,-95.97958,Active,IA
69838,iowa_cafo_group_1291,1,42.72165,-95.99794,Active,IA
69839,iowa_cafo_group_1085,2,42.84001,-96.35105,Active,IA
69841,iowa_cafo_group_1737,3,42.86655,-96.40462,Active,IA
69842,iowa_cafo_group_3712,2,42.90599,-94.83869,Active,IA
69843,iowa_cafo_group_0746,2,42.53766,-92.88788,Active,IA
69844,iowa_cafo_group_0006,0,42.85451,-96.23814,Active,IA
69845,iowa_cafo_group_3713,1,43.31348,-93.94126,Active,IA
69846,iowa_cafo_group_0698,2,42.40295,-95.42494,Active,IA
69847,iowa_cafo_group_0036,3,42.4999,-95.06695,Active,IA
69848,iowa_cafo_group_0036,3,42.52887,-95.0866,Active,IA
69849,iowa_cafo_group_2649,3,43.18485,-95.77662,Active,IA
69850,iowa_cafo_group_3714,0,42.72968,-94.85043,Active,IA
69851,iowa_cafo_group_0112,1,42.76694,-94.97769,Active,IA
69852,iowa_cafo_group_0112,1,42.80617,-94.99159,Active,IA
69853,iowa_cafo_group_2725,3,42.58248,-96.13496,Active,IA
69854,iowa_cafo_group_0011,3,42.75739,-96.1412,Active,IA
69855,iowa_cafo_group_0011,3,42.7574,-96.13511,Active,IA
69856,iowa_cafo_group_0011,3,42.75586,-96.10531,Active,IA
69857,iowa_cafo_group_0011,3,42.74442,-96.1158,Active,IA
69858,iowa_cafo_group_0011,3,42.75034,-96.08323,Active,IA
69859,iowa_cafo_group_0006,0,42.90812,-96.50296,Active,IA
69860,iowa_cafo_group_3715,1,42.55818,-95.39293,Active,IA
69861,iowa_cafo_group_0006,0,42.89018,-96.3326,Active,IA
69862,iowa_cafo_group_0068,2,42.33721,-95.22062,Active,IA
69863,iowa_cafo_group_0068,2,42.38157,-95.21066,Active,IA
69864,iowa_cafo_group_2261,4,42.52902,-95.30402,Active,IA
69865,iowa_cafo_group_0620,3,42.23631,-95.58916,Active,IA
69866,iowa_cafo_group_3716,2,42.81401,-94.85449,Active,IA
69867,iowa_cafo_group_0502,4,42.28691,-95.58936,Active,IA
69868,iowa_cafo_group_0483,4,43.00418,-95.74267,Active,IA
69869,iowa_cafo_group_2036,4,42.76971,-94.8732,Active,IA
69870,iowa_cafo_group_2036,4,42.77635,-94.87061,Active,IA
69871,iowa_cafo_group_2036,4,42.76401,-94.88626,Active,IA
69872,iowa_cafo_group_0155,3,42.4957,-94.93369,Active,IA
69873,iowa_cafo_group_0782,2,42.53701,-94.93485,Active,IA
69874,iowa_cafo_group_0782,2,42.51266,-94.95432,Active,IA
69875,iowa_cafo_group_1037,2,42.82136,-94.90601,Active,IA
69876,iowa_cafo_group_1172,3,43.24281,-95.83434,Active,IA
69877,iowa_cafo_group_1172,3,43.254,-95.84381,Active,IA
69878,iowa_cafo_group_0443,3,43.21782,-95.78098,Active,IA
69879,iowa_cafo_group_0443,3,43.34679,-95.62397,Active,IA
69880,iowa_cafo_group_1085,2,42.84725,-96.3168,Active,IA
69881,iowa_cafo_group_1085,2,42.84725,-96.3168,Active,IA
69882,iowa_cafo_group_0006,0,43.30534,-95.74763,Active,IA
69883,iowa_cafo_group_0006,0,43.3126,-95.74756,Active,IA
69884,iowa_cafo_group_0443,3,43.25866,-95.75661,Active,IA
69885,iowa_cafo_group_0209,1,42.43941,-94.90092,Active,IA
69886,iowa_cafo_group_0209,1,42.42494,-94.901,Active,IA
69887,iowa_cafo_group_0052,3,42.41815,-95.32752,Active,IA
69888,iowa_cafo_group_3060,1,42.23563,-95.08606,Active,IA
69889,iowa_cafo_group_0015,4,42.23526,-94.96045,Active,IA
69890,iowa_cafo_group_0355,1,42.52887,-95.13579,Active,IA
69891,iowa_cafo_group_0011,3,42.7582,-96.11728,Active,IA
69892,iowa_cafo_group_3717,3,42.44718,-95.24022,Active,IA
69894,iowa_cafo_group_0782,2,42.54665,-94.96529,Active,IA
69895,iowa_cafo_group_0011,3,42.73496,-96.15316,Active,IA
69896,iowa_cafo_group_0278,2,43.49111,-94.29071,Active,IA
69897,iowa_cafo_group_0011,3,42.68583,-96.13715,Active,IA
69898,iowa_cafo_group_0011,3,42.67868,-96.13002,Active,IA
69899,iowa_cafo_group_3186,1,41.12897,-94.16508,Active,IA
69900,iowa_cafo_group_3718,3,42.73882,-94.67867,Active,IA
69901,iowa_cafo_group_2348,3,42.79241,-95.22088,Active,IA
69902,iowa_cafo_group_0782,2,42.72718,-95.01264,Active,IA
69903,iowa_cafo_group_3719,4,42.71456,-94.83076,Active,IA
69904,iowa_cafo_group_3720,3,42.2735,-94.45568,Active,IA
69905,iowa_cafo_group_0011,3,42.6695,-96.15358,Active,IA
69906,iowa_cafo_group_1480,1,42.85797,-95.22979,Active,IA
69907,iowa_cafo_group_3721,1,42.33272,-94.04729,Active,IA
69908,iowa_cafo_group_0653,4,42.40952,-91.63233,Active,IA
69909,iowa_cafo_group_0006,0,43.12949,-96.37153,Active,IA
69910,iowa_cafo_group_0006,0,43.34995,-96.20021,Active,IA
69912,iowa_cafo_group_3722,3,42.41173,-94.51398,Active,IA
69913,iowa_cafo_group_3723,1,42.6779,-94.76174,Active,IA
69914,iowa_cafo_group_3695,1,42.57732,-94.68304,Active,IA
69915,iowa_cafo_group_0880,2,42.31313,-94.99306,Active,IA
69916,iowa_cafo_group_0880,2,42.32191,-94.98913,Active,IA
69917,iowa_cafo_group_1096,4,42.58455,-94.72199,Active,IA
69918,iowa_cafo_group_0006,0,43.24397,-96.47176,Active,IA
69919,iowa_cafo_group_0006,0,43.00798,-96.30807,Active,IA
69920,iowa_cafo_group_0006,0,42.95688,-96.16046,Active,IA
69921,iowa_cafo_group_0006,0,43.15627,-96.4176,Active,IA
69922,iowa_cafo_group_0200,2,43.4189,-95.45218,Active,IA
69923,iowa_cafo_group_0200,2,43.36079,-95.48205,Active,IA
69924,iowa_cafo_group_0200,2,43.3969,-95.46213,Active,IA
69925,iowa_cafo_group_2340,3,43.46001,-95.44757,Active,IA
69926,iowa_cafo_group_2009,1,42.23833,-94.10952,Active,IA
69927,iowa_cafo_group_0006,0,43.05205,-95.9926,Active,IA
69928,iowa_cafo_group_0006,0,43.2337,-96.41253,Active,IA
69929,iowa_cafo_group_0006,0,43.14549,-95.89572,Active,IA
69930,iowa_cafo_group_0006,0,42.93475,-96.38623,Active,IA
69931,iowa_cafo_group_0006,0,42.92285,-96.32667,Active,IA
69932,iowa_cafo_group_0006,0,43.12722,-95.94144,Active,IA
69933,iowa_cafo_group_1363,4,42.73202,-96.43387,Active,IA
69934,iowa_cafo_group_3060,1,42.25412,-95.09091,Active,IA
69935,iowa_cafo_group_0782,2,42.60082,-94.9724,Active,IA
69936,iowa_cafo_group_3724,3,41.27609,-91.5863,Active,IA
69937,iowa_cafo_group_0155,3,42.514,-94.8602,Active,IA
69938,iowa_cafo_group_1074,2,43.47527,-92.55334,Active,IA
69939,iowa_cafo_group_0006,0,43.42912,-95.80622,Active,IA
69941,iowa_cafo_group_0541,2,42.48565,-95.4415,Active,IA
69942,iowa_cafo_group_3725,3,43.00682,-92.63762,Active,IA
69943,iowa_cafo_group_0249,4,43.00789,-92.55914,Active,IA
69944,iowa_cafo_group_0644,1,42.31461,-94.91171,Active,IA
69945,iowa_cafo_group_2028,2,42.77409,-96.39077,Active,IA
69946,iowa_cafo_group_0644,1,42.34349,-94.8625,Active,IA
69947,iowa_cafo_group_3606,4,42.63345,-91.09392,Active,IA
69948,iowa_cafo_group_3726,3,42.24327,-95.23119,Active,IA
69949,iowa_cafo_group_3727,2,43.24377,-93.12624,Active,IA
69950,iowa_cafo_group_2564,4,42.48552,-95.20462,Active,IA
69951,iowa_cafo_group_0006,0,43.36381,-95.8363,Active,IA
69952,iowa_cafo_group_3728,0,42.36909,-91.32882,Active,IA
69953,iowa_cafo_group_0006,0,43.30513,-95.88644,Active,IA
69954,iowa_cafo_group_0006,0,43.39264,-95.85562,Active,IA
69955,iowa_cafo_group_0006,0,43.3455,-96.12761,Active,IA
69956,iowa_cafo_group_1841,4,43.33789,-95.93934,Active,IA
69957,iowa_cafo_group_0006,0,43.32633,-96.12196,Active,IA
69958,iowa_cafo_group_3729,2,43.47361,-93.44914,Active,IA
69960,iowa_cafo_group_0006,0,43.37852,-95.80634,Active,IA
69961,iowa_cafo_group_0006,0,43.46201,-96.38961,Active,IA
69962,iowa_cafo_group_3730,4,42.99875,-92.87379,Active,IA
69963,iowa_cafo_group_1314,3,41.22581,-91.50182,Active,IA
69964,iowa_cafo_group_0006,0,43.3643,-96.404,Active,IA
69965,iowa_cafo_group_0006,0,43.3787,-96.27888,Active,IA
69966,iowa_cafo_group_0006,0,43.3787,-96.27888,Active,IA
69967,iowa_cafo_group_0006,0,43.34204,-96.08273,Active,IA
69968,iowa_cafo_group_0006,0,43.28605,-96.21263,Active,IA
69969,iowa_cafo_group_0006,0,43.29846,-96.03904,Active,IA
69970,iowa_cafo_group_0333,1,42.63718,-95.76572,Active,IA
69971,iowa_cafo_group_0006,0,43.27271,-96.06168,Active,IA
69972,iowa_cafo_group_1024,1,42.8053,-94.74601,Active,IA
69973,iowa_cafo_group_0006,0,43.34186,-95.89545,Active,IA
69974,iowa_cafo_group_3731,2,40.91048,-94.619,Active,IA
69975,iowa_cafo_group_0006,0,43.47712,-96.27244,Active,IA
69976,iowa_cafo_group_1024,1,42.77237,-94.7425,Active,IA
69977,iowa_cafo_group_0006,0,43.00785,-96.34645,Active,IA
69978,iowa_cafo_group_0829,1,41.9973,-95.56114,Active,IA
69979,iowa_cafo_group_3227,4,40.89452,-93.24567,Active,IA
69980,iowa_cafo_group_0486,2,42.0773,-95.63856,Active,IA
69983,iowa_cafo_group_3732,4,41.95478,-95.37726,Active,IA
69984,iowa_cafo_group_3732,4,41.95478,-95.37726,Active,IA
69985,iowa_cafo_group_3733,1,41.95547,-95.32913,Active,IA
69987,iowa_cafo_group_1564,2,42.02624,-95.1064,Active,IA
69989,iowa_cafo_group_3734,3,41.97682,-95.17445,Active,IA
69990,iowa_cafo_group_0826,4,41.96208,-95.12623,Active,IA
69992,iowa_cafo_group_0826,4,41.96178,-95.09724,Active,IA
69993,iowa_cafo_group_0006,0,43.43667,-96.29839,Active,IA
69994,iowa_cafo_group_0006,0,43.48225,-95.95951,Active,IA
69995,iowa_cafo_group_0006,0,43.45229,-96.37042,Active,IA
69996,iowa_cafo_group_0006,0,43.44783,-96.36004,Active,IA
69997,iowa_cafo_group_0006,0,43.28634,-96.20093,Active,IA
69998,iowa_cafo_group_0006,0,43.47305,-96.20003,Active,IA
69999,iowa_cafo_group_0006,0,43.4617,-95.92025,Active,IA
70000,iowa_cafo_group_0006,0,43.05185,-96.24889,Active,IA
70001,iowa_cafo_group_3735,2,43.93104,-93.93104,Active,IA
70002,iowa_cafo_group_2656,3,41.96849,-95.68663,Active,IA
70003,iowa_cafo_group_2170,1,42.31901,-95.26329,Active,IA
70004,iowa_cafo_group_0006,0,43.15806,-96.41159,Active,IA
70005,iowa_cafo_group_2530,1,41.59644,-92.16713,Active,IA
70006,iowa_cafo_group_0006,0,43.36393,-95.7271,Active,IA
70007,iowa_cafo_group_3736,2,42.46113,-94.5778,Active,IA
70008,iowa_cafo_group_0006,0,43.02995,-96.229,Active,IA
70009,iowa_cafo_group_1024,1,42.80434,-94.761,Active,IA
70010,iowa_cafo_group_1024,1,42.77899,-94.73885,Active,IA
70011,iowa_cafo_group_3737,3,42.76838,-96.58098,Active,IA
70012,iowa_cafo_group_0006,0,43.32628,-96.2498,Active,IA
70013,iowa_cafo_group_0006,0,43.32628,-96.2498,Active,IA
70014,iowa_cafo_group_3738,4,41.15601,-95.17995,Active,IA
70015,iowa_cafo_group_3739,4,42.52886,-93.55474,Active,IA
70016,iowa_cafo_group_2369,3,43.45869,-93.80414,Active,IA
70017,iowa_cafo_group_0765,0,43.1128,-94.29362,Active,IA
70018,iowa_cafo_group_0227,4,41.17336,-91.50975,Active,IA
70019,iowa_cafo_group_0006,0,43.19467,-96.02236,Active,IA
70020,iowa_cafo_group_0006,0,43.20128,-96.03631,Active,IA
70021,iowa_cafo_group_0006,0,43.18746,-96.03525,Active,IA
70022,iowa_cafo_group_0006,0,43.30307,-96.01198,Active,IA
70023,iowa_cafo_group_0006,0,43.18608,-96.2445,Active,IA
70024,iowa_cafo_group_0006,0,43.21527,-96.23271,Active,IA
70025,iowa_cafo_group_2000,4,42.29261,-94.4122,Active,IA
70026,iowa_cafo_group_2589,3,41.88444,-94.4158,Active,IA
70027,iowa_cafo_group_1011,4,42.43668,-93.23197,Active,IA
70028,iowa_cafo_group_1294,3,43.22768,-92.13897,Active,IA
70029,iowa_cafo_group_0755,4,42.52739,-93.45996,Active,IA
70030,iowa_cafo_group_2028,2,42.76419,-96.37787,Active,IA
70031,iowa_cafo_group_0870,2,41.19883,-92.24258,Active,IA
70032,iowa_cafo_group_0006,0,43.34148,-96.05728,Active,IA
70033,iowa_cafo_group_0006,0,43.00784,-96.35641,Active,IA
70034,iowa_cafo_group_3740,1,42.65564,-92.6417,Active,IA
70035,iowa_cafo_group_0006,0,43.28287,-96.26094,Active,IA
70036,iowa_cafo_group_0127,2,41.45997,-91.77335,Active,IA
70037,iowa_cafo_group_0006,0,43.31903,-96.26023,Active,IA
70038,iowa_cafo_group_0006,0,43.29734,-96.27056,Active,IA
70039,iowa_cafo_group_0006,0,43.29009,-96.27079,Active,IA
70040,iowa_cafo_group_0006,0,43.15655,-96.39767,Active,IA
70041,iowa_cafo_group_0793,1,42.8179,-95.35317,Active,IA
70042,iowa_cafo_group_3741,2,42.59443,-96.35618,Active,IA
70043,iowa_cafo_group_3742,4,42.56974,-96.33136,Active,IA
70044,iowa_cafo_group_3743,3,42.53202,-94.50909,Active,IA
70045,iowa_cafo_group_0443,3,43.32559,-95.64421,Active,IA
70046,iowa_cafo_group_0006,0,43.26128,-96.29077,Active,IA
70047,iowa_cafo_group_0061,1,42.95643,-95.86437,Active,IA
70048,iowa_cafo_group_0006,0,43.17912,-96.42542,Active,IA
70049,iowa_cafo_group_0006,0,43.29774,-96.34743,Active,IA
70051,iowa_cafo_group_2393,1,43.11833,-91.79249,Active,IA
70052,iowa_cafo_group_3355,2,42.30823,-92.75868,Active,IA
70053,iowa_cafo_group_0061,1,42.91331,-95.96264,Active,IA
70054,iowa_cafo_group_2594,3,42.58635,-95.1659,Active,IA
70055,iowa_cafo_group_3744,1,40.91151,-94.80023,Active,IA
70056,iowa_cafo_group_0061,1,42.97105,-95.87439,Active,IA
70057,iowa_cafo_group_0080,2,41.99436,-95.06236,Active,IA
70058,iowa_cafo_group_0061,1,42.94234,-95.92333,Active,IA
70059,iowa_cafo_group_0061,1,42.94966,-95.9234,Active,IA
70060,iowa_cafo_group_0949,1,42.90893,-93.85303,Active,IA
70061,iowa_cafo_group_0850,4,41.36428,-92.52571,Active,IA
70062,iowa_cafo_group_1286,4,41.87419,-91.92855,Active,IA
70063,iowa_cafo_group_0006,0,43.37082,-95.92495,Active,IA
70064,iowa_cafo_group_0068,2,42.3448,-95.22448,Active,IA
70066,iowa_cafo_group_1400,3,41.74886,-94.87467,Active,IA
70067,iowa_cafo_group_0006,0,43.20801,-96.22854,Active,IA
70068,iowa_cafo_group_2176,1,41.6901,-90.74802,Active,IA
70069,iowa_cafo_group_0087,3,42.99525,-94.63932,Active,IA
70070,iowa_cafo_group_1102,3,41.64399,-90.70015,Active,IA
70071,iowa_cafo_group_0006,0,43.02988,-96.18028,Active,IA
70072,iowa_cafo_group_0006,0,42.93507,-96.15045,Active,IA
70073,iowa_cafo_group_3745,4,40.67874,-95.45059,Active,IA
70074,iowa_cafo_group_3745,4,40.69415,-95.44945,Active,IA
70075,iowa_cafo_group_1091,3,41.38596,-91.9865,Active,IA
70076,iowa_cafo_group_1065,3,43.33239,-94.30735,Active,IA
70077,iowa_cafo_group_3648,3,42.36723,-95.98555,Active,IA
70078,iowa_cafo_group_0006,0,43.07352,-96.21945,Active,IA
70079,iowa_cafo_group_0006,0,43.00802,-96.24873,Active,IA
70080,iowa_cafo_group_0006,0,43.02266,-96.21906,Active,IA
70081,iowa_cafo_group_0006,0,42.98622,-96.1409,Active,IA
70082,iowa_cafo_group_3746,0,42.65124,-93.2117,Active,IA
70083,iowa_cafo_group_0155,3,42.52097,-94.7916,Active,IA
70084,iowa_cafo_group_0006,0,42.97853,-96.39599,Active,IA
70085,iowa_cafo_group_0006,0,42.92018,-96.37635,Active,IA
70086,iowa_cafo_group_0246,3,42.47759,-94.811,Active,IA
70087,iowa_cafo_group_2167,2,42.25263,-94.5961,Active,IA
70088,iowa_cafo_group_0738,3,42.58655,-93.39472,Active,IA
70089,iowa_cafo_group_0006,0,43.24126,-96.29359,Active,IA
70090,iowa_cafo_group_0689,2,41.92489,-95.1073,Active,IA
70092,iowa_cafo_group_3747,4,42.16374,-95.13505,Active,IA
70093,iowa_cafo_group_1412,4,43.21311,-93.67858,Active,IA
70096,iowa_cafo_group_0006,0,43.08789,-96.20039,Active,IA
70097,iowa_cafo_group_0800,1,43.35999,-94.50731,Active,IA
70098,iowa_cafo_group_3213,4,43.35677,-94.85602,Active,IA
70100,iowa_cafo_group_0006,0,43.21951,-96.29471,Active,IA
70102,iowa_cafo_group_0184,1,42.03091,-95.47806,Active,IA
70103,iowa_cafo_group_1991,3,41.98291,-95.49367,Active,IA
70104,iowa_cafo_group_0043,1,41.93962,-95.55195,Active,IA
70105,iowa_cafo_group_0043,1,41.92522,-95.552,Active,IA
70106,iowa_cafo_group_1563,3,41.87419,-95.44513,Active,IA
70109,iowa_cafo_group_1413,2,41.75738,-94.65247,Active,IA
70110,iowa_cafo_group_1725,1,43.42618,-92.92471,Active,IA
70111,iowa_cafo_group_3748,3,43.32096,-92.81345,Active,IA
70112,iowa_cafo_group_1784,2,42.31028,-94.21257,Active,IA
70113,iowa_cafo_group_3749,1,43.29755,-93.86839,Active,IA
70114,iowa_cafo_group_1725,1,43.43594,-92.92423,Active,IA
70115,iowa_cafo_group_0264,1,42.52227,-96.21892,Active,IA
70116,iowa_cafo_group_1085,2,42.81035,-96.29131,Active,IA
70117,iowa_cafo_group_0134,4,42.44223,-95.55401,Active,IA
70118,iowa_cafo_group_0782,2,42.69752,-94.97291,Active,IA
70119,iowa_cafo_group_3033,4,43.04797,-91.47392,Active,IA
70120,iowa_cafo_group_1388,3,43.21282,-91.26703,Active,IA
70121,iowa_cafo_group_0006,0,43.36056,-95.88937,Active,IA
70122,iowa_cafo_group_3750,4,41.62714,-94.97132,Active,IA
70123,iowa_cafo_group_0480,1,41.1518,-91.7307,Active,IA
70124,iowa_cafo_group_0061,1,42.88473,-95.79533,Active,IA
70125,iowa_cafo_group_1577,3,42.64508,-93.70103,Active,IA
70126,iowa_cafo_group_0061,1,42.77872,-95.69013,Active,IA
70127,iowa_cafo_group_1299,4,42.35127,-91.67162,Active,IA
70128,iowa_cafo_group_2348,3,42.80698,-95.20472,Active,IA
70129,iowa_cafo_group_1998,4,42.14492,-94.51296,Active,IA
70130,iowa_cafo_group_3751,3,43.13921,-91.72065,Active,IA
70131,iowa_cafo_group_0799,1,43.29842,-94.45026,Active,IA
70132,iowa_cafo_group_0443,3,43.30271,-95.70775,Active,IA
70133,iowa_cafo_group_3752,1,42.42376,-94.45097,Active,IA
70134,iowa_cafo_group_0006,0,43.47242,-95.98306,Active,IA
70135,iowa_cafo_group_0483,4,42.9539,-95.72316,Active,IA
70136,iowa_cafo_group_1312,1,42.31069,-92.85639,Active,IA
70137,iowa_cafo_group_0006,0,43.28321,-95.88679,Active,IA
70138,iowa_cafo_group_0006,0,42.98245,-96.06581,Active,IA
70139,iowa_cafo_group_0981,4,42.85569,-93.34128,Active,IA
70140,iowa_cafo_group_3753,1,42.42503,-95.7913,Active,IA
70141,iowa_cafo_group_3754,1,42.42515,-95.82074,Active,IA
70142,iowa_cafo_group_3751,3,43.13747,-91.69714,Active,IA
70143,iowa_cafo_group_2358,2,43.14345,-91.6691,Active,IA
70144,iowa_cafo_group_0227,4,41.25438,-91.61533,Active,IA
70145,iowa_cafo_group_0227,4,41.27639,-91.6252,Active,IA
70146,iowa_cafo_group_3755,0,41.89195,-93.08394,Active,IA
70147,iowa_cafo_group_0247,2,43.29835,-95.42187,Active,IA
70148,iowa_cafo_group_1091,3,41.3481,-92.05884,Active,IA
70149,iowa_cafo_group_3756,2,41.27103,-95.31326,Active,IA
70150,iowa_cafo_group_0061,1,42.76101,-95.84065,Active,IA
70151,iowa_cafo_group_0061,1,42.83391,-95.66686,Active,IA
70152,iowa_cafo_group_3757,2,42.47569,-95.94394,Active,IA
70154,iowa_cafo_group_0006,0,43.46201,-96.38961,Active,IA
70156,iowa_cafo_group_2486,3,41.59504,-91.56531,Active,IA
70157,iowa_cafo_group_3758,3,41.11871,-94.6465,Active,IA
70158,iowa_cafo_group_0061,1,42.95697,-95.92347,Active,IA
70159,iowa_cafo_group_0061,1,42.92051,-95.93318,Active,IA
70160,iowa_cafo_group_0006,0,43.23273,-96.15903,Active,IA
70161,iowa_cafo_group_1969,4,41.46448,-94.763,Active,IA
70162,iowa_cafo_group_1237,4,43.0794,-94.94819,Active,IA
70163,iowa_cafo_group_0854,4,42.09217,-93.14635,Active,IA
70164,iowa_cafo_group_0006,0,42.95686,-96.47057,Active,IA
70165,iowa_cafo_group_0216,3,42.72462,-95.8058,Active,IA
70166,iowa_cafo_group_1459,4,41.52476,-92.41839,Active,IA
70167,iowa_cafo_group_0244,4,41.53804,-92.35494,Active,IA
70168,iowa_cafo_group_1901,2,42.85169,-92.88932,Active,IA
70169,iowa_cafo_group_2809,4,41.34194,-94.64746,Active,IA
70170,iowa_cafo_group_3731,2,40.92488,-94.61909,Active,IA
70171,iowa_cafo_group_3759,0,41.0682,-94.63745,Active,IA
70172,iowa_cafo_group_3760,3,41.04762,-94.7806,Active,IA
70173,iowa_cafo_group_0822,2,41.7423,-94.99103,Active,IA
70174,iowa_cafo_group_2556,2,41.60575,-94.7683,Active,IA
70175,iowa_cafo_group_2753,1,41.77292,-94.9131,Active,IA
70176,iowa_cafo_group_0822,2,41.74218,-94.94232,Active,IA
70177,iowa_cafo_group_2753,1,41.75728,-94.91341,Active,IA
70178,iowa_cafo_group_0822,2,41.74222,-94.96174,Active,IA
70179,iowa_cafo_group_1921,3,41.85964,-95.01983,Active,IA
70180,iowa_cafo_group_1975,2,41.77281,-94.8164,Active,IA
70182,iowa_cafo_group_0822,2,41.74953,-94.97161,Active,IA
70183,iowa_cafo_group_0559,1,42.15189,-94.98884,Active,IA
70185,iowa_cafo_group_0440,4,42.20611,-94.76942,Active,IA
70186,iowa_cafo_group_0023,4,42.17746,-94.85456,Active,IA
70187,iowa_cafo_group_0080,2,41.96853,-95.0104,Active,IA
70188,iowa_cafo_group_2040,1,41.90277,-94.78857,Active,IA
70189,iowa_cafo_group_0080,2,41.99001,-94.9615,Active,IA
70190,iowa_cafo_group_0974,2,42.103,-94.63376,Active,IA
70192,iowa_cafo_group_0484,4,41.87413,-95.078,Active,IA
70193,iowa_cafo_group_0255,4,42.10387,-94.96092,Active,IA
70194,iowa_cafo_group_0027,1,41.88829,-94.9225,Active,IA
70195,iowa_cafo_group_0080,2,41.94665,-95.0008,Active,IA
70196,iowa_cafo_group_0150,3,42.04678,-95.09668,Active,IA
70197,iowa_cafo_group_3200,1,42.07716,-95.48373,Active,IA
70198,iowa_cafo_group_3761,1,41.99074,-95.11616,Active,IA
70199,iowa_cafo_group_0486,2,42.04828,-95.61933,Active,IA
70200,iowa_cafo_group_0150,3,42.03944,-95.06792,Active,IA
70203,iowa_cafo_group_2161,2,42.04548,-94.45137,Active,IA
70204,iowa_cafo_group_3762,2,42.10309,-94.28595,Active,IA
70206,iowa_cafo_group_3763,2,41.67121,-94.6621,Active,IA
70208,iowa_cafo_group_0006,0,43.17161,-95.88963,Active,IA
70209,iowa_cafo_group_3764,0,42.17593,-90.64504,Active,IA
70211,iowa_cafo_group_0082,4,42.82754,-93.3601,Active,IA
70212,iowa_cafo_group_3765,2,42.03377,-95.67673,Active,IA
70213,iowa_cafo_group_0530,1,41.1173,-95.03365,Active,IA
70214,iowa_cafo_group_3766,0,40.72381,-95.29928,Active,IA
70215,iowa_cafo_group_3767,4,40.7534,-95.1613,Active,IA
70216,iowa_cafo_group_3768,2,40.70661,-95.0529,Active,IA
70217,iowa_cafo_group_3769,4,40.82458,-94.95245,Active,IA
70218,iowa_cafo_group_0570,4,40.78242,-95.14224,Active,IA
70219,iowa_cafo_group_0024,3,41.40154,-95.5988,Active,IA
70220,iowa_cafo_group_3770,3,41.37222,-95.40793,Active,IA
70221,iowa_cafo_group_3771,3,41.47435,-95.7894,Active,IA
70222,iowa_cafo_group_3772,0,41.32868,-95.29412,Active,IA
70223,iowa_cafo_group_3773,3,41.18543,-95.38905,Active,IA
70224,iowa_cafo_group_1091,3,41.36283,-92.02921,Active,IA
70225,iowa_cafo_group_0721,2,43.2496,-92.21987,Active,IA
70226,iowa_cafo_group_1467,2,42.54587,-91.4661,Active,IA
70227,iowa_cafo_group_3774,3,43.42653,-95.27422,Active,IA
70228,iowa_cafo_group_0006,0,43.16041,-95.93988,Active,IA
70229,iowa_cafo_group_0155,3,42.51381,-94.83079,Active,IA
70230,iowa_cafo_group_3775,1,41.79683,-95.50073,Active,IA
70231,iowa_cafo_group_0006,0,43.4107,-95.80111,Active,IA
70232,iowa_cafo_group_2050,1,41.30678,-92.8264,Active,IA
70233,iowa_cafo_group_0246,3,42.48386,-94.79621,Active,IA
70234,iowa_cafo_group_0545,4,42.33973,-93.35304,Active,IA
70235,iowa_cafo_group_3776,0,42.35434,-96.12121,Active,IA
70236,iowa_cafo_group_3777,1,42.69748,-94.69748,Active,IA
70237,iowa_cafo_group_2198,4,42.15262,-92.46643,Active,IA
70238,iowa_cafo_group_1295,4,43.26958,-94.2037,Active,IA
70239,iowa_cafo_group_3778,3,41.74336,-95.349,Active,IA
70240,iowa_cafo_group_3779,0,41.82455,-95.1849,Active,IA
70241,iowa_cafo_group_3404,2,41.75823,-95.38807,Active,IA
70242,iowa_cafo_group_2708,0,41.84627,-95.1943,Active,IA
70243,iowa_cafo_group_3780,0,41.53542,-95.28729,Active,IA
70245,iowa_cafo_group_3781,0,41.59641,-95.3321,Active,IA
70246,iowa_cafo_group_3005,4,40.79492,-94.5336,Active,IA
70247,iowa_cafo_group_3144,3,40.98139,-94.3043,Active,IA
70248,iowa_cafo_group_3782,0,41.11029,-94.20886,Active,IA
70249,iowa_cafo_group_3783,4,40.96834,-94.62859,Active,IA
70251,iowa_cafo_group_0269,1,42.06597,-94.9567,Active,IA
70253,iowa_cafo_group_1726,3,40.70832,-94.45672,Active,IA
70254,iowa_cafo_group_3784,0,40.73921,-94.24328,Active,IA
70256,iowa_cafo_group_3785,2,42.74682,-96.57128,Active,IA
70257,iowa_cafo_group_3786,1,42.46082,-92.80837,Active,IA
70258,iowa_cafo_group_0094,4,43.13376,-94.06881,Active,IA
70259,iowa_cafo_group_0748,1,42.34762,-92.98305,Active,IA
70260,iowa_cafo_group_1628,4,43.39689,-95.422,Active,IA
70261,iowa_cafo_group_0414,4,42.95423,-95.25852,Active,IA
70262,iowa_cafo_group_0333,1,42.65754,-95.7617,Active,IA
70263,iowa_cafo_group_3226,4,42.86376,-93.90005,Active,IA
70264,iowa_cafo_group_0443,3,43.28362,-95.69901,Active,IA
70265,iowa_cafo_group_0989,1,43.23061,-95.46726,Active,IA
70266,iowa_cafo_group_3787,1,42.46489,-95.72335,Active,IA
70267,iowa_cafo_group_3788,3,42.47456,-95.75815,Active,IA
70268,iowa_cafo_group_3787,1,42.45415,-95.70799,Active,IA
70269,iowa_cafo_group_2286,3,42.38501,-95.67866,Active,IA
70270,iowa_cafo_group_3289,1,41.06392,-91.8571,Active,IA
70272,iowa_cafo_group_0546,3,42.3382,-95.75351,Active,IA
70273,iowa_cafo_group_0006,0,43.16412,-96.41318,Active,IA
70274,iowa_cafo_group_0006,0,43.19118,-96.42827,Active,IA
70275,iowa_cafo_group_0006,0,43.11151,-96.29194,Active,IA
70276,iowa_cafo_group_3789,2,41.54001,-95.70832,Active,IA
70277,iowa_cafo_group_3790,2,42.99442,-93.06215,Active,IA
70278,iowa_cafo_group_0296,2,43.49139,-94.9197,Active,IA
70279,iowa_cafo_group_3791,4,41.84909,-95.92449,Active,IA
70280,iowa_cafo_group_3792,1,42.54621,-94.36444,Active,IA
70281,iowa_cafo_group_1652,2,43.13823,-92.2618,Active,IA
70282,iowa_cafo_group_1862,4,41.42122,-91.64337,Active,IA
70283,iowa_cafo_group_3793,4,42.36801,-96.36509,Active,IA
70284,iowa_cafo_group_2399,1,43.09232,-94.89588,Active,IA
70285,iowa_cafo_group_0006,0,43.22161,-96.17831,Active,IA
70287,iowa_cafo_group_0006,0,43.12788,-95.92495,Active,IA
70288,iowa_cafo_group_0061,1,42.76436,-95.85266,Active,IA
70289,iowa_cafo_group_2994,4,42.51742,-94.48046,Active,IA
70290,iowa_cafo_group_0529,1,43.25029,-95.34754,Active,IA
70291,iowa_cafo_group_0529,1,43.27022,-95.31842,Active,IA
70292,iowa_cafo_group_0443,3,43.21859,-95.68849,Active,IA
70293,iowa_cafo_group_0006,0,43.21502,-96.2046,Active,IA
70294,iowa_cafo_group_0006,0,43.17264,-96.19942,Active,IA
70295,iowa_cafo_group_0006,0,43.49081,-95.92114,Active,IA
70296,iowa_cafo_group_0758,1,42.67758,-94.33047,Active,IA
70298,iowa_cafo_group_2399,1,43.08484,-94.87549,Active,IA
70299,iowa_cafo_group_3332,1,43.09747,-94.82047,Active,IA
70300,iowa_cafo_group_0006,0,43.16794,-95.97513,Active,IA
70301,iowa_cafo_group_0006,0,42.8549,-96.1797,Active,IA
70302,iowa_cafo_group_1764,2,41.52796,-91.22736,Active,IA
70303,iowa_cafo_group_0068,2,42.36617,-95.20128,Active,IA
70304,iowa_cafo_group_3794,3,43.15903,-94.892,Active,IA
70305,iowa_cafo_group_3059,4,42.18099,-91.3375,Active,IA
70306,iowa_cafo_group_3795,0,43.48866,-93.5563,Active,IA
70307,iowa_cafo_group_0171,2,42.38169,-95.80116,Active,IA
70308,iowa_cafo_group_3309,1,41.45632,-91.45035,Active,IA
70309,iowa_cafo_group_3796,2,42.13962,-91.03862,Active,IA
70310,iowa_cafo_group_0719,2,43.33502,-92.52511,Active,IA
70311,iowa_cafo_group_3797,3,42.34622,-96.05327,Active,IA
70312,iowa_cafo_group_3798,2,42.27279,-95.9564,Active,IA
70313,iowa_cafo_group_0620,3,42.23354,-95.57482,Active,IA
70314,iowa_cafo_group_1192,2,42.51371,-93.65544,Active,IA
70315,iowa_cafo_group_3799,1,42.15315,-90.96524,Active,IA
70316,iowa_cafo_group_2763,4,42.25184,-90.96216,Active,IA
70317,iowa_cafo_group_2763,4,42.25721,-90.97368,Active,IA
70318,iowa_cafo_group_3205,4,42.24682,-90.91295,Active,IA
70319,iowa_cafo_group_2465,1,42.18132,-92.40057,Active,IA
70320,iowa_cafo_group_2581,3,42.12757,-92.31897,Active,IA
70321,iowa_cafo_group_2763,4,42.27476,-90.95291,Active,IA
70322,iowa_cafo_group_3800,4,43.43297,-91.96017,Active,IA
70323,iowa_cafo_group_3801,1,42.1365,-92.37771,Active,IA
70324,iowa_cafo_group_3802,4,41.99273,-93.39568,Active,IA
70326,iowa_cafo_group_1106,3,43.20163,-94.64436,Active,IA
70327,iowa_cafo_group_2514,1,40.82428,-91.76202,Active,IA
70328,iowa_cafo_group_2514,1,40.83161,-91.76196,Active,IA
70329,iowa_cafo_group_2514,1,40.83161,-91.76196,Active,IA
70330,iowa_cafo_group_3803,2,43.05531,-91.78929,Active,IA
70331,iowa_cafo_group_3804,0,43.07013,-91.27566,Active,IA
70332,iowa_cafo_group_0305,3,42.81921,-96.52257,Active,IA
70333,iowa_cafo_group_2832,2,42.2828,-91.31746,Active,IA
70334,iowa_cafo_group_0630,2,41.76071,-95.3136,Active,IA
70335,iowa_cafo_group_3805,4,41.28565,-92.07688,Active,IA
70336,iowa_cafo_group_1111,3,41.27495,-91.75961,Active,IA
70337,iowa_cafo_group_0069,3,43.2697,-94.53142,Active,IA
70338,iowa_cafo_group_0872,1,43.02374,-94.46996,Active,IA
70339,iowa_cafo_group_1059,4,43.43238,-94.45238,Active,IA
70340,iowa_cafo_group_0117,1,42.01983,-91.26895,Active,IA
70341,iowa_cafo_group_0296,2,43.49768,-94.91054,Active,IA
70342,iowa_cafo_group_3806,3,41.96809,-91.00893,Active,IA
70343,iowa_cafo_group_3102,3,42.0722,-91.12179,Active,IA
70344,iowa_cafo_group_0275,2,41.97877,-91.25549,Active,IA
70345,iowa_cafo_group_2664,1,42.28877,-91.20218,Active,IA
70346,iowa_cafo_group_3807,0,42.27151,-91.14225,Active,IA
70347,iowa_cafo_group_2763,4,42.24292,-90.98586,Active,IA
70348,iowa_cafo_group_3808,1,42.20548,-90.98818,Active,IA
70349,iowa_cafo_group_0136,2,42.28341,-91.02507,Active,IA
70350,iowa_cafo_group_3809,0,42.19795,-90.38678,Active,IA
70351,iowa_cafo_group_0136,2,42.27146,-91.11436,Active,IA
70352,iowa_cafo_group_0136,2,42.28164,-91.10889,Active,IA
70353,iowa_cafo_group_0538,1,42.16981,-90.42856,Active,IA
70354,iowa_cafo_group_3810,3,42.35914,-90.47245,Active,IA
70355,iowa_cafo_group_3811,0,42.15997,-90.87738,Active,IA
70356,iowa_cafo_group_2841,3,42.22873,-90.55247,Active,IA
70357,iowa_cafo_group_3812,2,42.24263,-91.54807,Active,IA
70358,iowa_cafo_group_3813,2,42.11425,-90.62783,Active,IA
70359,iowa_cafo_group_3814,1,42.90878,-93.6217,Active,IA
70360,iowa_cafo_group_3815,3,41.27287,-93.80746,Active,IA
70362,iowa_cafo_group_0136,2,42.24129,-91.06067,Active,IA
70363,iowa_cafo_group_0136,2,42.22305,-91.02363,Active,IA
70364,iowa_cafo_group_0754,1,42.23445,-93.55989,Active,IA
70365,iowa_cafo_group_0136,2,42.24823,-91.05938,Active,IA
70366,iowa_cafo_group_0136,2,42.28362,-91.09802,Active,IA
70367,iowa_cafo_group_0136,2,42.27563,-91.08505,Active,IA
70368,iowa_cafo_group_3816,1,42.37384,-90.59271,Active,IA
70369,iowa_cafo_group_2576,1,43.04578,-94.34422,Active,IA
70370,iowa_cafo_group_0136,2,42.25777,-91.07753,Active,IA
70371,iowa_cafo_group_3817,3,42.25285,-90.65359,Active,IA
70372,iowa_cafo_group_1800,3,42.82045,-94.56024,Active,IA
70373,iowa_cafo_group_3818,1,41.6614,-91.67148,Active,IA
70374,iowa_cafo_group_0797,1,42.92793,-94.95842,Active,IA
70375,iowa_cafo_group_0892,3,42.69567,-95.84496,Active,IA
70376,iowa_cafo_group_3092,3,42.11244,-90.93207,Active,IA
70377,iowa_cafo_group_3441,3,42.17272,-91.13543,Active,IA
70378,iowa_cafo_group_2763,4,42.26973,-90.94291,Active,IA
70379,iowa_cafo_group_3539,1,42.16822,-91.1713,Active,IA
70380,iowa_cafo_group_3299,3,43.09395,-92.03382,Active,IA
70381,iowa_cafo_group_2393,1,43.12337,-91.81246,Active,IA
70382,iowa_cafo_group_2393,1,43.13537,-91.81129,Active,IA
70383,iowa_cafo_group_3539,1,42.1414,-91.16752,Active,IA
70384,iowa_cafo_group_1421,2,42.35775,-92.88088,Active,IA
70385,iowa_cafo_group_0809,4,43.09539,-94.61938,Active,IA
70386,iowa_cafo_group_0752,1,42.92099,-93.67649,Active,IA
70387,iowa_cafo_group_1273,2,42.42113,-93.00292,Active,IA
70388,iowa_cafo_group_2933,3,43.19981,-91.39732,Active,IA
70389,iowa_cafo_group_1729,3,43.19182,-91.37236,Active,IA
70390,iowa_cafo_group_2707,3,41.57523,-95.77033,Active,IA
70391,iowa_cafo_group_3515,4,41.19446,-91.85425,Active,IA
70392,iowa_cafo_group_3092,3,42.1102,-90.94192,Active,IA
70393,iowa_cafo_group_2536,1,40.79307,-93.75545,Active,IA
70394,iowa_cafo_group_0443,3,43.33468,-95.66811,Active,IA
70395,iowa_cafo_group_0755,4,42.51548,-93.39343,Active,IA
70396,iowa_cafo_group_1579,2,42.59732,-93.62223,Active,IA
70397,iowa_cafo_group_3819,4,42.27347,-90.61418,Active,IA
70398,iowa_cafo_group_3820,3,42.23414,-91.09619,Active,IA
70399,iowa_cafo_group_2762,3,43.10577,-91.89583,Active,IA
70400,iowa_cafo_group_1798,3,42.54325,-91.36169,Active,IA
70401,iowa_cafo_group_1871,3,42.52709,-91.34159,Active,IA
70402,iowa_cafo_group_1249,2,42.38712,-91.39831,Active,IA
70403,iowa_cafo_group_3821,1,41.73256,-94.2488,Active,IA
70404,iowa_cafo_group_3822,0,42.15188,-93.93346,Active,IA
70405,iowa_cafo_group_2410,4,42.71513,-92.80241,Active,IA
70406,iowa_cafo_group_2762,3,43.08459,-91.89012,Active,IA
70407,iowa_cafo_group_1118,2,43.16808,-91.94466,Active,IA
70408,iowa_cafo_group_0069,3,43.28411,-94.59586,Active,IA
70409,iowa_cafo_group_1182,2,43.1624,-91.86574,Active,IA
70410,iowa_cafo_group_3823,2,42.38815,-92.47063,Active,IA
70411,iowa_cafo_group_3824,0,42.33608,-92.43481,Active,IA
70412,iowa_cafo_group_0252,3,42.43917,-92.5101,Active,IA
70413,iowa_cafo_group_0444,4,42.41724,-92.48056,Active,IA
70414,iowa_cafo_group_3825,0,41.57817,-92.33659,Active,IA
70415,iowa_cafo_group_3826,4,42.40583,-92.50275,Active,IA
70417,iowa_cafo_group_3827,1,40.6854,-94.02975,Active,IA
70418,iowa_cafo_group_3828,4,42.42862,-92.17356,Active,IA
70420,iowa_cafo_group_0611,1,42.40995,-92.15692,Active,IA
70421,iowa_cafo_group_3400,4,42.38096,-92.1862,Active,IA
70422,iowa_cafo_group_3156,0,42.42943,-92.4162,Active,IA
70423,iowa_cafo_group_3829,0,43.16613,-92.40223,Active,IA
70424,iowa_cafo_group_0721,2,43.16584,-92.23401,Active,IA
70425,iowa_cafo_group_0721,2,43.15893,-92.21446,Active,IA
70426,iowa_cafo_group_3412,2,43.18744,-92.3623,Active,IA
70427,iowa_cafo_group_0654,2,43.16598,-92.44083,Active,IA
70428,iowa_cafo_group_0386,1,40.66031,-94.04821,Active,IA
70429,iowa_cafo_group_3830,4,40.74322,-93.91677,Active,IA
70430,iowa_cafo_group_3830,4,40.74294,-93.9217,Active,IA
70431,iowa_cafo_group_3831,4,41.83286,-90.67985,Active,IA
70432,iowa_cafo_group_0011,3,42.75658,-96.09712,Active,IA
70433,iowa_cafo_group_2258,1,43.43266,-95.63374,Active,IA
70434,iowa_cafo_group_0443,3,43.32727,-95.6983,Active,IA
70435,iowa_cafo_group_0366,3,41.18515,-95.31322,Active,IA
70436,iowa_cafo_group_0455,2,42.36028,-91.91991,Active,IA
70437,iowa_cafo_group_3832,1,42.29494,-94.55257,Active,IA
70438,iowa_cafo_group_3246,0,42.16596,-94.73579,Active,IA
70439,iowa_cafo_group_3833,4,43.08007,-95.32386,Active,IA
70440,iowa_cafo_group_2286,3,42.40049,-95.68979,Active,IA
70441,iowa_cafo_group_0087,3,43.01586,-94.6983,Active,IA
70442,iowa_cafo_group_3834,1,41.34283,-95.22726,Active,IA
70444,iowa_cafo_group_3835,3,41.78985,-92.73246,Active,IA
70445,iowa_cafo_group_3266,2,41.15611,-91.91987,Active,IA
70446,iowa_cafo_group_3836,4,43.24949,-93.8135,Active,IA
70447,iowa_cafo_group_3837,2,40.73348,-93.66076,Active,IA
70448,iowa_cafo_group_3838,3,42.48244,-91.0897,Active,IA
70449,iowa_cafo_group_3839,1,40.69079,-93.68567,Active,IA
70450,iowa_cafo_group_1831,1,41.86189,-90.67981,Active,IA
70451,iowa_cafo_group_2762,3,43.09722,-91.90286,Active,IA
70453,iowa_cafo_group_3840,1,41.2049,-93.47843,Active,IA
70454,iowa_cafo_group_1380,2,42.7987,-94.38509,Active,IA
70455,iowa_cafo_group_2718,1,42.53048,-91.88015,Active,IA
70456,iowa_cafo_group_3841,3,43.22643,-92.5047,Active,IA
70457,iowa_cafo_group_1442,2,43.22039,-92.5521,Active,IA
70458,iowa_cafo_group_3842,0,43.32095,-92.50015,Active,IA
70459,iowa_cafo_group_3131,1,43.31948,-92.46972,Active,IA
70460,iowa_cafo_group_2835,0,42.23477,-92.75737,Active,IA
70461,iowa_cafo_group_3444,4,42.30976,-92.96232,Active,IA
70462,iowa_cafo_group_0807,1,43.34253,-92.58489,Active,IA
70463,iowa_cafo_group_1192,2,42.50777,-93.61812,Active,IA
70464,iowa_cafo_group_0006,0,43.11659,-95.9598,Active,IA
70465,iowa_cafo_group_0742,3,42.68001,-93.04542,Active,IA
70467,iowa_cafo_group_1192,2,42.51373,-93.67713,Active,IA
70468,iowa_cafo_group_3131,1,43.30634,-92.48455,Active,IA
70470,iowa_cafo_group_0069,3,43.23722,-94.5605,Active,IA
70471,iowa_cafo_group_0627,1,42.2929,-91.36553,Active,IA
70472,iowa_cafo_group_2456,4,41.53045,-92.52678,Active,IA
70473,iowa_cafo_group_3843,4,40.91836,-91.33825,Active,IA
70474,iowa_cafo_group_0238,2,42.9358,-95.6483,Active,IA
70475,iowa_cafo_group_3118,1,41.79526,-95.38815,Active,IA
70476,iowa_cafo_group_0032,4,41.30699,-95.23717,Active,IA
70477,iowa_cafo_group_3844,4,41.19229,-95.27488,Active,IA
70478,iowa_cafo_group_3845,4,41.69311,-95.85275,Active,IA
70479,iowa_cafo_group_2813,2,42.07641,-92.2657,Active,IA
70480,iowa_cafo_group_2541,4,42.52388,-91.60371,Active,IA
70481,iowa_cafo_group_3846,2,43.26203,-91.15277,Active,IA
70482,iowa_cafo_group_3847,0,42.18407,-93.74036,Active,IA
70483,iowa_cafo_group_1516,2,42.03644,-92.49261,Active,IA
70484,iowa_cafo_group_3848,2,41.86446,-94.1472,Active,IA
70485,iowa_cafo_group_0483,4,42.94243,-95.75603,Active,IA
70486,iowa_cafo_group_3151,2,43.15878,-93.91611,Active,IA
70487,iowa_cafo_group_3849,2,40.83184,-91.55965,Active,IA
70489,iowa_cafo_group_0244,4,41.53936,-92.36345,Active,IA
70490,iowa_cafo_group_3850,1,41.83443,-95.45639,Active,IA
70491,iowa_cafo_group_0069,3,43.31216,-94.64562,Active,IA
70492,iowa_cafo_group_0616,4,42.28298,-95.39931,Active,IA
70493,iowa_cafo_group_3851,0,42.92865,-92.632,Active,IA
70494,iowa_cafo_group_3851,0,42.93601,-92.62393,Active,IA
70495,iowa_cafo_group_1610,2,43.04747,-92.58987,Active,IA
70496,iowa_cafo_group_1442,2,43.1634,-92.6905,Active,IA
70497,iowa_cafo_group_1442,2,43.18111,-92.67058,Active,IA
70498,iowa_cafo_group_1442,2,43.18526,-92.68067,Active,IA
70499,iowa_cafo_group_1442,2,43.16857,-92.66031,Active,IA
70500,iowa_cafo_group_1442,2,43.18277,-92.64778,Active,IA
70501,iowa_cafo_group_3786,1,42.4543,-92.80896,Active,IA
70503,iowa_cafo_group_3852,1,42.43226,-95.74292,Active,IA
70504,iowa_cafo_group_0393,2,41.47867,-91.71955,Active,IA
70505,iowa_cafo_group_3853,4,43.40067,-93.88325,Active,IA
70506,iowa_cafo_group_3854,0,41.9397,-92.88471,Active,IA
70507,iowa_cafo_group_3855,4,41.7743,-92.81651,Active,IA
70508,iowa_cafo_group_3821,1,41.73271,-94.25509,Active,IA
70509,iowa_cafo_group_0100,3,42.97343,-94.50675,Active,IA
70510,iowa_cafo_group_3856,1,43.13781,-91.50968,Active,IA
70511,iowa_cafo_group_0799,1,43.29259,-94.44197,Active,IA
70512,iowa_cafo_group_3857,3,43.31484,-91.14035,Active,IA
70513,iowa_cafo_group_0799,1,43.28404,-94.44447,Active,IA
70514,iowa_cafo_group_0508,1,41.90642,-90.4083,Active,IA
70515,iowa_cafo_group_1608,1,42.88713,-92.97423,Active,IA
70516,iowa_cafo_group_1410,3,43.35554,-94.41232,Active,IA
70517,iowa_cafo_group_3494,4,43.25188,-91.92824,Active,IA
70518,iowa_cafo_group_0244,4,41.53903,-92.38141,Active,IA
70519,iowa_cafo_group_1835,4,42.62898,-91.6216,Active,IA
70520,iowa_cafo_group_1835,4,42.62994,-91.61195,Active,IA
70521,iowa_cafo_group_2541,4,42.50244,-91.60951,Active,IA
70522,iowa_cafo_group_2541,4,42.49875,-91.61943,Active,IA
70523,iowa_cafo_group_3858,3,42.35006,-91.8144,Active,IA
70524,iowa_cafo_group_2651,2,42.64045,-91.74426,Active,IA
70525,iowa_cafo_group_1331,2,42.51156,-91.69964,Active,IA
70526,iowa_cafo_group_2438,4,42.45032,-91.73488,Active,IA
70527,iowa_cafo_group_3859,2,42.62277,-91.69444,Active,IA
70528,iowa_cafo_group_2491,2,42.48335,-92.00795,Active,IA
70529,iowa_cafo_group_1813,2,42.57155,-91.63254,Active,IA
70530,iowa_cafo_group_1336,2,41.05188,-94.00454,Active,IA
70531,iowa_cafo_group_1813,2,42.56398,-91.64938,Active,IA
70532,iowa_cafo_group_2303,2,41.64918,-92.48217,Active,IA
70533,iowa_cafo_group_3181,2,42.47854,-91.83642,Active,IA
70534,iowa_cafo_group_2400,3,42.42895,-91.74079,Active,IA
70535,iowa_cafo_group_0653,4,42.41509,-91.65478,Active,IA
70536,iowa_cafo_group_0006,0,43.30469,-96.17214,Active,IA
70538,iowa_cafo_group_0084,4,42.59148,-91.7726,Active,IA
70539,iowa_cafo_group_0536,2,42.5698,-91.71625,Active,IA
70540,iowa_cafo_group_0653,4,42.39818,-91.63316,Active,IA
70541,iowa_cafo_group_1863,1,40.99695,-93.89382,Active,IA
70542,iowa_cafo_group_1504,1,42.37845,-91.70674,Active,IA
70543,iowa_cafo_group_3860,1,42.44185,-94.54309,Active,IA
70544,iowa_cafo_group_1119,4,42.55513,-92.06648,Active,IA
70545,iowa_cafo_group_2573,1,42.56142,-92.01189,Active,IA
70546,iowa_cafo_group_3861,2,41.72985,-95.82407,Active,IA
70547,iowa_cafo_group_1835,4,42.63802,-91.6082,Active,IA
70548,iowa_cafo_group_3160,4,42.45746,-91.81691,Active,IA
70549,iowa_cafo_group_3862,1,43.33779,-92.39136,Active,IA
70550,iowa_cafo_group_3863,0,43.39343,-92.27193,Active,IA
70551,iowa_cafo_group_1157,2,43.38187,-92.20049,Active,IA
70552,iowa_cafo_group_1115,4,43.34717,-92.24125,Active,IA
70553,iowa_cafo_group_1074,2,43.47666,-92.52424,Active,IA
70554,iowa_cafo_group_2228,3,43.2693,-92.13475,Active,IA
70555,iowa_cafo_group_2638,2,42.59205,-94.78098,Active,IA
70556,iowa_cafo_group_3864,0,42.87005,-92.20821,Active,IA
70557,iowa_cafo_group_1504,1,42.38069,-91.69717,Active,IA
70558,iowa_cafo_group_0653,4,42.43086,-91.65717,Active,IA
70559,iowa_cafo_group_1790,3,42.51882,-91.7973,Active,IA
70560,iowa_cafo_group_0545,4,42.38371,-93.40989,Active,IA
70561,iowa_cafo_group_0754,1,42.26757,-93.41987,Active,IA
70562,iowa_cafo_group_1579,2,42.63897,-93.57882,Active,IA
70563,iowa_cafo_group_0014,3,41.77838,-95.62509,Active,IA
70564,iowa_cafo_group_0907,3,43.29353,-91.5334,Active,IA
70565,iowa_cafo_group_0006,0,43.03693,-96.42634,Active,IA
70566,iowa_cafo_group_2406,1,43.22813,-92.35302,Active,IA
70567,iowa_cafo_group_3865,2,43.4731,-92.23749,Active,IA
70568,iowa_cafo_group_3866,3,43.40864,-92.11834,Active,IA
70569,iowa_cafo_group_3867,0,43.08025,-91.66133,Active,IA
70570,iowa_cafo_group_3868,0,42.83395,-91.96759,Active,IA
70571,iowa_cafo_group_1310,4,43.44679,-94.16214,Active,IA
70572,iowa_cafo_group_1088,4,42.94965,-92.06424,Active,IA
70573,iowa_cafo_group_1088,4,42.95006,-92.04947,Active,IA
70574,iowa_cafo_group_0586,1,43.03062,-91.70924,Active,IA
70575,iowa_cafo_group_3869,0,41.48519,-92.29246,Active,IA
70576,iowa_cafo_group_0006,0,42.93306,-96.31283,Active,IA
70577,iowa_cafo_group_0687,3,43.04132,-91.9783,Active,IA
70578,iowa_cafo_group_3870,0,41.84523,-95.66819,Active,IA
70579,iowa_cafo_group_3871,3,42.71684,-91.85442,Active,IA
70580,iowa_cafo_group_3173,1,42.77114,-91.90399,Active,IA
70581,iowa_cafo_group_1083,2,42.67081,-92.01289,Active,IA
70582,iowa_cafo_group_2313,4,42.98335,-91.60661,Active,IA
70583,iowa_cafo_group_3872,0,42.73879,-91.78615,Active,IA
70584,iowa_cafo_group_3283,2,42.81833,-91.75494,Active,IA
70585,iowa_cafo_group_0716,4,42.96339,-91.88847,Active,IA
70586,iowa_cafo_group_3186,1,41.11434,-94.17885,Active,IA
70587,iowa_cafo_group_0006,0,43.01564,-95.98274,Active,IA
70590,iowa_cafo_group_0989,1,43.20252,-95.44249,Active,IA
70591,iowa_cafo_group_3873,0,41.823,-93.58878,Active,IA
70592,iowa_cafo_group_0337,4,41.63206,-95.19911,Active,IA
70593,iowa_cafo_group_1410,3,43.34865,-94.42267,Active,IA
70594,iowa_cafo_group_3874,2,41.47845,-91.47645,Active,IA
70595,iowa_cafo_group_3875,1,41.43804,-91.46783,Active,IA
70596,iowa_cafo_group_0903,0,43.0018,-92.06394,Active,IA
70597,iowa_cafo_group_0635,4,42.9778,-91.84514,Active,IA
70598,iowa_cafo_group_3876,4,43.09988,-91.34672,Active,IA
70600,iowa_cafo_group_3877,3,41.49547,-91.4572,Active,IA
70601,iowa_cafo_group_1608,1,42.88762,-92.93145,Active,IA
70602,iowa_cafo_group_1207,4,41.52276,-91.54148,Active,IA
70603,iowa_cafo_group_2787,4,41.55336,-92.57911,Active,IA
70604,iowa_cafo_group_3878,0,43.11674,-91.45976,Active,IA
70605,iowa_cafo_group_1106,3,43.25177,-94.63452,Active,IA
70606,iowa_cafo_group_3879,0,43.47165,-91.55106,Active,IA
70607,iowa_cafo_group_1543,3,41.53076,-91.62852,Active,IA
70608,iowa_cafo_group_1543,3,41.5313,-91.63668,Active,IA
70609,iowa_cafo_group_2946,3,41.54257,-91.60716,Active,IA
70610,iowa_cafo_group_1543,3,41.5556,-91.67878,Active,IA
70611,iowa_cafo_group_0393,2,41.5419,-91.69934,Active,IA
70612,iowa_cafo_group_0793,1,42.79578,-95.38294,Active,IA
70613,iowa_cafo_group_0143,1,41.99423,-94.85082,Active,IA
70614,iowa_cafo_group_0080,2,42.01456,-95.03515,Active,IA
70615,iowa_cafo_group_0353,1,42.02978,-90.27223,Active,IA
70616,iowa_cafo_group_0159,1,42.00052,-90.31054,Active,IA
70617,iowa_cafo_group_1083,2,42.6864,-92.00274,Active,IA
70618,iowa_cafo_group_3880,2,42.89916,-91.64692,Active,IA
70619,iowa_cafo_group_3292,4,42.76095,-95.63768,Active,IA
70620,iowa_cafo_group_3881,1,43.33781,-91.57013,Active,IA
70621,iowa_cafo_group_3856,1,43.1432,-91.52817,Active,IA
70622,iowa_cafo_group_1001,4,42.62795,-90.93378,Active,IA
70623,iowa_cafo_group_3882,0,42.48147,-90.88423,Active,IA
70624,iowa_cafo_group_3883,1,42.51208,-90.88008,Active,IA
70625,iowa_cafo_group_1413,2,41.75903,-94.65442,Active,IA
70626,iowa_cafo_group_2514,1,40.83161,-91.80956,Active,IA
70627,iowa_cafo_group_2034,2,41.25811,-91.12468,Active,IA
70628,iowa_cafo_group_2031,3,42.4159,-91.9247,Active,IA
70629,iowa_cafo_group_3049,4,41.17324,-91.29385,Active,IA
70630,iowa_cafo_group_0127,2,41.43436,-91.82523,Active,IA
70631,iowa_cafo_group_3884,0,41.23769,-91.288,Active,IA
70632,iowa_cafo_group_0305,3,42.81916,-96.51276,Active,IA
70633,iowa_cafo_group_1123,4,41.07672,-91.00139,Active,IA
70634,iowa_cafo_group_2127,2,41.33284,-92.45461,Active,IA
70635,iowa_cafo_group_1001,4,42.59274,-90.89339,Active,IA
70636,iowa_cafo_group_1001,4,42.59663,-90.90972,Active,IA
70637,iowa_cafo_group_1001,4,42.60026,-90.91615,Active,IA
70638,iowa_cafo_group_0508,1,41.89899,-90.39856,Active,IA
70639,iowa_cafo_group_3885,0,41.86999,-90.34971,Active,IA
70640,iowa_cafo_group_0789,3,41.21174,-91.41197,Active,IA
70641,iowa_cafo_group_3627,3,41.84835,-90.39856,Active,IA
70642,iowa_cafo_group_3886,3,42.54008,-90.9409,Active,IA
70643,iowa_cafo_group_0159,1,42.00035,-90.32982,Active,IA
70644,iowa_cafo_group_3887,2,42.42913,-91.02689,Active,IA
70645,iowa_cafo_group_3888,4,42.56162,-91.0735,Active,IA
70646,iowa_cafo_group_3023,2,42.53558,-91.08256,Active,IA
70647,iowa_cafo_group_3023,2,42.52354,-91.06593,Active,IA
70648,iowa_cafo_group_2912,3,42.55568,-91.04303,Active,IA
70649,iowa_cafo_group_3889,1,42.62253,-90.86059,Active,IA
70650,iowa_cafo_group_2296,2,42.64414,-90.99096,Active,IA
70651,iowa_cafo_group_0006,0,43.01119,-96.44748,Active,IA
70652,iowa_cafo_group_3540,0,42.61778,-90.89825,Active,IA
70653,iowa_cafo_group_2551,3,41.81882,-90.4957,Active,IA
70654,iowa_cafo_group_0159,1,42.00079,-90.2621,Active,IA
70655,iowa_cafo_group_0456,3,41.74153,-93.31529,Active,IA
70656,iowa_cafo_group_3890,0,41.81217,-90.38908,Active,IA
70657,iowa_cafo_group_3891,1,41.80422,-90.85502,Active,IA
70658,iowa_cafo_group_1343,4,41.87729,-90.31093,Active,IA
70659,iowa_cafo_group_1586,3,41.88452,-90.26225,Active,IA
70660,iowa_cafo_group_3892,1,41.89119,-90.73807,Active,IA
70661,iowa_cafo_group_1831,1,41.88383,-90.70896,Active,IA
70662,iowa_cafo_group_1831,1,41.87639,-90.6798,Active,IA
70663,iowa_cafo_group_3893,1,41.84126,-90.36933,Active,IA
70664,iowa_cafo_group_3894,2,41.77568,-90.40847,Active,IA
70665,iowa_cafo_group_0287,4,42.35159,-91.00242,Active,IA
70666,iowa_cafo_group_3895,3,42.61834,-90.75178,Active,IA
70667,iowa_cafo_group_3896,1,42.42242,-91.12634,Active,IA
70668,iowa_cafo_group_3897,2,42.46708,-91.01935,Active,IA
70669,iowa_cafo_group_3898,2,41.80887,-95.88152,Active,IA
70670,iowa_cafo_group_3899,2,42.62019,-90.79058,Active,IA
70671,iowa_cafo_group_2912,3,42.53577,-91.02321,Active,IA
70672,iowa_cafo_group_3900,1,42.31971,-90.9371,Active,IA
70673,iowa_cafo_group_0287,4,42.35281,-90.98389,Active,IA
70674,iowa_cafo_group_2430,3,43.1985,-91.72982,Active,IA
70675,iowa_cafo_group_3901,2,41.79209,-93.60894,Active,IA
70676,iowa_cafo_group_1106,3,43.22688,-94.61084,Active,IA
70677,iowa_cafo_group_3902,3,42.37389,-95.36659,Active,IA
70678,iowa_cafo_group_1106,3,43.20601,-94.61959,Active,IA
70679,iowa_cafo_group_3903,1,41.26664,-92.18527,Active,IA
70680,iowa_cafo_group_1250,1,41.30163,-92.0037,Active,IA
70681,iowa_cafo_group_3904,4,41.12597,-93.79164,Active,IA
70682,iowa_cafo_group_1798,3,42.52734,-91.38116,Active,IA
70683,iowa_cafo_group_2127,2,41.33002,-92.48925,Active,IA
70684,iowa_cafo_group_0080,2,41.96128,-94.99107,Active,IA
70685,iowa_cafo_group_3905,3,41.61568,-94.7038,Active,IA
70686,iowa_cafo_group_0161,3,42.01599,-94.78471,Active,IA
70687,iowa_cafo_group_0573,2,43.08768,-92.64747,Active,IA
70688,iowa_cafo_group_1442,2,43.16892,-92.64944,Active,IA
70689,iowa_cafo_group_3906,4,41.61588,-91.67493,Active,IA
70690,iowa_cafo_group_1378,1,41.43407,-92.71963,Active,IA
70691,iowa_cafo_group_0023,4,42.17339,-94.83931,Active,IA
70692,iowa_cafo_group_3907,1,42.77494,-92.80643,Active,IA
70693,iowa_cafo_group_3604,3,42.59185,-91.04988,Active,IA
70694,iowa_cafo_group_3908,1,41.21603,-92.59158,Active,IA
70695,iowa_cafo_group_1901,2,42.83413,-92.89513,Active,IA
70696,iowa_cafo_group_0348,0,42.35087,-91.05235,Active,IA
70697,iowa_cafo_group_1250,1,41.2679,-91.98917,Active,IA
70698,iowa_cafo_group_0227,4,41.1339,-91.6131,Active,IA
70699,iowa_cafo_group_0227,4,41.12054,-91.62799,Active,IA
70700,iowa_cafo_group_0866,1,41.14483,-91.70208,Active,IA
70701,iowa_cafo_group_0866,1,41.15219,-91.66354,Active,IA
70702,iowa_cafo_group_0227,4,41.11877,-91.62394,Active,IA
70703,iowa_cafo_group_3909,0,43.28316,-94.01417,Active,IA
70704,iowa_cafo_group_1295,4,43.29937,-94.1928,Active,IA
70705,iowa_cafo_group_0491,2,43.31919,-94.21665,Active,IA
70706,iowa_cafo_group_3910,1,40.86068,-91.53092,Active,IA
70707,iowa_cafo_group_0923,2,42.77313,-92.87069,Active,IA
70708,iowa_cafo_group_3410,2,41.46308,-92.13634,Active,IA
70709,iowa_cafo_group_2082,3,41.1184,-91.39538,Active,IA
70710,iowa_cafo_group_0127,2,41.33893,-91.95345,Active,IA
70711,iowa_cafo_group_3911,3,41.33918,-91.26831,Active,IA
70712,iowa_cafo_group_3911,3,41.34643,-91.268,Active,IA
70713,iowa_cafo_group_3763,2,41.67199,-94.63974,Active,IA
70714,iowa_cafo_group_0428,2,42.3817,-91.07217,Active,IA
70715,iowa_cafo_group_2306,3,42.45143,-90.9988,Active,IA
70716,iowa_cafo_group_0227,4,41.11936,-91.64984,Active,IA
70717,iowa_cafo_group_3912,3,41.47493,-90.98393,Active,IA
70718,iowa_cafo_group_1028,2,41.07849,-91.42364,Active,IA
70719,iowa_cafo_group_1091,3,41.36728,-92.01363,Active,IA
70720,iowa_cafo_group_2514,1,40.8357,-91.81967,Active,IA
70721,iowa_cafo_group_3913,0,40.86076,-91.90551,Active,IA
70722,iowa_cafo_group_0719,2,43.25284,-92.57439,Active,IA
70723,iowa_cafo_group_1554,2,41.48344,-91.97161,Active,IA
70724,iowa_cafo_group_2514,1,40.83891,-91.78095,Active,IA
70725,iowa_cafo_group_2771,0,43.40302,-94.26351,Active,IA
70726,iowa_cafo_group_2514,1,40.81703,-91.77158,Active,IA
70727,iowa_cafo_group_3914,3,40.96241,-91.97269,Active,IA
70728,iowa_cafo_group_3915,1,42.10693,-93.38823,Active,IA
70729,iowa_cafo_group_0129,4,42.04978,-93.42507,Active,IA
70730,iowa_cafo_group_0129,4,42.05633,-93.44444,Active,IA
70731,iowa_cafo_group_1693,3,41.55485,-91.29791,Active,IA
70732,iowa_cafo_group_3916,0,40.81662,-92.06895,Active,IA
70733,iowa_cafo_group_3917,4,41.46552,-92.06219,Active,IA
70734,iowa_cafo_group_3917,4,41.45704,-92.06378,Active,IA
70735,iowa_cafo_group_1074,2,43.46511,-92.58657,Active,IA
70736,iowa_cafo_group_3266,2,41.14434,-91.92243,Active,IA
70738,iowa_cafo_group_1396,2,41.09764,-91.90831,Active,IA
70739,iowa_cafo_group_3918,2,40.71508,-92.48084,Active,IA
70740,iowa_cafo_group_3919,0,41.41952,-92.09781,Active,IA
70741,iowa_cafo_group_3920,3,42.42434,-90.96554,Active,IA
70742,iowa_cafo_group_3921,2,40.69613,-92.50876,Active,IA
70743,iowa_cafo_group_3922,4,42.43119,-90.80506,Active,IA
70744,iowa_cafo_group_0828,3,41.41899,-92.06533,Active,IA
70747,iowa_cafo_group_3923,3,40.69597,-92.11187,Active,IA
70748,iowa_cafo_group_3923,3,40.7116,-92.1156,Active,IA
70749,iowa_cafo_group_3924,0,40.70396,-92.13853,Active,IA
70750,iowa_cafo_group_1015,2,40.62335,-92.00589,Active,IA
70751,iowa_cafo_group_3925,3,42.29809,-90.75485,Active,IA
70752,iowa_cafo_group_3926,4,41.32904,-92.15473,Active,IA
70753,iowa_cafo_group_3609,4,41.48531,-92.31742,Active,IA
70754,iowa_cafo_group_3927,1,41.4927,-92.35472,Active,IA
70755,iowa_cafo_group_3448,2,42.4116,-90.9983,Active,IA
70756,iowa_cafo_group_3448,2,42.41106,-91.0024,Active,IA
70757,iowa_cafo_group_2133,2,41.09264,-91.81792,Active,IA
70758,iowa_cafo_group_3641,1,42.48916,-93.59222,Active,IA
70759,iowa_cafo_group_3197,2,40.66086,-92.62548,Active,IA
70760,iowa_cafo_group_1007,0,40.64964,-92.57611,Active,IA
70761,iowa_cafo_group_3928,0,42.03357,-95.38202,Active,IA
70762,iowa_cafo_group_3929,2,41.40328,-92.20267,Active,IA
70763,iowa_cafo_group_3930,3,42.19486,-94.70239,Active,IA
70764,iowa_cafo_group_3931,4,40.88972,-92.22204,Active,IA
70765,iowa_cafo_group_3932,0,40.67163,-92.25024,Active,IA
70766,iowa_cafo_group_1110,2,42.63718,-93.06486,Active,IA
70767,iowa_cafo_group_0742,3,42.68232,-93.05483,Active,IA
70768,iowa_cafo_group_1728,4,41.15229,-92.0972,Active,IA
70769,iowa_cafo_group_3933,0,41.63331,-91.65169,Active,IA
70770,iowa_cafo_group_3934,0,41.60162,-91.69301,Active,IA
70771,iowa_cafo_group_3935,4,41.68075,-91.7948,Active,IA
70772,iowa_cafo_group_3936,3,41.75738,-91.41033,Active,IA
70773,iowa_cafo_group_3937,4,41.71122,-91.36905,Active,IA
70774,iowa_cafo_group_1098,3,41.56694,-91.79296,Active,IA
70775,iowa_cafo_group_1657,2,41.52261,-91.81569,Active,IA
70776,iowa_cafo_group_1098,3,41.5688,-91.8182,Active,IA
70777,iowa_cafo_group_2082,3,41.14344,-91.37121,Active,IA
70778,iowa_cafo_group_3938,3,41.1081,-91.49107,Active,IA
70779,iowa_cafo_group_3939,2,40.9754,-92.57712,Active,IA
70780,iowa_cafo_group_3940,0,40.98334,-92.49092,Active,IA
70781,iowa_cafo_group_3941,4,41.07862,-92.59705,Active,IA
70782,iowa_cafo_group_0870,2,41.13741,-92.2911,Active,IA
70783,iowa_cafo_group_3942,3,41.10135,-92.24208,Active,IA
70784,iowa_cafo_group_3943,2,40.95354,-92.50021,Active,IA
70785,iowa_cafo_group_2987,2,41.11541,-92.35796,Active,IA
70786,iowa_cafo_group_0870,2,41.10501,-92.3058,Active,IA
70787,iowa_cafo_group_0663,2,41.57741,-91.00234,Active,IA
70788,iowa_cafo_group_3944,0,41.04239,-92.27041,Active,IA
70789,iowa_cafo_group_3945,0,43.10355,-92.6904,Active,IA
70790,iowa_cafo_group_1670,1,43.02913,-92.81595,Active,IA
70791,iowa_cafo_group_0042,2,42.11355,-95.69579,Active,IA
70792,iowa_cafo_group_3946,2,41.15155,-92.43447,Active,IA
70793,iowa_cafo_group_0739,1,42.55684,-93.15057,Active,IA
70794,iowa_cafo_group_2359,4,42.95763,-92.6147,Active,IA
70795,iowa_cafo_group_3947,0,41.50899,-91.41442,Active,IA
70796,iowa_cafo_group_2518,4,41.58355,-91.41453,Active,IA
70797,iowa_cafo_group_2518,4,41.58809,-91.41479,Active,IA
70798,iowa_cafo_group_3948,3,41.85119,-93.58722,Active,IA
70799,iowa_cafo_group_3949,0,41.53965,-91.40417,Active,IA
70800,iowa_cafo_group_2108,3,42.8831,-91.59575,Active,IA
70801,iowa_cafo_group_3950,1,41.56964,-90.92434,Active,IA
70802,iowa_cafo_group_0809,4,43.05308,-94.59188,Active,IA
70804,iowa_cafo_group_2506,4,41.40188,-92.67898,Active,IA
70805,iowa_cafo_group_3243,1,41.40156,-92.79185,Active,IA
70806,iowa_cafo_group_3243,1,41.40081,-92.79046,Active,IA
70807,iowa_cafo_group_3951,0,42.8839,-92.22895,Active,IA
70808,iowa_cafo_group_0664,3,40.62136,-91.5405,Active,IA
70809,iowa_cafo_group_3952,1,40.49002,-91.38168,Active,IA
70810,iowa_cafo_group_3953,2,41.25414,-92.20478,Active,IA
70811,iowa_cafo_group_3954,0,40.59232,-91.61395,Active,IA
70812,iowa_cafo_group_3955,0,40.63535,-91.62714,Active,IA
70813,iowa_cafo_group_2205,2,41.58291,-91.62004,Active,IA
70814,iowa_cafo_group_3956,4,40.68631,-91.55955,Active,IA
70815,iowa_cafo_group_1468,0,40.71531,-91.56905,Active,IA
70816,iowa_cafo_group_3957,4,40.71465,-91.38716,Active,IA
70817,iowa_cafo_group_3958,2,40.70757,-91.41575,Active,IA
70818,iowa_cafo_group_3957,4,40.70735,-91.37765,Active,IA
70819,iowa_cafo_group_3959,3,40.81007,-91.7043,Active,IA
70821,iowa_cafo_group_3960,4,43.08007,-91.49835,Active,IA
70822,iowa_cafo_group_3961,1,40.76638,-91.69434,Active,IA
70823,iowa_cafo_group_3961,1,40.76637,-91.67502,Active,IA
70825,iowa_cafo_group_3497,0,40.74632,-91.6233,Active,IA
70826,iowa_cafo_group_3962,4,42.67858,-91.51288,Active,IA
70827,iowa_cafo_group_3962,4,42.6903,-91.5101,Active,IA
70828,iowa_cafo_group_3963,0,42.65538,-91.59164,Active,IA
70829,iowa_cafo_group_3305,2,42.87701,-91.16701,Active,IA
70830,iowa_cafo_group_3964,0,40.78805,-91.53091,Active,IA
70831,iowa_cafo_group_3965,2,42.65899,-91.15967,Active,IA
70832,iowa_cafo_group_3966,0,42.53948,-92.61456,Active,IA
70833,iowa_cafo_group_1947,4,41.24886,-92.62229,Active,IA
70834,iowa_cafo_group_2315,2,42.93177,-91.36482,Active,IA
70835,iowa_cafo_group_3967,0,42.67857,-91.14903,Active,IA
70836,iowa_cafo_group_2345,1,43.01981,-91.33838,Active,IA
70837,iowa_cafo_group_3804,0,43.05784,-91.2746,Active,IA
70838,iowa_cafo_group_3968,3,42.71425,-91.40256,Active,IA
70839,iowa_cafo_group_3969,3,40.74414,-91.47295,Active,IA
70840,iowa_cafo_group_1275,2,42.99473,-91.56766,Active,IA
70841,iowa_cafo_group_1026,2,42.80075,-91.56153,Active,IA
70842,iowa_cafo_group_0900,3,42.65878,-91.43901,Active,IA
70843,iowa_cafo_group_0310,4,43.02191,-91.56295,Active,IA
70846,iowa_cafo_group_1211,2,41.42242,-92.28129,Active,IA
70847,iowa_cafo_group_0057,1,41.78737,-95.71659,Active,IA
70848,iowa_cafo_group_3845,4,41.69312,-95.84311,Active,IA
70849,iowa_cafo_group_0310,4,43.06198,-91.60392,Active,IA
70850,iowa_cafo_group_3970,3,42.04126,-91.97288,Active,IA
70851,iowa_cafo_group_3971,0,42.82516,-93.02461,Active,IA
70852,iowa_cafo_group_2072,4,42.47926,-92.79215,Active,IA
70853,iowa_cafo_group_3972,4,42.4866,-92.58566,Active,IA
70854,iowa_cafo_group_3487,2,42.49799,-92.64377,Active,IA
70855,iowa_cafo_group_1009,3,42.87578,-91.2611,Active,IA
70856,iowa_cafo_group_0200,2,43.39685,-95.45235,Active,IA
70857,iowa_cafo_group_3973,4,42.22329,-90.86714,Active,IA
70858,iowa_cafo_group_3689,0,42.31113,-94.35087,Active,IA
70860,iowa_cafo_group_3285,3,42.26465,-94.20383,Active,IA
70861,iowa_cafo_group_3556,1,43.3276,-93.14056,Active,IA
70862,iowa_cafo_group_3974,4,41.27708,-92.77287,Active,IA
70863,iowa_cafo_group_1220,3,41.1942,-91.46871,Active,IA
70864,iowa_cafo_group_0719,2,43.23887,-92.59432,Active,IA
70865,iowa_cafo_group_0719,2,43.24663,-92.61419,Active,IA
70866,iowa_cafo_group_3975,0,41.26913,-91.22415,Active,IA
70867,iowa_cafo_group_0986,2,41.26031,-91.29146,Active,IA
70868,iowa_cafo_group_1123,4,41.10558,-91.02087,Active,IA
70869,iowa_cafo_group_0158,1,41.48814,-95.66525,Active,IA
70870,iowa_cafo_group_0067,1,41.8036,-95.1725,Active,IA
70871,iowa_cafo_group_3976,1,42.36625,-92.6885,Active,IA
70872,iowa_cafo_group_1232,2,42.33669,-92.61703,Active,IA
70873,iowa_cafo_group_3977,1,41.29296,-95.5223,Active,IA
70874,iowa_cafo_group_1204,4,42.52936,-92.99949,Active,IA
70875,iowa_cafo_group_3978,1,41.8598,-95.54237,Active,IA
70876,iowa_cafo_group_0023,4,42.19204,-94.8465,Active,IA
70877,iowa_cafo_group_1673,4,40.93653,-93.76594,Active,IA
70878,iowa_cafo_group_2827,2,41.54488,-95.1227,Active,IA
70879,iowa_cafo_group_3979,1,41.62776,-95.4849,Active,IA
70880,iowa_cafo_group_3980,3,41.77367,-95.34951,Active,IA
70881,iowa_cafo_group_3981,2,41.6999,-95.40717,Active,IA
70882,iowa_cafo_group_0545,4,42.28148,-93.31594,Active,IA
70883,iowa_cafo_group_1706,1,43.44433,-93.69868,Active,IA
70884,iowa_cafo_group_0754,1,42.25138,-93.49048,Active,IA
70885,iowa_cafo_group_1992,4,43.03856,-93.99473,Active,IA
70886,iowa_cafo_group_1054,2,42.97968,-93.37951,Active,IA
70887,iowa_cafo_group_0743,4,42.64673,-93.16384,Active,IA
70888,iowa_cafo_group_0742,3,42.66518,-93.04853,Active,IA
70889,iowa_cafo_group_0719,2,43.275,-92.61115,Active,IA
70890,iowa_cafo_group_0807,1,43.35642,-92.59976,Active,IA
70891,iowa_cafo_group_0510,3,43.39282,-92.61387,Active,IA
70892,iowa_cafo_group_0537,4,43.32792,-92.70701,Active,IA
70893,iowa_cafo_group_0719,2,43.25844,-92.59409,Active,IA
70894,iowa_cafo_group_2200,2,43.34937,-92.77248,Active,IA
70895,iowa_cafo_group_3982,2,40.62065,-92.45184,Active,IA
70896,iowa_cafo_group_1442,2,43.22728,-92.62409,Active,IA
70897,iowa_cafo_group_1249,2,42.34117,-91.38718,Active,IA
70898,iowa_cafo_group_3983,3,40.77172,-92.52819,Active,IA
70899,iowa_cafo_group_3984,0,40.8093,-92.46608,Active,IA
70900,iowa_cafo_group_3985,2,41.55362,-92.28854,Active,IA
70901,iowa_cafo_group_0719,2,43.26031,-92.61387,Active,IA
70902,iowa_cafo_group_3986,2,41.58709,-92.22521,Active,IA
70904,iowa_cafo_group_3987,2,41.69753,-91.85788,Active,IA
70906,iowa_cafo_group_0060,4,43.25526,-92.742,Active,IA
70907,iowa_cafo_group_3988,1,40.50486,-91.4195,Active,IA
70908,iowa_cafo_group_3969,3,40.75146,-91.46329,Active,IA
70909,iowa_cafo_group_1575,3,42.73162,-93.83969,Active,IA
70910,iowa_cafo_group_1713,1,42.70253,-93.93551,Active,IA
70911,iowa_cafo_group_0393,2,41.50045,-91.72868,Active,IA
70912,iowa_cafo_group_0393,2,41.50023,-91.78684,Active,IA
70914,iowa_cafo_group_1111,3,41.29372,-91.7858,Active,IA
70915,iowa_cafo_group_2122,4,41.41403,-91.6138,Active,IA
70916,iowa_cafo_group_0227,4,41.19597,-91.54839,Active,IA
70919,iowa_cafo_group_3989,0,43.02405,-93.53824,Active,IA
70920,iowa_cafo_group_2121,3,41.68804,-90.96228,Active,IA
70921,iowa_cafo_group_2870,1,42.9518,-93.50877,Active,IA
70922,iowa_cafo_group_0678,1,42.96651,-93.64139,Active,IA
70923,iowa_cafo_group_1694,1,43.09037,-93.52576,Active,IA
70924,iowa_cafo_group_3981,2,41.68539,-95.40723,Active,IA
70925,iowa_cafo_group_3990,4,42.69182,-93.96807,Active,IA
70926,iowa_cafo_group_0959,1,42.23976,-93.14714,Active,IA
70927,iowa_cafo_group_0719,2,43.29255,-92.57412,Active,IA
70928,iowa_cafo_group_3991,3,42.40438,-94.08681,Active,IA
70929,iowa_cafo_group_1258,2,43.06163,-93.69501,Active,IA
70930,iowa_cafo_group_0038,1,43.43134,-94.33656,Active,IA
70931,iowa_cafo_group_3992,4,41.64389,-90.55427,Active,IA
70932,iowa_cafo_group_3993,2,43.21726,-94.05158,Active,IA
70933,iowa_cafo_group_1102,3,41.64386,-90.65158,Active,IA
70934,iowa_cafo_group_3993,2,43.21412,-94.0434,Active,IA
70935,iowa_cafo_group_3994,1,41.9756,-95.851,Active,IA
70936,iowa_cafo_group_3995,2,41.6516,-90.49566,Active,IA
70937,iowa_cafo_group_3996,3,41.99734,-95.86133,Active,IA
70938,iowa_cafo_group_1920,1,41.62241,-90.50522,Active,IA
70939,iowa_cafo_group_2085,3,41.70238,-90.86479,Active,IA
70940,iowa_cafo_group_0872,1,43.02506,-94.41173,Active,IA
70941,iowa_cafo_group_2335,0,41.60924,-90.40101,Active,IA
70942,iowa_cafo_group_1102,3,41.6146,-90.7295,Active,IA
70943,iowa_cafo_group_0599,3,41.65121,-90.81679,Active,IA
70944,iowa_cafo_group_3997,3,41.46887,-90.75128,Active,IA
70945,iowa_cafo_group_3998,2,41.50527,-90.72219,Active,IA
70946,iowa_cafo_group_2714,3,41.68734,-90.70906,Active,IA
70947,iowa_cafo_group_3999,4,41.71657,-90.69939,Active,IA
70948,iowa_cafo_group_4000,3,41.65517,-92.12012,Active,IA
70950,iowa_cafo_group_3495,1,41.61151,-92.12883,Active,IA
70951,iowa_cafo_group_2227,4,41.71982,-91.9149,Active,IA
70952,iowa_cafo_group_4001,3,41.74132,-91.83733,Active,IA
70953,iowa_cafo_group_4002,3,41.09746,-94.06561,Active,IA
70954,iowa_cafo_group_1226,4,41.57915,-91.92301,Active,IA
70955,iowa_cafo_group_1226,4,41.56556,-91.91941,Active,IA
70956,iowa_cafo_group_1226,4,41.58236,-91.92464,Active,IA
70957,iowa_cafo_group_1226,4,41.5873,-91.88601,Active,IA
70958,iowa_cafo_group_1226,4,41.57751,-91.9026,Active,IA
70959,iowa_cafo_group_1657,2,41.51532,-91.83407,Active,IA
70960,iowa_cafo_group_1657,2,41.52573,-91.8312,Active,IA
70962,iowa_cafo_group_1657,2,41.54043,-91.83885,Active,IA
70963,iowa_cafo_group_3986,2,41.5788,-92.23472,Active,IA
70964,iowa_cafo_group_0479,3,41.61183,-91.89577,Active,IA
70965,iowa_cafo_group_0479,3,41.62646,-91.90552,Active,IA
70966,iowa_cafo_group_0479,3,41.64809,-91.896,Active,IA
70967,iowa_cafo_group_0872,1,43.01563,-94.36499,Active,IA
70968,iowa_cafo_group_0868,1,41.61901,-92.06097,Active,IA
70969,iowa_cafo_group_4003,4,41.66266,-91.95438,Active,IA
70970,iowa_cafo_group_4004,4,41.73515,-92.1476,Active,IA
70971,iowa_cafo_group_4005,3,41.7796,-92.1424,Active,IA
70972,iowa_cafo_group_4006,2,41.79985,-92.09546,Active,IA
70973,iowa_cafo_group_4007,4,43.06559,-94.13037,Active,IA
70974,iowa_cafo_group_4008,2,42.92358,-94.15085,Active,IA
70975,iowa_cafo_group_0399,2,42.93596,-94.43604,Active,IA
70976,iowa_cafo_group_3439,3,41.63398,-92.25486,Active,IA
70977,iowa_cafo_group_1213,4,41.67005,-92.21684,Active,IA
70978,iowa_cafo_group_4009,1,41.63414,-92.2947,Active,IA
70979,iowa_cafo_group_4010,4,41.6778,-92.29491,Active,IA
70980,iowa_cafo_group_3013,1,41.64115,-92.21635,Active,IA
70981,iowa_cafo_group_4011,4,41.84715,-91.93633,Active,IA
70982,iowa_cafo_group_4012,4,41.69114,-91.95453,Active,IA
70983,iowa_cafo_group_4013,4,41.68857,-90.35002,Active,IA
70984,iowa_cafo_group_2412,4,41.69936,-92.18786,Active,IA
70985,iowa_cafo_group_4014,4,41.58768,-91.96068,Active,IA
70986,iowa_cafo_group_4014,4,41.59652,-91.98014,Active,IA
70987,iowa_cafo_group_4015,0,41.53606,-91.97987,Active,IA
70988,iowa_cafo_group_4015,0,41.53662,-91.97715,Active,IA
70989,iowa_cafo_group_1657,2,41.52614,-91.83436,Active,IA
70990,iowa_cafo_group_2213,3,40.62059,-92.48038,Active,IA
70991,iowa_cafo_group_4016,3,42.82938,-94.15872,Active,IA
70992,iowa_cafo_group_1839,1,40.69326,-92.46134,Active,IA
70993,iowa_cafo_group_4017,2,40.64237,-92.46132,Active,IA
70994,iowa_cafo_group_3982,2,40.61336,-92.44237,Active,IA
70995,iowa_cafo_group_4018,2,40.68592,-92.62423,Active,IA
70996,iowa_cafo_group_0758,1,42.69925,-94.34782,Active,IA
70997,iowa_cafo_group_4019,4,40.77317,-92.33716,Active,IA
70998,iowa_cafo_group_3990,4,42.70646,-93.97722,Active,IA
70999,iowa_cafo_group_2391,3,42.88547,-94.43464,Active,IA
71000,iowa_cafo_group_4020,4,40.99791,-92.61541,Active,IA
71001,iowa_cafo_group_4020,4,40.99073,-92.62506,Active,IA
71002,iowa_cafo_group_0159,1,41.99352,-90.25237,Active,IA
71003,iowa_cafo_group_0159,1,41.99352,-90.25237,Active,IA
71004,iowa_cafo_group_3062,1,41.91317,-90.53396,Active,IA
71005,iowa_cafo_group_4021,4,41.90652,-90.24299,Active,IA
71006,iowa_cafo_group_4022,0,41.86191,-90.73793,Active,IA
71007,iowa_cafo_group_2345,1,43.02071,-91.3604,Active,IA
71008,iowa_cafo_group_1782,1,40.78544,-94.28714,Active,IA
71009,iowa_cafo_group_3732,4,41.94749,-95.36766,Active,IA
71010,iowa_cafo_group_4023,2,42.52809,-93.87709,Active,IA
71011,iowa_cafo_group_0006,0,43.02264,-96.20936,Active,IA
71012,iowa_cafo_group_1171,1,42.42769,-93.7194,Active,IA
71013,iowa_cafo_group_0603,1,42.30211,-93.73404,Active,IA
71014,iowa_cafo_group_0914,1,42.25644,-93.71623,Active,IA
71015,iowa_cafo_group_2361,4,42.24619,-93.75885,Active,IA
71016,iowa_cafo_group_4024,1,42.22737,-93.79426,Active,IA
71017,iowa_cafo_group_4024,1,42.22594,-93.78767,Active,IA
71018,iowa_cafo_group_4024,1,42.2243,-93.7806,Active,IA
71019,iowa_cafo_group_0914,1,42.24726,-93.68064,Active,IA
71020,iowa_cafo_group_4025,1,42.1667,-93.00091,Active,IA
71021,iowa_cafo_group_1668,2,42.48506,-91.2294,Active,IA
71022,iowa_cafo_group_4026,1,40.8656,-92.70201,Active,IA
71023,iowa_cafo_group_0793,1,42.82546,-95.37306,Active,IA
71024,iowa_cafo_group_4027,4,42.55797,-96.464,Active,IA
71025,iowa_cafo_group_4028,1,41.76336,-92.97448,Active,IA
71026,iowa_cafo_group_2501,2,41.57887,-93.08183,Active,IA
71027,iowa_cafo_group_0127,2,41.33381,-91.90239,Active,IA
71028,iowa_cafo_group_0912,2,42.36659,-93.62179,Active,IA
71029,iowa_cafo_group_4029,2,40.58874,-93.02922,Active,IA
71030,iowa_cafo_group_0227,4,41.22529,-91.62525,Active,IA
71031,iowa_cafo_group_0227,4,41.16661,-91.53856,Active,IA
71032,iowa_cafo_group_0227,4,41.21059,-91.54847,Active,IA
71033,iowa_cafo_group_4030,3,41.47125,-91.53668,Active,IA
71034,iowa_cafo_group_4030,3,41.46399,-91.5367,Active,IA
71035,iowa_cafo_group_2214,1,41.45757,-91.61349,Active,IA
71036,iowa_cafo_group_0867,3,41.17284,-91.7881,Active,IA
71037,iowa_cafo_group_0090,3,41.24587,-91.7494,Active,IA
71038,iowa_cafo_group_0090,3,41.23128,-91.78808,Active,IA
71039,iowa_cafo_group_0227,4,41.2148,-91.64055,Active,IA
71040,iowa_cafo_group_0090,3,41.23915,-91.73015,Active,IA
71041,iowa_cafo_group_2211,4,41.36286,-91.57556,Active,IA
71042,iowa_cafo_group_0127,2,41.43439,-91.75852,Active,IA
71043,iowa_cafo_group_0127,2,41.44888,-91.77764,Active,IA
71044,iowa_cafo_group_0127,2,41.34767,-91.85414,Active,IA
71045,iowa_cafo_group_0227,4,41.36321,-91.63349,Active,IA
71046,iowa_cafo_group_0127,2,41.43436,-91.82523,Active,IA
71047,iowa_cafo_group_0127,2,41.43439,-91.75852,Active,IA
71048,iowa_cafo_group_1111,3,41.3115,-91.85408,Active,IA
71049,iowa_cafo_group_0227,4,41.30564,-91.66379,Active,IA
71050,iowa_cafo_group_0227,4,41.30564,-91.66379,Active,IA
71051,iowa_cafo_group_2003,4,41.48692,-91.92175,Active,IA
71052,iowa_cafo_group_0969,2,42.21837,-94.16271,Active,IA
71053,iowa_cafo_group_0933,3,41.47877,-91.8533,Active,IA
71054,iowa_cafo_group_0090,3,41.26067,-91.73031,Active,IA
71055,iowa_cafo_group_1111,3,41.27495,-91.75961,Active,IA
71056,iowa_cafo_group_1111,3,41.27491,-91.76916,Active,IA
71057,iowa_cafo_group_4031,2,41.26205,-91.922,Active,IA
71058,iowa_cafo_group_0127,2,41.32047,-91.9318,Active,IA
71059,iowa_cafo_group_0127,2,41.39853,-91.80742,Active,IA
71060,iowa_cafo_group_0227,4,41.26878,-91.67333,Active,IA
71061,iowa_cafo_group_4032,3,41.32702,-91.6926,Active,IA
71062,iowa_cafo_group_0393,2,41.50045,-91.71901,Active,IA
71063,iowa_cafo_group_1862,4,41.42837,-91.64295,Active,IA
71064,iowa_cafo_group_3623,1,41.48606,-91.6521,Active,IA
71065,iowa_cafo_group_3552,2,41.47861,-91.6809,Active,IA
71066,iowa_cafo_group_1181,4,41.27565,-91.53818,Active,IA
71067,iowa_cafo_group_1706,1,43.40595,-93.7296,Active,IA
71068,iowa_cafo_group_0393,2,41.50045,-91.71901,Active,IA
71069,iowa_cafo_group_0227,4,41.36313,-91.61412,Active,IA
71070,iowa_cafo_group_4033,0,41.38513,-91.66264,Active,IA
71071,iowa_cafo_group_0099,2,42.88563,-94.73756,Active,IA
71072,iowa_cafo_group_0127,2,41.41347,-91.87391,Active,IA
71073,iowa_cafo_group_4034,0,41.19014,-94.09718,Active,IA
71074,iowa_cafo_group_4035,0,41.206,-93.84849,Active,IA
71075,iowa_cafo_group_0127,2,41.35506,-91.86372,Active,IA
71076,iowa_cafo_group_0127,2,41.40619,-91.87385,Active,IA
71077,iowa_cafo_group_0127,2,41.3849,-91.92243,Active,IA
71078,iowa_cafo_group_0127,2,41.34839,-91.9217,Active,IA
71079,iowa_cafo_group_0127,2,41.37759,-91.91263,Active,IA
71080,iowa_cafo_group_0127,2,41.34822,-91.9024,Active,IA
71081,iowa_cafo_group_1111,3,41.29652,-91.8348,Active,IA
71082,iowa_cafo_group_0127,2,41.33381,-91.90239,Active,IA
71083,iowa_cafo_group_0127,2,41.32668,-91.88305,Active,IA
71084,iowa_cafo_group_1181,4,41.27526,-91.49949,Active,IA
71085,iowa_cafo_group_4036,2,41.42969,-93.83267,Active,IA
71086,iowa_cafo_group_4037,3,41.38161,-94.03405,Active,IA
71087,iowa_cafo_group_4038,2,41.95012,-94.25203,Active,IA
71088,iowa_cafo_group_4039,0,40.72934,-93.70843,Active,IA
71089,iowa_cafo_group_4040,4,40.67647,-93.87836,Active,IA
71090,iowa_cafo_group_4041,3,41.04448,-93.66629,Active,IA
71091,iowa_cafo_group_2393,1,43.13636,-91.82125,Active,IA
71092,iowa_cafo_group_1689,4,42.95215,-93.74246,Active,IA
71093,iowa_cafo_group_4042,0,42.85593,-94.78706,Active,IA
71094,iowa_cafo_group_0090,3,41.1811,-91.70172,Active,IA
71095,iowa_cafo_group_0090,3,41.19561,-91.7112,Active,IA
71096,iowa_cafo_group_0090,3,41.2248,-91.71115,Active,IA
71097,iowa_cafo_group_0090,3,41.23917,-91.72049,Active,IA
71098,iowa_cafo_group_0090,3,41.23917,-91.72049,Active,IA
71099,iowa_cafo_group_4043,0,41.24684,-91.68289,Active,IA
71100,iowa_cafo_group_0227,4,41.19609,-91.65405,Active,IA
71101,iowa_cafo_group_0227,4,41.18883,-91.63481,Active,IA
71102,iowa_cafo_group_3515,4,41.17983,-91.8446,Active,IA
71103,iowa_cafo_group_3515,4,41.16529,-91.84484,Active,IA
71104,iowa_cafo_group_0090,3,41.21666,-91.76891,Active,IA
71105,iowa_cafo_group_0090,3,41.26054,-91.74,Active,IA
71106,iowa_cafo_group_1111,3,41.31103,-91.81667,Active,IA
71107,iowa_cafo_group_0090,3,41.26067,-91.73031,Active,IA
71108,iowa_cafo_group_1848,0,41.2945,-91.73042,Active,IA
71109,iowa_cafo_group_0227,4,41.33433,-91.64376,Active,IA
71110,iowa_cafo_group_0227,4,41.26161,-91.66356,Active,IA
71111,iowa_cafo_group_0227,4,41.3342,-91.60507,Active,IA
71112,iowa_cafo_group_1091,3,41.43116,-91.85096,Active,IA
71113,iowa_cafo_group_1091,3,41.43693,-91.86867,Active,IA
71114,iowa_cafo_group_0393,2,41.49319,-91.71926,Active,IA
71115,iowa_cafo_group_4044,3,41.43519,-91.70069,Active,IA
71116,iowa_cafo_group_2122,4,41.3923,-91.62358,Active,IA
71117,iowa_cafo_group_0227,4,41.34144,-91.63387,Active,IA
71118,iowa_cafo_group_2122,4,41.40678,-91.61382,Active,IA
71120,iowa_cafo_group_1314,3,41.23225,-91.51949,Active,IA
71121,iowa_cafo_group_4030,3,41.47125,-91.53668,Active,IA
71122,iowa_cafo_group_4030,3,41.45673,-91.53687,Active,IA
71123,iowa_cafo_group_2214,1,41.45023,-91.6232,Active,IA
71124,iowa_cafo_group_4030,3,41.45691,-91.54645,Active,IA
71125,iowa_cafo_group_2084,0,41.41321,-91.536,Active,IA
71126,iowa_cafo_group_2630,2,42.40685,-91.18874,Active,IA
71127,iowa_cafo_group_4045,4,41.38998,-93.89784,Active,IA
71128,iowa_cafo_group_1146,3,41.25156,-94.1861,Active,IA
71129,iowa_cafo_group_0127,2,41.37672,-91.77853,Active,IA
71130,iowa_cafo_group_4046,4,40.7936,-93.7108,Active,IA
71131,iowa_cafo_group_4047,3,41.9502,-93.00973,Active,IA
71132,iowa_cafo_group_4048,3,40.59362,-92.90714,Active,IA
71133,iowa_cafo_group_4049,4,40.61152,-92.92228,Active,IA
71134,iowa_cafo_group_4050,3,40.91218,-94.26404,Active,IA
71135,iowa_cafo_group_0514,2,41.35166,-92.4193,Active,IA
71136,iowa_cafo_group_1415,1,42.49909,-93.69548,Active,IA
71137,iowa_cafo_group_1535,2,42.20746,-95.30888,Active,IA
71139,iowa_cafo_group_1503,3,41.73898,-91.06904,Active,IA
71140,iowa_cafo_group_2917,4,41.66695,-91.24461,Active,IA
71141,iowa_cafo_group_4051,1,41.64518,-91.22467,Active,IA
71142,iowa_cafo_group_3671,4,41.67385,-91.13774,Active,IA
71143,iowa_cafo_group_2121,3,41.70248,-90.92313,Active,IA
71144,iowa_cafo_group_0859,1,41.75349,-90.95138,Active,IA
71145,iowa_cafo_group_4052,2,41.88477,-90.95118,Active,IA
71146,iowa_cafo_group_4053,0,41.93229,-90.98224,Active,IA
71147,iowa_cafo_group_4054,1,41.88492,-91.00053,Active,IA
71148,iowa_cafo_group_0359,4,41.93655,-91.35191,Active,IA
71149,iowa_cafo_group_0359,4,41.92207,-91.34245,Active,IA
71150,iowa_cafo_group_4055,3,41.74671,-91.14693,Active,IA
71151,iowa_cafo_group_4056,0,41.71716,-91.11766,Active,IA
71153,iowa_cafo_group_1282,0,41.87061,-91.2541,Active,IA
71154,iowa_cafo_group_1533,4,41.63845,-91.32224,Active,IA
71155,iowa_cafo_group_4057,1,41.67475,-91.30275,Active,IA
71156,iowa_cafo_group_4057,1,41.68188,-91.31239,Active,IA
71157,iowa_cafo_group_1147,1,41.81931,-91.147,Active,IA
71158,iowa_cafo_group_1147,1,41.81931,-91.147,Active,IA
71159,iowa_cafo_group_1159,4,41.90688,-91.11816,Active,IA
71160,iowa_cafo_group_4058,4,41.8125,-91.23477,Active,IA
71161,iowa_cafo_group_4058,4,41.81968,-91.25414,Active,IA
71162,iowa_cafo_group_2140,1,41.8482,-91.02025,Active,IA
71163,iowa_cafo_group_4059,1,41.79002,-91.0498,Active,IA
71164,iowa_cafo_group_2175,0,41.78247,-90.9035,Active,IA
71165,iowa_cafo_group_0873,4,42.52323,-92.68382,Active,IA
71166,iowa_cafo_group_2369,3,43.44577,-93.79228,Active,IA
71167,iowa_cafo_group_4060,1,41.9659,-95.19976,Active,IA
71168,iowa_cafo_group_0006,0,43.08547,-95.86117,Active,IA
71169,iowa_cafo_group_2122,4,41.39214,-91.59438,Active,IA
71170,iowa_cafo_group_0090,3,41.20926,-91.79773,Active,IA
71171,iowa_cafo_group_0090,3,41.20926,-91.79773,Active,IA
71172,iowa_cafo_group_0227,4,41.37001,-91.71,Active,IA
71173,iowa_cafo_group_0227,4,41.37018,-91.70111,Active,IA
71174,iowa_cafo_group_0090,3,41.20191,-91.7977,Active,IA
71175,iowa_cafo_group_0090,3,41.20191,-91.7977,Active,IA
71176,iowa_cafo_group_0227,4,41.36991,-91.72048,Active,IA
71177,iowa_cafo_group_0227,4,41.37726,-91.7205,Active,IA
71178,iowa_cafo_group_0127,2,41.41305,-91.76851,Active,IA
71179,iowa_cafo_group_1181,4,41.28964,-91.48979,Active,IA
71180,iowa_cafo_group_2214,1,41.4575,-91.62317,Active,IA
71181,iowa_cafo_group_1147,1,41.83398,-91.12756,Active,IA
71182,iowa_cafo_group_4061,2,41.28646,-92.49567,Active,IA
71183,iowa_cafo_group_1917,3,42.23444,-95.3231,Active,IA
71184,iowa_cafo_group_0023,4,42.21696,-94.88782,Active,IA
71185,iowa_cafo_group_0142,3,41.96848,-95.89877,Active,IA
71186,iowa_cafo_group_4062,3,43.12114,-95.78227,Active,IA
71187,iowa_cafo_group_3572,0,42.87418,-94.00597,Active,IA
71188,iowa_cafo_group_3072,3,42.84118,-94.01225,Active,IA
71189,iowa_cafo_group_2286,3,42.39338,-95.70905,Active,IA
71190,iowa_cafo_group_2949,4,43.1559,-93.6633,Active,IA
71191,iowa_cafo_group_2913,3,42.21845,-90.93068,Active,IA
71192,iowa_cafo_group_0946,2,42.90101,-92.65285,Active,IA
71193,iowa_cafo_group_4063,1,41.7741,-95.69442,Active,IA
71194,iowa_cafo_group_1227,2,42.69414,-91.66636,Active,IA
71195,iowa_cafo_group_3380,4,43.27432,-91.26867,Active,IA
71196,iowa_cafo_group_0483,4,42.92782,-95.79553,Active,IA
71197,iowa_cafo_group_4064,1,40.96575,-93.43797,Active,IA
71198,iowa_cafo_group_0974,2,42.1519,-94.60354,Active,IA
71200,iowa_cafo_group_1608,1,42.89906,-92.95987,Active,IA
71201,iowa_cafo_group_4065,0,40.9249,-93.49228,Active,IA
71202,iowa_cafo_group_4066,3,42.02007,-95.2326,Active,IA
71203,iowa_cafo_group_0023,4,42.10376,-94.8932,Active,IA
71204,iowa_cafo_group_2610,3,42.98864,-94.14804,Active,IA
71205,iowa_cafo_group_0006,0,43.24265,-96.31529,Active,IA
71206,iowa_cafo_group_4067,4,43.45722,-92.64275,Active,IA
71208,iowa_cafo_group_3745,4,40.67945,-95.43078,Active,IA
71209,iowa_cafo_group_4068,3,41.23558,-94.10041,Active,IA
71210,iowa_cafo_group_0227,4,41.10365,-91.63985,Active,IA
71211,iowa_cafo_group_2966,3,43.29885,-94.14268,Active,IA
71212,iowa_cafo_group_4069,0,40.96958,-93.15461,Active,IA
71213,iowa_cafo_group_4070,3,40.96328,-93.10446,Active,IA
71214,iowa_cafo_group_0027,1,41.85257,-94.82698,Active,IA
71215,iowa_cafo_group_0721,2,43.2552,-92.2225,Active,IA
71216,iowa_cafo_group_2548,4,42.43084,-91.42766,Active,IA
71217,iowa_cafo_group_1956,3,41.55811,-91.4875,Active,IA
71218,iowa_cafo_group_4071,4,41.74206,-91.73001,Active,IA
71219,iowa_cafo_group_4072,0,41.02412,-93.51792,Active,IA
71220,iowa_cafo_group_4073,4,43.38426,-93.59776,Active,IA
71221,iowa_cafo_group_3600,3,43.24484,-91.29892,Active,IA
71222,iowa_cafo_group_0478,1,41.18795,-92.6223,Active,IA
71223,iowa_cafo_group_4074,2,42.12358,-94.28134,Active,IA
71224,iowa_cafo_group_4075,0,43.29952,-94.06859,Active,IA
71225,iowa_cafo_group_2184,3,41.98453,-93.65864,Active,IA
71226,iowa_cafo_group_2184,3,41.99368,-93.66942,Active,IA
71227,iowa_cafo_group_4076,0,42.05759,-93.68083,Active,IA
71228,iowa_cafo_group_3561,4,41.95352,-93.60708,Active,IA
71229,iowa_cafo_group_1991,3,41.98291,-95.49367,Active,IA
71230,iowa_cafo_group_4077,2,40.93357,-95.13238,Active,IA
71231,iowa_cafo_group_1268,3,41.3831,-92.39742,Active,IA
71232,iowa_cafo_group_1268,3,41.41227,-92.39772,Active,IA
71234,iowa_cafo_group_0502,4,42.30172,-95.54167,Active,IA
71235,iowa_cafo_group_4078,4,43.26615,-92.96438,Active,IA
71236,iowa_cafo_group_0003,1,42.61853,-93.01131,Active,IA
71237,iowa_cafo_group_4079,0,42.27678,-92.88647,Active,IA
71238,iowa_cafo_group_0719,2,43.26987,-92.58647,Active,IA
71239,iowa_cafo_group_0494,2,43.16055,-95.619,Active,IA
71240,iowa_cafo_group_4080,3,41.16068,-92.69528,Active,IA
71241,iowa_cafo_group_4080,3,41.14768,-92.69351,Active,IA
71242,iowa_cafo_group_2043,4,42.62333,-95.54078,Active,IA
71243,iowa_cafo_group_4081,2,42.49412,-92.14194,Active,IA
71244,iowa_cafo_group_3496,4,41.36952,-92.19558,Active,IA
71245,iowa_cafo_group_1985,1,42.15632,-95.36247,Active,IA
71246,iowa_cafo_group_2663,1,42.99608,-95.51601,Active,IA
71247,iowa_cafo_group_4082,0,41.74383,-95.86211,Active,IA
71248,iowa_cafo_group_1846,2,43.09764,-92.86134,Active,IA
71249,iowa_cafo_group_1846,2,43.10519,-92.84958,Active,IA
71250,iowa_cafo_group_4083,1,41.81753,-95.95116,Active,IA
71251,iowa_cafo_group_4084,4,42.52945,-96.14973,Active,IA
71252,iowa_cafo_group_2856,2,42.30684,-94.60616,Active,IA
71253,iowa_cafo_group_0140,2,42.79391,-96.40253,Active,IA
71254,iowa_cafo_group_0443,3,43.27655,-95.62933,Active,IA
71255,iowa_cafo_group_0545,4,42.3839,-93.43517,Active,IA
71256,iowa_cafo_group_0719,2,43.29069,-92.5942,Active,IA
71257,iowa_cafo_group_0719,2,43.2697,-92.58523,Active,IA
71258,iowa_cafo_group_4085,3,43.21731,-92.71233,Active,IA
71259,iowa_cafo_group_4086,4,41.00516,-95.11327,Active,IA
71260,iowa_cafo_group_0061,1,42.77883,-95.84994,Active,IA
71261,iowa_cafo_group_1142,4,42.731,-93.10449,Active,IA
71262,iowa_cafo_group_0989,1,43.21639,-95.40777,Active,IA
71264,iowa_cafo_group_0572,2,41.31479,-95.55095,Active,IA
71267,iowa_cafo_group_4087,0,42.46743,-91.04854,Active,IA
71268,iowa_cafo_group_0902,2,43.24854,-92.1025,Active,IA
71269,iowa_cafo_group_0739,1,42.60631,-93.23399,Active,IA
71270,iowa_cafo_group_1009,3,42.91001,-91.21578,Active,IA
71271,iowa_cafo_group_1009,3,42.91012,-91.23563,Active,IA
71272,iowa_cafo_group_3083,4,42.39706,-94.21466,Active,IA
71273,iowa_cafo_group_0229,3,42.38957,-95.11387,Active,IA
71274,iowa_cafo_group_0738,3,42.58689,-93.40654,Active,IA
71275,iowa_cafo_group_3294,0,42.80472,-95.6175,Active,IA
71276,iowa_cafo_group_4088,3,42.87024,-95.65693,Active,IA
71277,iowa_cafo_group_4089,2,40.95325,-91.00254,Active,IA
71278,iowa_cafo_group_0112,1,42.78866,-95.1169,Active,IA
71279,iowa_cafo_group_0640,1,43.05447,-94.8562,Active,IA
71280,iowa_cafo_group_1144,4,43.18018,-92.14281,Active,IA
71281,iowa_cafo_group_0061,1,42.94998,-96.00231,Active,IA
71282,iowa_cafo_group_0738,3,42.6118,-93.42061,Active,IA
71283,iowa_cafo_group_0738,3,42.60477,-93.39551,Active,IA
71284,iowa_cafo_group_2642,3,41.88546,-93.3801,Active,IA
71285,iowa_cafo_group_3859,2,42.63971,-91.70113,Active,IA
71287,iowa_cafo_group_4090,0,42.69584,-93.37948,Active,IA
71288,iowa_cafo_group_4091,3,43.01168,-94.26785,Active,IA
71289,iowa_cafo_group_4092,2,42.17666,-95.20822,Active,IA
71290,iowa_cafo_group_0726,3,42.62882,-92.71006,Active,IA
71291,iowa_cafo_group_2399,1,43.09765,-94.85416,Active,IA
71292,iowa_cafo_group_4093,3,42.37615,-91.0969,Active,IA
71293,iowa_cafo_group_2273,1,42.49917,-92.98451,Active,IA
71294,iowa_cafo_group_0908,4,42.51681,-93.05557,Active,IA
71295,iowa_cafo_group_0787,1,42.21012,-94.79613,Active,IA
71296,iowa_cafo_group_0443,3,43.28381,-95.65925,Active,IA
71297,iowa_cafo_group_0656,0,41.9033,-95.83714,Active,IA
71298,iowa_cafo_group_1437,0,42.42157,-93.57163,Active,IA
71299,iowa_cafo_group_4094,1,42.35371,-94.38891,Active,IA
71300,iowa_cafo_group_0227,4,41.21343,-91.63298,Active,IA
71301,iowa_cafo_group_0510,3,43.42159,-92.63356,Active,IA
71302,iowa_cafo_group_3074,1,42.31132,-91.43246,Active,IA
71303,iowa_cafo_group_0957,2,42.81813,-95.06786,Active,IA
71304,iowa_cafo_group_0782,2,42.716,-95.018,Active,IA
71305,iowa_cafo_group_0374,4,42.11416,-94.76307,Active,IA
71306,iowa_cafo_group_0006,0,43.48434,-95.74057,Active,IA
71307,iowa_cafo_group_0828,3,41.4094,-92.05251,Active,IA
71308,iowa_cafo_group_0200,2,43.34432,-95.36939,Active,IA
71309,iowa_cafo_group_4095,3,41.00328,-93.74774,Active,IA
71310,iowa_cafo_group_0056,1,42.308,-95.14377,Active,IA
71311,iowa_cafo_group_0027,1,41.90354,-94.89789,Active,IA
71312,iowa_cafo_group_1314,3,41.25275,-91.44189,Active,IA
71313,iowa_cafo_group_4096,1,43.03734,-92.72173,Active,IA
71314,iowa_cafo_group_0080,2,42.04986,-94.98592,Active,IA
71315,iowa_cafo_group_0443,3,43.37065,-95.62309,Active,IA
71316,iowa_cafo_group_1846,2,43.11152,-92.82455,Active,IA
71317,iowa_cafo_group_3441,3,42.1659,-91.11324,Active,IA
71319,iowa_cafo_group_4097,0,42.56505,-96.189,Active,IA
71320,iowa_cafo_group_0006,0,43.03096,-95.94,Active,IA
71321,iowa_cafo_group_1634,1,42.6659,-95.39308,Active,IA
71322,iowa_cafo_group_4098,3,42.3433,-94.51883,Active,IA
71323,iowa_cafo_group_4099,2,40.99236,-93.77551,Active,IA
71324,iowa_cafo_group_4100,0,42.08989,-92.50817,Active,IA
71325,iowa_cafo_group_4101,1,42.25844,-94.32044,Active,IA
71326,iowa_cafo_group_1417,3,42.39867,-92.85423,Active,IA
71327,iowa_cafo_group_1417,3,42.40216,-92.86519,Active,IA
71328,iowa_cafo_group_0006,0,42.9675,-96.22384,Active,IA
71329,iowa_cafo_group_0414,4,42.96418,-95.25502,Active,IA
71330,iowa_cafo_group_4102,1,41.61644,-93.36426,Active,IA
71331,iowa_cafo_group_2306,3,42.4787,-90.9901,Active,IA
71332,iowa_cafo_group_0140,2,42.80436,-96.40498,Active,IA
71333,iowa_cafo_group_1218,3,41.82654,-94.97634,Active,IA
71334,iowa_cafo_group_0155,3,42.5106,-94.83641,Active,IA
71335,iowa_cafo_group_2211,4,41.36666,-91.58637,Active,IA
71336,iowa_cafo_group_4103,2,41.24719,-93.0565,Active,IA
71337,iowa_cafo_group_0200,2,43.38016,-95.46786,Active,IA
71338,iowa_cafo_group_0200,2,43.38387,-95.46688,Active,IA
71339,iowa_cafo_group_0737,3,42.62302,-93.31115,Active,IA
71340,iowa_cafo_group_4104,4,42.07983,-92.59767,Active,IA
71341,iowa_cafo_group_0006,0,43.39355,-96.19049,Active,IA
71342,iowa_cafo_group_3991,3,42.40376,-94.09616,Active,IA
71343,iowa_cafo_group_4105,0,42.09464,-92.15778,Active,IA
71344,iowa_cafo_group_1582,3,42.78827,-91.99313,Active,IA
71345,iowa_cafo_group_1555,3,40.92041,-93.58423,Active,IA
71346,iowa_cafo_group_3084,2,41.65588,-90.87956,Active,IA
71347,iowa_cafo_group_1179,1,42.63686,-95.0286,Active,IA
71348,iowa_cafo_group_1846,2,43.10629,-92.81342,Active,IA
71349,iowa_cafo_group_0998,2,42.70956,-95.54962,Active,IA
71350,iowa_cafo_group_0712,3,43.12007,-92.55112,Active,IA
71351,iowa_cafo_group_2092,2,42.92398,-91.80516,Active,IA
71352,iowa_cafo_group_0494,2,43.12439,-95.67882,Active,IA
71354,iowa_cafo_group_4106,3,41.1516,-92.3297,Active,IA
71355,iowa_cafo_group_2605,2,43.38413,-91.30565,Active,IA
71356,iowa_cafo_group_0782,2,42.63678,-94.98923,Active,IA
71358,iowa_cafo_group_0127,2,41.43134,-91.82116,Active,IA
71359,iowa_cafo_group_0227,4,41.35591,-91.66267,Active,IA
71360,iowa_cafo_group_0069,3,43.21176,-94.5218,Active,IA
71361,iowa_cafo_group_0227,4,41.25425,-91.63446,Active,IA
71362,iowa_cafo_group_2917,4,41.67799,-91.22903,Active,IA
71364,iowa_cafo_group_4107,2,40.75827,-92.5859,Active,IA
71365,iowa_cafo_group_3046,1,41.92837,-90.3593,Active,IA
71366,iowa_cafo_group_2714,3,41.68733,-90.6994,Active,IA
71367,iowa_cafo_group_4108,0,41.85535,-90.44682,Active,IA
71368,iowa_cafo_group_0006,0,43.34936,-95.76686,Active,IA
71369,iowa_cafo_group_4109,0,41.55262,-91.07619,Active,IA
71370,iowa_cafo_group_3198,1,41.7462,-90.48588,Active,IA
71371,iowa_cafo_group_2448,2,43.36316,-93.69441,Active,IA
71372,iowa_cafo_group_3853,4,43.38927,-93.89715,Active,IA
71373,iowa_cafo_group_4110,4,40.85961,-93.72438,Active,IA
71374,iowa_cafo_group_0227,4,41.35589,-91.61423,Active,IA
71375,iowa_cafo_group_0006,0,43.35665,-95.72717,Active,IA
71376,iowa_cafo_group_0023,4,42.14864,-94.8637,Active,IA
71377,iowa_cafo_group_1979,1,40.82196,-93.74475,Active,IA
71378,iowa_cafo_group_3366,4,43.30316,-91.33954,Active,IA
71379,iowa_cafo_group_1192,2,42.52869,-93.60657,Active,IA
71380,iowa_cafo_group_0006,0,43.13857,-96.31885,Active,IA
71382,iowa_cafo_group_3394,3,42.77984,-91.77489,Active,IA
71383,iowa_cafo_group_3350,1,41.12332,-92.13544,Active,IA
71384,iowa_cafo_group_0782,2,42.63807,-94.9353,Active,IA
71385,iowa_cafo_group_0117,1,42.01567,-91.26899,Active,IA
71386,iowa_cafo_group_0545,4,42.2377,-93.3006,Active,IA
71387,iowa_cafo_group_0715,1,42.90263,-91.67434,Active,IA
71388,iowa_cafo_group_4111,0,41.57452,-95.81457,Active,IA
71389,iowa_cafo_group_4112,3,40.65734,-91.57884,Active,IA
71390,iowa_cafo_group_0006,0,43.47294,-96.23882,Active,IA
71391,iowa_cafo_group_3864,0,42.88034,-92.20398,Active,IA
71393,iowa_cafo_group_0782,2,42.63291,-94.97729,Active,IA
71394,iowa_cafo_group_2293,3,43.33315,-92.04304,Active,IA
71395,iowa_cafo_group_4113,3,42.3908,-90.96914,Active,IA
71396,iowa_cafo_group_4114,1,40.74387,-92.50012,Active,IA
71397,iowa_cafo_group_4115,1,40.74656,-92.53776,Active,IA
71399,iowa_cafo_group_4116,0,42.93531,-91.58609,Active,IA
71401,iowa_cafo_group_0006,0,43.35672,-96.3643,Active,IA
71402,iowa_cafo_group_0119,0,42.15556,-90.37884,Active,IA
71403,iowa_cafo_group_4117,1,42.2801,-90.73717,Active,IA
71404,iowa_cafo_group_2143,3,42.25111,-90.79341,Active,IA
71405,iowa_cafo_group_2387,1,42.72349,-95.10695,Active,IA
71406,iowa_cafo_group_2434,2,43.12833,-92.16173,Active,IA
71407,iowa_cafo_group_4118,3,41.40612,-91.56969,Active,IA
71408,iowa_cafo_group_3894,2,41.76114,-90.41809,Active,IA
71409,iowa_cafo_group_0398,3,41.34905,-94.59948,Active,IA
71410,iowa_cafo_group_0398,3,41.32016,-94.58041,Active,IA
71411,iowa_cafo_group_0398,3,41.32016,-94.58041,Active,IA
71412,iowa_cafo_group_0006,0,43.24381,-96.34599,Active,IA
71413,iowa_cafo_group_0227,4,41.25432,-91.58665,Active,IA
71414,iowa_cafo_group_3425,3,42.4598,-91.35711,Active,IA
71415,iowa_cafo_group_1198,3,42.37563,-93.75873,Active,IA
71416,iowa_cafo_group_1533,4,41.65641,-91.28244,Active,IA
71417,iowa_cafo_group_0346,2,41.22984,-94.66927,Active,IA
71419,iowa_cafo_group_0782,2,42.68708,-95.05816,Active,IA
71420,iowa_cafo_group_4119,2,43.31337,-93.84853,Active,IA
71421,iowa_cafo_group_0782,2,42.71598,-94.97825,Active,IA
71422,iowa_cafo_group_1106,3,43.18368,-94.6067,Active,IA
71423,iowa_cafo_group_1831,1,41.89105,-90.68954,Active,IA
71424,iowa_cafo_group_4120,1,40.79484,-92.53832,Active,IA
71425,iowa_cafo_group_4120,1,40.78752,-92.54789,Active,IA
71426,iowa_cafo_group_4121,0,42.92654,-91.9238,Active,IA
71427,iowa_cafo_group_0510,3,43.39441,-92.65383,Active,IA
71428,iowa_cafo_group_1351,4,40.62304,-92.24022,Active,IA
71429,iowa_cafo_group_4122,3,42.62146,-94.85042,Active,IA
71430,iowa_cafo_group_4123,2,41.68811,-90.46655,Active,IA
71431,iowa_cafo_group_4124,2,42.3697,-91.52819,Active,IA
71432,iowa_cafo_group_0857,2,41.71173,-91.03615,Active,IA
71433,iowa_cafo_group_0872,1,43.04974,-94.54646,Active,IA
71434,iowa_cafo_group_0507,2,41.13791,-92.37266,Active,IA
71435,iowa_cafo_group_0809,4,43.07924,-94.65437,Active,IA
71436,iowa_cafo_group_2502,1,42.23957,-95.27509,Active,IA
71437,iowa_cafo_group_1822,1,42.43673,-91.31686,Active,IA
71438,iowa_cafo_group_0748,1,42.32455,-92.99879,Active,IA
71439,iowa_cafo_group_4104,4,42.08697,-92.60031,Active,IA
71440,iowa_cafo_group_3079,2,41.30827,-91.49296,Active,IA
71441,iowa_cafo_group_0653,4,42.40255,-91.67099,Active,IA
71442,iowa_cafo_group_0006,0,43.06591,-96.34723,Active,IA
71443,iowa_cafo_group_2564,4,42.47346,-95.18941,Active,IA
71444,iowa_cafo_group_3724,3,41.26853,-91.567,Active,IA
71445,iowa_cafo_group_3266,2,41.15156,-91.90284,Active,IA
71446,iowa_cafo_group_4125,2,40.85732,-92.21948,Active,IA
71447,iowa_cafo_group_1831,1,41.8691,-90.6798,Active,IA
71448,iowa_cafo_group_2410,4,42.72652,-92.81497,Active,IA
71449,iowa_cafo_group_0719,2,43.28791,-92.58915,Active,IA
71450,iowa_cafo_group_4126,0,43.19926,-93.36899,Active,IA
71451,iowa_cafo_group_3394,3,42.77445,-91.77452,Active,IA
71453,iowa_cafo_group_0006,0,43.47292,-96.31794,Active,IA
71455,iowa_cafo_group_1733,3,42.82638,-94.29042,Active,IA
71456,iowa_cafo_group_4127,4,41.29789,-91.35769,Active,IA
71457,iowa_cafo_group_1225,1,42.58702,-91.19275,Active,IA
71459,iowa_cafo_group_3266,2,41.15156,-91.90284,Active,IA
71461,iowa_cafo_group_1299,4,42.36188,-91.6968,Active,IA
71462,iowa_cafo_group_2455,1,42.02221,-91.16492,Active,IA
71463,iowa_cafo_group_2009,1,42.22389,-94.08457,Active,IA
71464,iowa_cafo_group_0027,1,41.88798,-94.83655,Active,IA
71465,iowa_cafo_group_0282,2,42.02314,-94.1946,Active,IA
71467,iowa_cafo_group_0443,3,43.23301,-95.688,Active,IA
71468,iowa_cafo_group_0006,0,43.29773,-95.9845,Active,IA
71469,iowa_cafo_group_4128,0,42.63201,-92.75621,Active,IA
71470,iowa_cafo_group_0738,3,42.54225,-93.3409,Active,IA
71471,iowa_cafo_group_2699,3,41.13389,-94.72465,Active,IA
71472,iowa_cafo_group_0782,2,42.67989,-95.06794,Active,IA
71473,iowa_cafo_group_0006,0,43.09532,-95.84181,Active,IA
71474,iowa_cafo_group_0006,0,43.22605,-96.0254,Active,IA
71475,iowa_cafo_group_4129,3,43.27748,-93.9093,Active,IA
71476,iowa_cafo_group_4130,1,40.98253,-92.97896,Active,IA
71477,iowa_cafo_group_1790,3,42.5122,-91.78707,Active,IA
71478,iowa_cafo_group_0875,4,42.45414,-91.46564,Active,IA
71479,iowa_cafo_group_4131,2,41.57768,-91.31268,Active,IA
71480,iowa_cafo_group_4132,1,40.96782,-90.97392,Active,IA
71481,iowa_cafo_group_4133,2,41.481,-95.72222,Active,IA
71482,iowa_cafo_group_4134,0,41.19924,-95.18981,Active,IA
71483,iowa_cafo_group_2043,4,42.63416,-95.57958,Active,IA
71484,iowa_cafo_group_0872,1,43.05625,-94.46714,Active,IA
71485,iowa_cafo_group_4135,0,40.75891,-91.83383,Active,IA
71486,iowa_cafo_group_1420,3,43.25664,-92.50445,Active,IA
71487,iowa_cafo_group_2108,3,42.89174,-91.62268,Active,IA
71488,iowa_cafo_group_4136,4,41.06315,-92.82696,Active,IA
71489,iowa_cafo_group_4137,1,42.54342,-92.28528,Active,IA
71490,iowa_cafo_group_4138,1,43.13003,-92.8743,Active,IA
71491,iowa_cafo_group_4139,0,42.43148,-94.63521,Active,IA
71492,iowa_cafo_group_2636,1,42.98599,-95.45201,Active,IA
71493,iowa_cafo_group_0168,1,42.18951,-95.55531,Active,IA
71494,iowa_cafo_group_3752,1,42.41234,-94.43215,Active,IA
71496,iowa_cafo_group_4140,3,41.29335,-95.6462,Active,IA
71497,iowa_cafo_group_0069,3,43.23721,-94.58115,Active,IA
71498,iowa_cafo_group_0006,0,42.92764,-96.20899,Active,IA
71499,iowa_cafo_group_4141,1,41.0241,-92.23024,Active,IA
71500,iowa_cafo_group_0006,0,43.32965,-96.13965,Active,IA
71501,iowa_cafo_group_4142,1,40.68616,-94.37155,Active,IA
71502,iowa_cafo_group_2698,4,42.58456,-92.20711,Active,IA
71503,iowa_cafo_group_0006,0,43.3854,-95.9447,Active,IA
71504,iowa_cafo_group_1185,4,42.09374,-93.46161,Active,IA
71505,iowa_cafo_group_1463,4,42.62238,-91.35507,Active,IA
71508,iowa_cafo_group_3747,4,42.16379,-95.15438,Active,IA
71511,iowa_cafo_group_4104,4,42.07272,-92.6009,Active,IA
71513,iowa_cafo_group_2632,2,42.7298,-92.85922,Active,IA
71514,iowa_cafo_group_2082,3,41.12161,-91.38497,Active,IA
71515,iowa_cafo_group_1074,2,43.47246,-92.54326,Active,IA
71516,iowa_cafo_group_4143,4,40.76456,-93.7242,Active,IA
71518,iowa_cafo_group_0112,1,42.79279,-95.03354,Active,IA
71519,iowa_cafo_group_4041,3,41.05277,-93.6726,Active,IA
71520,iowa_cafo_group_0545,4,42.36888,-93.44971,Active,IA
71521,iowa_cafo_group_3217,0,41.6294,-90.7974,Active,IA
71522,iowa_cafo_group_2164,2,41.9394,-95.08773,Active,IA
71523,iowa_cafo_group_0755,4,42.5749,-93.4801,Active,IA
71524,iowa_cafo_group_4144,1,42.83399,-93.05585,Active,IA
71525,iowa_cafo_group_1113,2,43.05386,-93.59572,Active,IA
71526,iowa_cafo_group_4145,4,41.64961,-95.43692,Active,IA
71527,iowa_cafo_group_0393,2,41.54324,-91.74244,Active,IA
71528,iowa_cafo_group_4146,3,43.07745,-92.42188,Active,IA
71529,iowa_cafo_group_0025,2,41.54423,-94.88799,Active,IA
71530,iowa_cafo_group_0136,2,42.2273,-91.02921,Active,IA
71531,iowa_cafo_group_2111,3,42.79342,-91.86254,Active,IA
71532,iowa_cafo_group_4147,2,43.00028,-91.33044,Active,IA
71533,iowa_cafo_group_4148,0,41.10407,-92.77913,Active,IA
71534,iowa_cafo_group_4149,2,41.67945,-92.64909,Active,IA
71535,iowa_cafo_group_4150,1,40.61241,-92.09757,Active,IA
71536,iowa_cafo_group_2133,2,41.08533,-91.82774,Active,IA
71537,iowa_cafo_group_4151,4,41.96074,-93.2367,Active,IA
71538,iowa_cafo_group_2067,2,41.9139,-93.63011,Active,IA
71539,iowa_cafo_group_2027,1,42.68865,-96.39497,Active,IA
71540,iowa_cafo_group_0554,1,41.79476,-94.65231,Active,IA
71541,iowa_cafo_group_1091,3,41.3776,-91.97084,Active,IA
71542,iowa_cafo_group_0755,4,42.54398,-93.49174,Active,IA
71543,iowa_cafo_group_1668,2,42.47878,-91.208,Active,IA
71544,iowa_cafo_group_0006,0,43.38944,-95.81065,Active,IA
71545,iowa_cafo_group_1666,1,42.55755,-91.25217,Active,IA
71546,iowa_cafo_group_1202,3,41.75777,-94.14983,Active,IA
71547,iowa_cafo_group_0465,3,43.41534,-92.98314,Active,IA
71548,iowa_cafo_group_1390,2,42.86972,-96.4936,Active,IA
71549,iowa_cafo_group_0443,3,43.25796,-95.6166,Active,IA
71550,iowa_cafo_group_0414,4,42.93525,-95.2451,Active,IA
71551,iowa_cafo_group_4152,1,40.91107,-92.02077,Active,IA
71552,iowa_cafo_group_4135,0,40.76605,-91.82873,Active,IA
71553,iowa_cafo_group_4153,3,41.2709,-92.80839,Active,IA
71554,iowa_cafo_group_1462,4,43.18743,-95.35326,Active,IA
71555,iowa_cafo_group_0654,2,43.15037,-92.43586,Active,IA
71556,iowa_cafo_group_0112,1,42.77766,-95.08291,Active,IA
71557,iowa_cafo_group_3118,1,41.81016,-95.3684,Active,IA
71560,iowa_cafo_group_1130,0,41.08844,-94.16158,Active,IA
71561,iowa_cafo_group_4154,1,41.29117,-94.63784,Active,IA
71562,iowa_cafo_group_0547,3,41.29073,-94.35194,Active,IA
71563,iowa_cafo_group_2536,1,40.79517,-93.73975,Active,IA
71564,iowa_cafo_group_4155,0,42.99229,-94.56064,Active,IA
71565,iowa_cafo_group_4156,0,43.14445,-94.52687,Active,IA
71566,iowa_cafo_group_4157,3,43.11713,-92.44586,Active,IA
71568,iowa_cafo_group_4158,0,41.69327,-95.31149,Active,IA
71569,iowa_cafo_group_4159,3,43.17252,-91.71882,Active,IA
71570,iowa_cafo_group_0443,3,43.24025,-95.6886,Active,IA
71571,iowa_cafo_group_2111,3,42.78381,-91.84368,Active,IA
71572,iowa_cafo_group_1144,4,43.15606,-92.13711,Active,IA
71573,iowa_cafo_group_4160,3,41.65691,-95.65962,Active,IA
71574,iowa_cafo_group_4161,3,42.66426,-93.8321,Active,IA
71575,iowa_cafo_group_0006,0,42.93475,-96.38623,Active,IA
71576,iowa_cafo_group_0872,1,42.98941,-94.48134,Active,IA
71578,iowa_cafo_group_2781,4,41.32494,-91.36451,Active,IA
71579,iowa_cafo_group_0944,2,42.33586,-94.78,Active,IA
71580,iowa_cafo_group_4162,4,42.19633,-92.92754,Active,IA
71581,iowa_cafo_group_2211,4,41.33866,-91.56921,Active,IA
71582,iowa_cafo_group_2350,3,43.21254,-94.83154,Active,IA
71583,iowa_cafo_group_4163,1,41.32527,-91.42129,Active,IA
71585,iowa_cafo_group_1947,4,41.23386,-92.63947,Active,IA
71586,iowa_cafo_group_1760,2,42.60787,-96.05126,Active,IA
71587,iowa_cafo_group_3253,4,43.50019,-92.06915,Active,IA
71588,iowa_cafo_group_1369,2,42.37297,-92.10294,Active,IA
71589,iowa_cafo_group_0879,3,41.78786,-95.06854,Active,IA
71590,iowa_cafo_group_3765,2,42.01924,-95.67675,Active,IA
71591,iowa_cafo_group_1182,2,43.13718,-91.8637,Active,IA
71592,iowa_cafo_group_0782,2,42.73065,-95.03837,Active,IA
71593,iowa_cafo_group_2444,1,40.71574,-94.55194,Active,IA
71595,iowa_cafo_group_1096,4,42.58471,-94.75153,Active,IA
71597,iowa_cafo_group_0006,0,43.35999,-95.85267,Active,IA
71598,iowa_cafo_group_0006,0,43.45825,-96.34488,Active,IA
71599,iowa_cafo_group_0006,0,43.45825,-96.34488,Active,IA
71600,iowa_cafo_group_0012,3,41.08363,-95.15151,Active,IA
71601,iowa_cafo_group_4164,0,42.02438,-93.85192,Active,IA
71603,iowa_cafo_group_1270,2,41.64009,-90.62712,Active,IA
71604,iowa_cafo_group_0918,1,42.89568,-95.63317,Active,IA
71605,iowa_cafo_group_2167,2,42.23897,-94.63327,Active,IA
71606,iowa_cafo_group_4165,1,41.95208,-90.93673,Active,IA
71607,iowa_cafo_group_3060,1,42.25398,-95.07642,Active,IA
71608,iowa_cafo_group_4166,1,41.9974,-95.4259,Active,IA
71609,iowa_cafo_group_4167,3,42.04002,-95.164,Active,IA
71610,iowa_cafo_group_0069,3,43.28431,-94.53348,Active,IA
71611,iowa_cafo_group_4168,2,40.72959,-94.38134,Active,IA
71612,iowa_cafo_group_0393,2,41.52452,-91.7418,Active,IA
71613,iowa_cafo_group_0645,2,42.30962,-90.87345,Active,IA
71614,iowa_cafo_group_0799,1,43.26113,-94.46315,Active,IA
71615,iowa_cafo_group_1442,2,43.17899,-92.69325,Active,IA
71616,iowa_cafo_group_4169,4,43.46289,-93.65787,Active,IA
71617,iowa_cafo_group_1442,2,43.21258,-92.54237,Active,IA
71618,iowa_cafo_group_4170,2,42.92119,-92.52017,Active,IA
71619,iowa_cafo_group_0073,1,42.9311,-92.36756,Active,IA
71620,iowa_cafo_group_2434,2,43.13183,-92.1653,Active,IA
71621,iowa_cafo_group_0653,4,42.42198,-91.66455,Active,IA
71622,iowa_cafo_group_2775,0,43.09492,-92.36285,Active,IA
71623,iowa_cafo_group_1847,0,43.03658,-92.55351,Active,IA
71624,iowa_cafo_group_0420,4,42.98926,-92.22089,Active,IA
71625,iowa_cafo_group_0059,3,43.12745,-92.46882,Active,IA
71626,iowa_cafo_group_0717,4,43.0775,-92.16558,Active,IA
71627,iowa_cafo_group_0273,2,42.04163,-90.56492,Active,IA
71628,iowa_cafo_group_2330,4,42.96478,-92.29389,Active,IA
71629,iowa_cafo_group_4171,3,42.95668,-92.12224,Active,IA
71630,iowa_cafo_group_2697,2,42.51331,-92.1902,Active,IA
71631,iowa_cafo_group_2614,1,42.44134,-92.15176,Active,IA
71632,iowa_cafo_group_3400,4,42.39074,-92.18197,Active,IA
71633,iowa_cafo_group_3127,0,42.38504,-92.14863,Active,IA
71634,iowa_cafo_group_3828,4,42.43736,-92.18207,Active,IA
71635,iowa_cafo_group_0069,3,43.29888,-94.54479,Active,IA
71636,iowa_cafo_group_1028,2,41.10025,-91.41374,Active,IA
71637,iowa_cafo_group_4172,0,42.88579,-92.27086,Active,IA
71638,iowa_cafo_group_4173,0,41.35717,-91.23248,Active,IA
71639,iowa_cafo_group_1197,4,42.87316,-92.31648,Active,IA
71640,iowa_cafo_group_1194,2,42.76046,-92.15818,Active,IA
71641,iowa_cafo_group_4174,1,42.7457,-92.26212,Active,IA
71642,iowa_cafo_group_4175,0,42.73958,-92.36324,Active,IA
71643,iowa_cafo_group_0150,3,42.07564,-95.09662,Active,IA
71644,iowa_cafo_group_1166,1,42.74361,-92.19341,Active,IA
71645,iowa_cafo_group_2177,1,42.85928,-92.49979,Active,IA
71646,iowa_cafo_group_1203,4,42.79977,-92.26846,Active,IA
71647,iowa_cafo_group_4176,2,42.79555,-92.53564,Active,IA
71648,iowa_cafo_group_4177,3,41.73642,-95.65896,Active,IA
71649,iowa_cafo_group_2606,1,42.76958,-92.30799,Active,IA
71650,iowa_cafo_group_1194,2,42.73014,-92.1198,Active,IA
71651,iowa_cafo_group_0507,2,41.15528,-92.35334,Active,IA
71652,iowa_cafo_group_4178,1,42.4753,-91.41972,Active,IA
71653,iowa_cafo_group_1235,0,42.61039,-91.13598,Active,IA
71654,iowa_cafo_group_0136,2,42.30692,-91.15232,Active,IA
71655,iowa_cafo_group_4179,1,42.61971,-91.19594,Active,IA
71656,iowa_cafo_group_4180,3,42.56724,-91.32277,Active,IA
71657,iowa_cafo_group_3548,0,42.40338,-91.28035,Active,IA
71658,iowa_cafo_group_0875,4,42.42947,-91.48955,Active,IA
71659,iowa_cafo_group_0875,4,42.44239,-91.49643,Active,IA
71660,iowa_cafo_group_2698,4,42.58528,-92.20703,Active,IA
71661,iowa_cafo_group_2563,2,43.32609,-92.42577,Active,IA
71662,iowa_cafo_group_0006,0,43.3824,-95.92065,Active,IA
71663,iowa_cafo_group_0069,3,43.28503,-94.5805,Active,IA
71664,iowa_cafo_group_0006,0,43.36104,-96.04647,Active,IA
71665,iowa_cafo_group_0714,2,43.06823,-92.04185,Active,IA
71666,iowa_cafo_group_0006,0,43.2726,-96.13593,Active,IA
71667,iowa_cafo_group_0871,1,42.99588,-93.48709,Active,IA
71668,iowa_cafo_group_2610,3,42.9725,-94.16731,Active,IA
71669,iowa_cafo_group_3125,2,42.50676,-91.37117,Active,IA
71670,iowa_cafo_group_4181,3,41.21462,-93.51804,Active,IA
71673,iowa_cafo_group_1098,3,41.58733,-91.76615,Active,IA
71674,iowa_cafo_group_0393,2,41.53498,-91.73186,Active,IA
71675,iowa_cafo_group_0393,2,41.51238,-91.74225,Active,IA
71676,iowa_cafo_group_4182,4,42.27663,-95.14842,Active,IA
71677,iowa_cafo_group_0782,2,42.57702,-94.97333,Active,IA
71678,iowa_cafo_group_0782,2,42.5752,-94.97208,Active,IA
71679,iowa_cafo_group_1121,4,43.31433,-93.61603,Active,IA
71680,iowa_cafo_group_1036,1,42.70716,-95.46066,Active,IA
71681,iowa_cafo_group_0006,0,43.42937,-96.29333,Active,IA
71682,iowa_cafo_group_4183,3,41.41372,-94.62325,Active,IA
71683,iowa_cafo_group_2342,3,42.82513,-92.06323,Active,IA
71684,iowa_cafo_group_0006,0,43.13343,-96.09919,Active,IA
71685,iowa_cafo_group_0393,2,41.5237,-91.75888,Active,IA
71686,iowa_cafo_group_3489,3,41.63026,-92.4328,Active,IA
71687,iowa_cafo_group_3587,1,40.87004,-94.53533,Active,IA
71688,iowa_cafo_group_0006,0,43.4763,-96.24593,Active,IA
71689,iowa_cafo_group_2306,3,42.44767,-90.99564,Active,IA
71690,iowa_cafo_group_4184,1,41.02224,-91.31037,Active,IA
71691,iowa_cafo_group_1688,2,41.37531,-91.50381,Active,IA
71693,iowa_cafo_group_0293,4,42.67409,-95.78065,Active,IA
71694,iowa_cafo_group_2485,4,42.32526,-91.31565,Active,IA
71695,iowa_cafo_group_4185,3,42.67926,-91.76502,Active,IA
71696,iowa_cafo_group_4186,3,42.71236,-91.76373,Active,IA
71697,iowa_cafo_group_1096,4,42.59377,-94.73844,Active,IA
71699,iowa_cafo_group_1086,4,43.01286,-95.60391,Active,IA
71700,iowa_cafo_group_0006,0,43.31649,-96.29533,Active,IA
71701,iowa_cafo_group_3800,4,43.42712,-91.95258,Active,IA
71702,iowa_cafo_group_1306,0,41.08412,-91.30971,Active,IA
71703,iowa_cafo_group_1861,1,43.02263,-94.10174,Active,IA
71704,iowa_cafo_group_3289,1,41.05294,-91.85164,Active,IA
71705,iowa_cafo_group_4187,0,41.95903,-92.72926,Active,IA
71706,iowa_cafo_group_1253,2,41.3516,-92.69882,Active,IA
71707,iowa_cafo_group_1091,3,41.41634,-91.94721,Active,IA
71708,iowa_cafo_group_3882,0,42.49158,-90.88908,Active,IA
71709,iowa_cafo_group_0545,4,42.23915,-93.32052,Active,IA
71710,iowa_cafo_group_1237,4,43.08965,-94.95309,Active,IA
71711,iowa_cafo_group_2875,4,41.82988,-94.25961,Active,IA
71713,iowa_cafo_group_4188,2,41.07488,-91.19758,Active,IA
71714,iowa_cafo_group_1201,1,42.79296,-92.92587,Active,IA
71715,iowa_cafo_group_0006,0,43.45286,-96.48689,Active,IA
71716,iowa_cafo_group_0872,1,42.97878,-94.37543,Active,IA
71717,iowa_cafo_group_0069,3,43.2699,-94.55227,Active,IA
71719,iowa_cafo_group_0782,2,42.66737,-94.99445,Active,IA
71720,iowa_cafo_group_4189,4,41.12888,-91.27252,Active,IA
71721,iowa_cafo_group_0006,0,43.44134,-96.27427,Active,IA
71722,iowa_cafo_group_4190,0,42.51646,-91.2565,Active,IA
71723,iowa_cafo_group_1249,2,42.35753,-91.40541,Active,IA
71724,iowa_cafo_group_0024,3,41.39281,-95.60777,Active,IA
71725,iowa_cafo_group_4191,3,40.90761,-91.96708,Active,IA
71726,iowa_cafo_group_4192,3,40.95254,-91.91124,Active,IA
71727,iowa_cafo_group_0026,2,42.10767,-94.84622,Active,IA
71728,iowa_cafo_group_1369,2,42.37189,-92.10106,Active,IA
71730,iowa_cafo_group_4193,2,41.1799,-95.81446,Active,IA
71731,iowa_cafo_group_3124,2,40.72663,-92.15991,Active,IA
71732,iowa_cafo_group_4194,2,43.19739,-94.27881,Active,IA
71734,iowa_cafo_group_0645,2,42.3078,-90.84429,Active,IA
71735,iowa_cafo_group_0872,1,42.98178,-94.3938,Active,IA
71736,iowa_cafo_group_0872,1,43.02413,-94.35694,Active,IA
71738,iowa_cafo_group_0006,0,43.01015,-96.43097,Active,IA
71739,iowa_cafo_group_0006,0,43.00122,-96.43084,Active,IA
71740,iowa_cafo_group_4195,0,41.5969,-94.88922,Active,IA
71741,iowa_cafo_group_4196,1,41.09945,-94.10307,Active,IA
71742,iowa_cafo_group_4197,0,42.22417,-95.75907,Active,IA
71743,iowa_cafo_group_4194,2,43.19741,-94.26921,Active,IA
71744,iowa_cafo_group_3795,0,43.48823,-93.54637,Active,IA
71745,iowa_cafo_group_1600,0,41.98973,-93.21196,Active,IA
71746,iowa_cafo_group_1642,4,42.71299,-96.29136,Active,IA
71747,iowa_cafo_group_1024,1,42.77899,-94.73885,Active,IA
71748,iowa_cafo_group_0755,4,42.54914,-93.4204,Active,IA
71751,iowa_cafo_group_4198,1,41.86201,-90.78063,Active,IA
71752,iowa_cafo_group_4199,4,40.76731,-91.71877,Active,IA
71753,iowa_cafo_group_1370,3,43.14542,-94.58017,Active,IA
71754,iowa_cafo_group_2210,1,41.42203,-92.02568,Active,IA
71756,iowa_cafo_group_4200,1,42.13517,-96.09163,Active,IA
71758,iowa_cafo_group_4201,0,41.67386,-92.16083,Active,IA
71759,iowa_cafo_group_4202,1,41.9347,-94.31481,Active,IA
71760,iowa_cafo_group_0140,2,42.83757,-96.4802,Active,IA
71761,iowa_cafo_group_4203,3,42.59025,-90.79093,Active,IA
71762,iowa_cafo_group_1967,3,40.93588,-94.03824,Active,IA
71763,iowa_cafo_group_4204,0,43.47446,-94.10781,Active,IA
71764,iowa_cafo_group_2639,2,43.06008,-91.23932,Active,IA
71765,iowa_cafo_group_0006,0,42.93514,-96.50898,Active,IA
71766,iowa_cafo_group_2124,3,43.01439,-91.82601,Active,IA
71767,iowa_cafo_group_2610,3,42.98317,-94.14958,Active,IA
71768,iowa_cafo_group_4067,4,43.45135,-92.63446,Active,IA
71769,iowa_cafo_group_0483,4,42.96419,-95.76165,Active,IA
71770,iowa_cafo_group_0006,0,43.41764,-96.3212,Active,IA
71771,iowa_cafo_group_1676,1,42.9032,-94.40288,Active,IA
71772,iowa_cafo_group_1028,2,41.09259,-91.40961,Active,IA
71774,iowa_cafo_group_1111,3,41.32469,-91.80461,Active,IA
71775,iowa_cafo_group_4205,3,41.4943,-95.60459,Active,IA
71776,iowa_cafo_group_4206,2,41.71703,-94.194,Active,IA
71778,iowa_cafo_group_0443,3,43.22574,-95.74483,Active,IA
71779,iowa_cafo_group_4207,2,42.68809,-94.25849,Active,IA
71780,iowa_cafo_group_0006,0,43.14222,-96.36879,Active,IA
71781,iowa_cafo_group_0799,1,43.27672,-94.46295,Active,IA
71782,iowa_cafo_group_3445,2,42.73172,-91.61814,Active,IA
71783,iowa_cafo_group_4208,1,40.83629,-94.43054,Active,IA
71784,iowa_cafo_group_3303,1,43.24124,-94.9,Active,IA
71785,iowa_cafo_group_0127,2,41.35165,-91.8949,Active,IA
71786,iowa_cafo_group_1264,3,41.37975,-91.36823,Active,IA
71787,iowa_cafo_group_3324,2,42.20909,-90.78225,Active,IA
71789,iowa_cafo_group_4209,2,40.91444,-95.10986,Active,IA
71790,iowa_cafo_group_3905,3,41.60218,-94.70425,Active,IA
71791,iowa_cafo_group_0269,1,42.06842,-94.93404,Active,IA
71792,iowa_cafo_group_1356,2,42.84978,-93.26396,Active,IA
71793,iowa_cafo_group_4210,3,40.68301,-95.70201,Active,IA
71794,iowa_cafo_group_1442,2,43.18402,-92.64959,Active,IA
71795,iowa_cafo_group_4211,3,42.51086,-90.77375,Active,IA
71796,iowa_cafo_group_0872,1,43.00952,-94.4658,Active,IA
71797,iowa_cafo_group_0006,0,43.44453,-96.50588,Active,IA
71798,iowa_cafo_group_0006,0,43.47635,-95.70248,Active,IA
71801,iowa_cafo_group_3228,3,40.61998,-93.88191,Active,IA
71802,iowa_cafo_group_4212,2,42.17419,-90.48326,Active,IA
71803,iowa_cafo_group_1652,2,43.11288,-92.2483,Active,IA
71805,iowa_cafo_group_1668,2,42.47929,-91.16876,Active,IA
71806,iowa_cafo_group_4213,3,40.85563,-94.72977,Active,IA
71807,iowa_cafo_group_4214,3,41.57675,-91.34921,Active,IA
71808,iowa_cafo_group_0905,4,42.37597,-93.16199,Active,IA
71809,iowa_cafo_group_0999,2,42.72043,-92.69307,Active,IA
71810,iowa_cafo_group_0545,4,42.39779,-93.35538,Active,IA
71811,iowa_cafo_group_0872,1,43.06693,-94.52116,Active,IA
71812,iowa_cafo_group_0227,4,41.23252,-91.58271,Active,IA
71813,iowa_cafo_group_0006,0,43.46154,-96.30489,Active,IA
71814,iowa_cafo_group_0136,2,42.3451,-91.1229,Active,IA
71815,iowa_cafo_group_4215,4,42.61205,-90.71805,Active,IA
71816,iowa_cafo_group_3234,2,41.98908,-90.70188,Active,IA
71817,iowa_cafo_group_4216,4,43.36952,-91.57744,Active,IA
71818,iowa_cafo_group_4217,1,43.26103,-91.59334,Active,IA
71819,iowa_cafo_group_0721,2,43.26968,-92.22931,Active,IA
71820,iowa_cafo_group_4217,1,43.26223,-91.5916,Active,IA
71821,iowa_cafo_group_1077,2,42.86041,-96.03428,Active,IA
71822,iowa_cafo_group_1024,1,42.7428,-94.7179,Active,IA
71823,iowa_cafo_group_0429,1,42.32096,-95.03702,Active,IA
71824,iowa_cafo_group_0807,1,43.37106,-92.5943,Active,IA
71825,iowa_cafo_group_4218,2,43.28387,-92.03987,Active,IA
71827,iowa_cafo_group_0006,0,43.42055,-96.51155,Active,IA
71828,iowa_cafo_group_0155,3,42.4743,-94.9583,Active,IA
71829,iowa_cafo_group_0782,2,42.6761,-94.92154,Active,IA
71830,iowa_cafo_group_4219,2,43.09855,-91.43485,Active,IA
71831,iowa_cafo_group_1628,4,43.38596,-95.39799,Active,IA
71832,iowa_cafo_group_1192,2,42.49922,-93.62647,Active,IA
71833,iowa_cafo_group_1671,1,42.68796,-93.53932,Active,IA
71834,iowa_cafo_group_0738,3,42.63642,-93.42118,Active,IA
71835,iowa_cafo_group_1735,0,42.20229,-94.61952,Active,IA
71836,iowa_cafo_group_1388,3,43.19646,-91.27241,Active,IA
71837,iowa_cafo_group_0025,2,41.53129,-94.88843,Active,IA
71838,iowa_cafo_group_0959,1,42.26685,-93.13112,Active,IA
71839,iowa_cafo_group_4220,4,42.25379,-91.93785,Active,IA
71840,iowa_cafo_group_0872,1,43.01749,-94.48175,Active,IA
71841,iowa_cafo_group_4221,3,42.4184,-93.1842,Active,IA
71842,iowa_cafo_group_3369,2,42.71911,-91.72367,Active,IA
71843,iowa_cafo_group_2406,1,43.21544,-92.33275,Active,IA
71844,iowa_cafo_group_2786,4,42.70983,-92.08066,Active,IA
71845,iowa_cafo_group_4204,0,43.46589,-94.1085,Active,IA
71846,iowa_cafo_group_0678,1,43.01693,-93.67546,Active,IA
71847,iowa_cafo_group_0132,1,41.22738,-92.72103,Active,IA
71848,iowa_cafo_group_1407,1,43.08292,-93.63612,Active,IA
71849,iowa_cafo_group_2850,2,42.26205,-91.91039,Active,IA
71850,iowa_cafo_group_4222,4,43.49547,-94.05075,Active,IA
71851,iowa_cafo_group_2346,3,42.66521,-91.08429,Active,IA
71852,iowa_cafo_group_2149,3,43.2695,-92.17488,Active,IA
71858,iowa_cafo_group_0872,1,43.03831,-94.47102,Active,IA
71859,iowa_cafo_group_0670,3,41.30573,-95.76365,Active,IA
71861,iowa_cafo_group_4223,4,42.64192,-91.21248,Active,IA
71862,iowa_cafo_group_0275,2,41.97865,-91.24902,Active,IA
71863,iowa_cafo_group_1074,2,43.47388,-92.59929,Active,IA
71865,iowa_cafo_group_2393,1,43.09393,-91.79994,Active,IA
71866,iowa_cafo_group_4224,0,42.71934,-93.95532,Active,IA
71869,iowa_cafo_group_4225,1,42.79522,-92.61371,Active,IA
71870,iowa_cafo_group_3898,2,41.79431,-95.8821,Active,IA
71871,iowa_cafo_group_3661,3,42.77957,-92.59886,Active,IA
71872,iowa_cafo_group_4226,1,41.66997,-95.38317,Active,IA
71873,iowa_cafo_group_1312,1,42.3179,-92.87179,Active,IA
71874,iowa_cafo_group_4227,0,42.06737,-90.92609,Active,IA
71875,iowa_cafo_group_0006,0,43.00513,-96.1159,Active,IA
71876,iowa_cafo_group_4228,0,41.61653,-95.82431,Active,IA
71877,iowa_cafo_group_0387,3,43.16664,-95.44805,Active,IA
71878,iowa_cafo_group_4229,2,43.16871,-94.25852,Active,IA
71879,iowa_cafo_group_1295,4,43.28446,-94.18625,Active,IA
71880,iowa_cafo_group_0573,2,43.10962,-92.59215,Active,IA
71881,iowa_cafo_group_0006,0,43.41991,-95.94471,Active,IA
71882,iowa_cafo_group_1117,3,42.86298,-91.31028,Active,IA
71883,iowa_cafo_group_2797,3,41.76142,-91.21003,Active,IA
71884,iowa_cafo_group_2907,4,43.50048,-92.24783,Active,IA
71885,iowa_cafo_group_4230,2,43.41622,-93.39017,Active,IA
71886,iowa_cafo_group_4231,1,43.2391,-91.16166,Active,IA
71887,iowa_cafo_group_0127,2,41.3729,-91.75428,Active,IA
71888,iowa_cafo_group_4232,4,41.89225,-94.46693,Active,IA
71889,iowa_cafo_group_1813,2,42.57101,-91.66142,Active,IA
71890,iowa_cafo_group_4233,3,42.17805,-90.86829,Active,IA
71891,iowa_cafo_group_4234,1,43.24275,-94.04685,Active,IA
71892,iowa_cafo_group_2505,3,41.71746,-94.82918,Active,IA
71893,iowa_cafo_group_0872,1,43.01054,-94.45544,Active,IA
71894,iowa_cafo_group_0763,1,43.29816,-94.2568,Active,IA
71895,iowa_cafo_group_3133,2,40.82561,-95.67023,Active,IA
71896,iowa_cafo_group_1074,2,43.49608,-92.5308,Active,MN
71897,iowa_cafo_group_0006,0,42.97366,-96.07551,Active,IA
71898,iowa_cafo_group_0623,2,42.37503,-91.2796,Active,IA
71899,iowa_cafo_group_0171,2,42.37326,-95.86615,Active,IA
71900,iowa_cafo_group_1327,3,41.50121,-91.36771,Active,IA
71901,iowa_cafo_group_0006,0,42.9461,-96.19626,Active,IA
71902,iowa_cafo_group_1291,1,42.70715,-95.96548,Active,IA
71903,iowa_cafo_group_1091,3,41.44439,-91.8866,Active,IA
71904,iowa_cafo_group_4235,4,42.41271,-90.72338,Active,IA
71905,iowa_cafo_group_0255,4,42.10023,-94.99382,Active,IA
71906,iowa_cafo_group_1090,3,42.75786,-91.9638,Active,IA
71907,iowa_cafo_group_2420,1,43.24844,-94.69747,Active,IA
71908,iowa_cafo_group_0718,3,43.39967,-92.57743,Active,IA
71909,iowa_cafo_group_0227,4,41.22474,-91.58338,Active,IA
71910,iowa_cafo_group_4236,0,41.98906,-92.22161,Active,IA
71911,iowa_cafo_group_0006,0,43.22831,-96.1321,Active,IA
71912,iowa_cafo_group_1388,3,43.22337,-91.2602,Active,IA
71913,iowa_cafo_group_2972,3,42.03406,-90.94336,Active,IA
71914,iowa_cafo_group_0006,0,43.25909,-96.37505,Active,IA
71916,iowa_cafo_group_4237,1,41.44214,-94.87225,Active,IA
71917,iowa_cafo_group_3256,0,41.56729,-91.19166,Active,IA
71918,iowa_cafo_group_3303,1,43.25497,-94.90063,Active,IA
71919,iowa_cafo_group_0850,4,41.3894,-92.57276,Active,IA
71920,iowa_cafo_group_4238,2,42.58979,-91.95761,Active,IA
71921,iowa_cafo_group_4239,1,41.94026,-92.82438,Active,IA
71922,iowa_cafo_group_0006,0,43.41829,-95.79604,Active,IA
71923,iowa_cafo_group_4240,3,41.70318,-91.71683,Active,IA
71924,iowa_cafo_group_2085,3,41.68346,-90.85121,Active,IA
71925,iowa_cafo_group_0857,2,41.72824,-91.02314,Active,IA
71926,iowa_cafo_group_1566,0,41.29304,-94.92717,Active,IA
71927,iowa_cafo_group_3084,2,41.65649,-90.86049,Active,IA
71928,iowa_cafo_group_3366,4,43.29986,-91.33399,Active,IA
71929,iowa_cafo_group_2198,4,42.16003,-92.48521,Active,IA
71931,iowa_cafo_group_4241,1,41.0394,-94.83285,Active,IA
71932,iowa_cafo_group_4242,2,43.34495,-91.45539,Active,IA
71933,iowa_cafo_group_4242,2,43.34933,-91.45775,Active,IA
71934,iowa_cafo_group_2504,1,43.49975,-92.32749,Active,IA
71935,iowa_cafo_group_2504,1,43.50006,-92.33571,Active,IA
71936,iowa_cafo_group_2504,1,43.48849,-92.33578,Active,IA
71937,iowa_cafo_group_2308,4,41.65503,-92.90365,Active,IA
71938,iowa_cafo_group_0721,2,43.28479,-92.23342,Active,IA
71939,iowa_cafo_group_4243,2,41.267,-94.267,Active,IA
71940,iowa_cafo_group_4244,0,42.508,-90.95957,Active,IA
71941,iowa_cafo_group_0621,3,42.00891,-94.64128,Active,IA
71945,iowa_cafo_group_0006,0,43.17062,-96.22622,Active,IA
71947,iowa_cafo_group_0006,0,43.37891,-96.06367,Active,IA
71954,iowa_cafo_group_0006,0,43.38613,-96.32814,Active,IA
