checkout,relative_report,bytes,sha256,scope,decision
ersrr-ordinal-win,baseline_results.json,145294,307d51578378c0aacc5480dcb0f8bb02b0740daea57c431179b8d5379b4934fd,,
ersrr-ordinal-win,BASELINE_RESULTS.md,1879,362b2b8686ea90d4e57022e4ce1bfd74c16ca3d5b9674743d78a3d7c540ba534,,
ersrr-ordinal-win,ch4net_released_model_baseline.json,3560,8b2daae7f3e102a58475a763d2a37ebdd1c1cd1de9428328ed98d2fe854c7a36,released_ch4net_on_frozen_strict_spatial_development_cohort,
ersrr-ordinal-win,CH4NET_RELEASED_MODEL_BASELINE.md,875,14431f001ef841b28205c4a451c6cee7e13b0628008cdd90f27d2b4185b96041,,
ersrr-ordinal-win,cloudsen12_fresh_negative_cdf_spatial_prithvi.json,6525,ef401d27120b7986af2bdc8dc71734d53c64db4d0466880090face82e09dbf8a,post-test fresh external-negative safety replay for tail-calibrated spatial-Prithvi ensemble,Authorize frozen exact MARS paper evaluation.
ersrr-ordinal-win,CLOUDSEN12_FRESH_NEGATIVE_CDF_SPATIAL_PRITHVI.md,430,269cf60a0d7fa06f13c355035de747394040409ab9a51fe827a429e0dcf69583,,
ersrr-ordinal-win,cloudsen12_fresh_spatial_prithvi_evaluation.json,6044,0bc514eec21e40bb194734e9b196e0e9d4b1fd1d243df2996a153933b1cfcd2e,one-shot fresh external-negative safety evaluation for spatial-Prithvi ensemble,Reject ensemble before exact MARS paper evaluation.
ersrr-ordinal-win,CLOUDSEN12_FRESH_SPATIAL_PRITHVI_EVALUATION.md,289,aa72d6a9784093a06570a35ef791937b566498f1fc6452f13d8443c362870b29,,
ersrr-ordinal-win,cloudsen12_fresh_tail_calibrated_spatial_prithvi.json,6533,439dc04d5dfa9deb7cf8921290f644c105e551fc5b486ab7e6d0ee7b4bdd9727,post-test fresh external-negative safety replay for tail-calibrated spatial-Prithvi ensemble,Reject calibrated ensemble before exact MARS paper evaluation.
ersrr-ordinal-win,CLOUDSEN12_FRESH_TAIL_CALIBRATED_SPATIAL_PRITHVI.md,431,ac7f61626371308b1637f1076421b5a59008c25c202bd21951d02e0c13493a1d,,
ersrr-ordinal-win,cloudsen12_fresh_test_scene_head_evaluation.json,6600,2777cc0b4b4929ed68301f6b13a691d0e8d8c91aecba8a83cc639a1d950e21bc,one-shot fresh external-negative safety evaluation; exact MARS paper cache unopened,Authorize the fixed candidate for exact MARS paper evaluation.
ersrr-ordinal-win,CLOUDSEN12_FRESH_TEST_SCENE_HEAD_EVALUATION.md,518,aae82d3384e5b19b842168e7b3d6a761ff7312ba9fc96438f83540df59dc1a05,,
ersrr-ordinal-win,emit_v002_external_confirmation.json,70318,9754c91b8ec54e8e137191195cb28d05f4d1fa8c5ef87d8dfdd8163f289d2c27,once_only_emit_v002_external_positive_confirmation,
ersrr-ordinal-win,EMIT_V002_EXTERNAL_CONFIRMATION.md,1073,73100740d0efb00cd7a7ff452ee14bebb8fcd06057a2c24a40417c04b6bcbe6a,,
ersrr-ordinal-win,emit_v002_external_posthoc_diagnostic.json,378283,c87a9c01aed9a13b245d2ffca4f68a1fcf758b032a380fec7e0bc8c4c669949c,frozen_emit_v002_external_posthoc_diagnostic_no_tuning,
ersrr-ordinal-win,EMIT_V002_EXTERNAL_POSTHOC_DIAGNOSTIC.md,2693,1000fbb2752c1c8c2f579828cc1fbb0b556f37baccd1fa07e07f676d1d01c98e,,
ersrr-ordinal-win,mars_adaptive_prithvi_development_scores.json,989,6fbf152fe2030d8aa8f8367580a68fff0f09d2b510c02fe891ba9a0eb45d6458,deterministic adaptive Prithvi development score reproduction; paper cache not loaded,
ersrr-ordinal-win,mars_adaptive_prithvi_paper_posttest.json,7675,9a37b84e410943953f3959a4ca8ae2c3d79db5cd90cb494bd1e695db30aca5f6,transparent post-test adaptive Prithvi replay on exact MARS-S2L comparator,Reject adaptive Prithvi as final successor; at least one exact paper gate fails.
ersrr-ordinal-win,MARS_ADAPTIVE_PRITHVI_PAPER_POSTTEST.md,700,1eb684565aa885ebed788a6cd09edbb9bbf3729d6f40a8f2174e55f522e165f3,,
ersrr-ordinal-win,mars_adaptive_prithvi_probe.json,20955,3a0478d9abdb94a76815744cefcf7ac181765c20e2969a7a40f310f272a03a8b,five-fold unlabeled-target adaptive Prithvi probe; paper cache not loaded,Freeze adaptive Prithvi probe for one label-free paper adaptation.
ersrr-ordinal-win,MARS_ADAPTIVE_PRITHVI_PROBE.md,378,d02929e8d5b6b240e5661a2ac89cb8a436b561220d800aa8029ece912c329149,,
ersrr-ordinal-win,mars_all_development_scene_refit_paper_posttest.json,7052,d101752cd3764da055746e5738ed58a9bfa28366575690bc5a66a8d8cd648b71,transparent post-test replay of fixed all-development refit on exact paper rows,Reject the all-development refit; at least one exact paper scene gate fails.
ersrr-ordinal-win,MARS_ALL_DEVELOPMENT_SCENE_REFIT_PAPER_POSTTEST.md,578,9df76d871faeb0e9cd15221bbb2d99b023e4ddc5cc711193b5fa6eccd63eabbb,,
ersrr-ordinal-win,mars_anchored_full_finetune_pilot.json,49704,1d870c08e27111859e03d10c0479bf15297e19203c4837f687027dd4b7f0cba1,fold-3/fold-4 cross-fit of weight-space-anchored full released-U-Net adaptation with source-disjoint exact-L1C auxiliary supervision,"Reject this architecture before external development, fold 2, or official-test scoring."
ersrr-ordinal-win,MARS_ANCHORED_FULL_FINETUNE_PILOT.md,474,8fdcf31147e5806cb7591f227c2debfef0230bb1b715036c43bcc3e527b87bf7,,
ersrr-ordinal-win,mars_causal_residual_ranker_folds34.json,69640,8c816b02401f234f4b3b30cc15ee94383daa9acc92d1fe7ff3dbc0cdf93e74d2,folds-3/4 baseline-preserving causal residual cross-fit,Reject baseline-preserving causal residual ranking before fold-0/1/2 or external access.
ersrr-ordinal-win,MARS_CAUSAL_RESIDUAL_RANKER_FOLDS34.md,1217,bccb4d872f8273a9ad4fcc2a8fb33298671af4bae5e3ad5c2fb8549b58974eed,,
ersrr-ordinal-win,mars_cloudsen12_negative_augmented_xgboost.json,14793,0255a3202b47ab7f038f87832d51ca0bfa32ba2dab2b07375beb3131903712c9,development-only CloudSEN12-negative scene complement; no paper or CloudSEN12 test outcomes loaded,Reject the CloudSEN12-negative branch before any sealed-negative or paper replay.
ersrr-ordinal-win,MARS_CLOUDSEN12_NEGATIVE_AUGMENTED_XGBOOST.md,612,fc5eeb70f5983c47badfc8b4d03c5291888ee4e986c18399c63f0a938ea0b4b2,,
ersrr-ordinal-win,mars_cloudsen12_spatial_augmented_xgboost.json,26657,824e6694138f95dbaf1616f79a0d711eee94bc140df3e5c0cf5bc9b367c1cf1c,development-only CloudSEN12+ spatial-negative augmentation; paper test not loaded,Reject the spatial-negative scene complement before paper-cache replay.
ersrr-ordinal-win,MARS_CLOUDSEN12_SPATIAL_AUGMENTED_XGBOOST.md,586,e390b7e2636ee2bad3114c5dce4f3d8994e40842f364f8aec65816765f5522bf,,
ersrr-ordinal-win,mars_context_scene_ranker_fold0.json,4717,a08ab9bd0bf550e132277aced17f01410fa5f0a5a532188bc21be40189647c58,one-shot site-context fold-0 architecture selection; fold 1 and paper test not loaded,Reject the frozen site-context architecture on fold 0.
ersrr-ordinal-win,MARS_CONTEXT_SCENE_RANKER_FOLD0.md,420,edcf206212ac42c0917646f28a28f2b2046e4c392f1df634ab11b5f3c11d86f5,,
ersrr-ordinal-win,mars_context_scene_ranker_inner_fold2.json,75047,c247c1326bbd621d0148d4fffb2045f1fe4f132c134b449f9c9238f4bec23bfa,"site-context inner selection: train folds 3-4, validate fold 2",Refit the context head on folds 2-4 and freeze its fold-0 evaluation.
ersrr-ordinal-win,MARS_CONTEXT_SCENE_RANKER_INNER_FOLD2.md,413,267d1d57b6706eb659d8605488ff07fae3da3d9b47fc04857258b30f11be7574,,
ersrr-ordinal-win,mars_counterfactual_scene_ranker_folds34.json,180305,faae5ec16a0caa740564073ca5f7cdbbe8d65a1692dec552662e95c5cfa3b76f,"development folds 3/4 honest cross-fit; no folds 0/1/2, exact-paper, or fresh-external access",Reject this counterfactual ranker family before any fold-0/1/2 or external extraction.
ersrr-ordinal-win,MARS_COUNTERFACTUAL_SCENE_RANKER_FOLDS34.md,330,8b651fed25172317e751a317e39d5a88b58ba0cb6a27d813588dcc77c799c1e3,,
ersrr-ordinal-win,mars_crossfold_bagged_scene_head.json,26776,d9d8da26df1912ac62ae71c32ba8bab108d28f5367feed59656fb8a0d118760e,five-fold nested OOF development selection; paper cache not loaded,Reject crossfold bagging before paper-cache scoring.
ersrr-ordinal-win,MARS_CROSSFOLD_BAGGED_SCENE_HEAD.md,611,87d1fa101f065b8ba73f84bba6997175bf7741f6ca72a9552097dac275f95087,,
ersrr-ordinal-win,mars_crossfold_bagged_trust_region.json,30805,e52b74527eba291c9ac0e94be7a4efe483d5c4714738dce062bc8a41627e12d2,five-fold nested OOF trust-region selection; paper cache not loaded,Reject the bagged trust region before paper-cache scoring.
ersrr-ordinal-win,MARS_CROSSFOLD_BAGGED_TRUST_REGION.md,591,a44872fe7688ffc101d3f3a64840c90e695d2dc5b698da2f455df47869552f65,,
ersrr-ordinal-win,mars_crossfold_hard_positive_bagging.json,67550,f3a67223b3d0012f3be14ab8ba21df1910662822313c64a876e09f9c5e8535f7,five-fold nested OOF hard-positive bagging; paper cache not loaded,Reject hard-positive crossfold bagging before paper-cache scoring.
ersrr-ordinal-win,MARS_CROSSFOLD_HARD_POSITIVE_BAGGING.md,666,8b889a5af8f2ffb1f602a888ebafb2a1c7c1cf01cad42f4e544548eed2088755,,
ersrr-ordinal-win,mars_dense_ap_honest_crossfit_ranker_internal_rejection.json,4566,b137fe9e244d794ec406b20a3d16f666aa3f5ecfba3a6e8f058aeb96aba59b5e,internal-only AP residual ranker selection on honest fold-3/4 dense-Prithvi features,"Retire this dense scene-ranker branch. Do not evaluate fold 2, write an artifact, start five-fold refitting, or access external inputs."
ersrr-ordinal-win,mars_dense_ap_residual_ranker.json,24743,21388fa3e45730bfef7b1c2f7abe4b02a83ce2d62a3a69e14b8f0da2a459c017,AP-focused residual ranker on frozen dense-Prithvi development features,Reject the dense AP residual before full cross-fit or external scoring.
ersrr-ordinal-win,MARS_DENSE_AP_RESIDUAL_RANKER.md,374,dbeea72794c1aa9818b13b4cc37234c443cbdb14c12f19b7eef62be386fe82fe,,
ersrr-ordinal-win,mars_dense_invariant_complementary_pair.json,64380,997642cf21c5957d97760d76d6674526b6615882f55d93b44884fce617bf2a9a,exploratory complementary invariant anchor and rare-site booster on honest dense-Prithvi development features,Freeze the selected complementary pair for fold-2 confirmation.
ersrr-ordinal-win,mars_dense_invariant_global_shrinkage.json,37664,f3228425fe595c2363d5b3d17831aee103b022f775088bfd8ac0c4d96075b57f,post-fold2-failure uniform shrinkage of the fixed invariant pair using folds 3+4 only,Freeze the selected global shrinkage for folds-0/1 confirmation.
ersrr-ordinal-win,mars_dense_invariant_nonlinear_residuals.json,103090,d9b1b9b31e1945518887e4f8f5d0d1e5b32c0928a36d804b3b8320c74ee7af8e,exploratory label-free nonlinear gates over direction-stable honest dense-Prithvi development residuals,Retire invariant nonlinear residual gates before fold 2 or external access.
ersrr-ordinal-win,mars_dense_invariant_pair_fold2.json,9732,f3554d9675c0415ebfc90029d1faaf8d7cb90163b0b92fbd35938c916be067bb,one-shot fixed-candidate fold-2 confirmation,Retire the fixed pair before fresh or exact-paper evaluation; resume development research without reusing fold 2.
ersrr-ordinal-win,mars_dense_invariant_shrinkage_folds01.json,11090,7e921fa2f7134bd5bd82477ab76c345eefbccc4053eadf2815b265f3754a63eb,one-shot fixed-shrinkage folds-0/1 confirmation,Retire this shrinkage before fresh or exact-paper access and resume research without reusing folds 0/1/2.
ersrr-ordinal-win,mars_dense_invariant_site_linear_ranker.json,163304,a2324364e2e0961a70ec75b40484a18759909d8b1fac388f082e1d227b12588d,exploratory cross-fitted invariant site-balanced sparse linear ranker on honest dense-Prithvi development features,Retire this invariant site-linear ranker family before fold 2 or external access.
ersrr-ordinal-win,mars_dense_invariant_smooth_site_trust.json,32692,9a96633535c1608638917bd5fb7d134484caca02459629f27eccd3ded88747ec,post-fold2-failure smooth label-free site trust on the fixed invariant pair using folds 3+4 only,Retire smooth site-trust routing before folds 0/1 or external access.
ersrr-ordinal-win,mars_dense_invariant_univariate_exploration.json,16749,217bc3484bcc75a826b2630186b7ead271d7115cb4577dbd7f979a20826d2ef1,exploratory invariant-univariate audit on honest dense-Prithvi development features,Freeze the selected sparse signal in a separate protocol before fold 2.
ersrr-ordinal-win,mars_dense_invariant_unseen_site_router.json,89617,6564bd0ff88b0b2df3f58f2b03bcee4eb56773421620055e59cf7f82005f8185,post-fold2-failure development-only label-free unseen-site routing on folds 3+4,Freeze the selected router for independent folds-0/1 confirmation.
ersrr-ordinal-win,mars_dense_invariant_unseen_site_router_adjudication.json,1257,5656e4df41309d14ebed06404cadbf54c8089341b0ea4d66517de5e9ee822ee1,cross-experiment promotion adjudication for the label-free unseen-site router,Reject the router family: its only development passer routes every unseen site and is exactly the fixed pair already rejected on independent fold 2.
ersrr-ordinal-win,mars_dense_prithvi_crossfit_representations.json,10540,101b96ed361bd322a1951e40c6e24ed6cb255ddbc5972f721b295fd5e3048055,honest fold-3/4 crossfit dense-Prithvi representation endpoints,
ersrr-ordinal-win,mars_dense_prithvi_fold2_excluding_adapter.json,3287,f060d8fdb8b012100ba55a48f25a905f4cb76c381e0cf6de53f40e2a8103d350,fit-only dense-Prithvi adapter on folds 3+4 for one-shot fold-2 feature extraction,
ersrr-ordinal-win,mars_dense_prithvi_folds01_excluding_adapter.json,3410,a435292b1eb52f2efb94ab543e0fb4ec0903767d601f5de7c77b08baa331f702,fit-only dense-Prithvi adapter on folds 3+4 for one-shot folds-0/1 feature extraction,
ersrr-ordinal-win,mars_dense_prithvi_mask_preservation.json,5617,b48f92c60f6419e6dba663f0486bac59df42b891cdf819c622441c2d1d7c46a5,development-only reproduction and preservation of the dense Prithvi mask branch,Preserve the mask adapter for independent full-development cross-fitting.
ersrr-ordinal-win,MARS_DENSE_PRITHVI_MASK_PRESERVATION.md,401,d13e26f1823b3c5adf83894ed096424c4f7d062abd6246706b81cdd98ac715b9,,
ersrr-ordinal-win,mars_dense_prithvi_teacher_pilot.json,18456,327d057af6f99cb2770f8701bbd83e2cdf52ee1de80a1499526a439380ffe995,dense frozen-Prithvi token fusion into the released MARS-S2L U-Net,Reject dense token fusion pilot before external scoring.
ersrr-ordinal-win,MARS_DENSE_PRITHVI_TEACHER_PILOT.md,469,a086217036b96855b938cbf9ab323ddbb4b36da294b3a8368de9b944b7983401,,
ersrr-ordinal-win,mars_dense_sparse_invariant_ensemble_exploration.json,7238,2e338ba18809c5e41525a98703db531e0defc14fee4a4277d0398ef54307d783,exploratory sparse invariant ensemble on honest dense-Prithvi development features,Retire this sparse invariant ensemble family before fold 2 or external access.
ersrr-ordinal-win,mars_dev_pixel_baselines.json,5304,695af5cb24c4335c373bd98b5b06488f34caaf21627a2dbf249e6cb171f2ba9f,predeclared_spatial_development_baselines_not_final_paper_claim,"Validation-selected spatial baseline: `pixel_logistic_13_features`. It does not clear the promotion gate. Local per-pixel spectra are insufficient; implement the predeclared multi-scale target/reference encoder with joint scene presence, segmentation, and observability heads."
ersrr-ordinal-win,MARS_DEV_PIXEL_BASELINES.md,1275,51362b599c748a894f7760bba4c4dd829948deb816707d072b222dbdb8aeef7f,,
ersrr-ordinal-win,mars_dev_scene_baselines.json,14804,8121ed9bd6826309758884c27c5fa3ae7546d787a311779fad0076f5d0be2bf1,group_disjoint_development_tranche_not_final_paper_claim,"Validation-selected development baseline: `raw_scene_logistic`. It does not clear the research promotion gate; proceed to a joint presence/segmentation model with hard-negative mining, not a larger backbone alone."
ersrr-ordinal-win,MARS_DEV_SCENE_BASELINES.md,1469,a589a56d1fa9298191a7eaca1cc50fb83f71d2d59e0bfec414326a33780c3451,,
ersrr-ordinal-win,mars_dinov3_methane_fusion_all_score_scene.json,41556,e43151c2ce8df8192a3acc1828204084615ef36b8ebf5df01b0a9ba94df1dc08,two-fold DINOv3 semantic-change and counterfactual-methane spatial fusion pilot,Reject this fixed DINOv3 fusion pilot without external scoring.
ersrr-ordinal-win,MARS_DINOV3_METHANE_FUSION_ALL_SCORE_SCENE.md,404,6a601a6ead0d0d8938355301304dd7ba8aef63622e50471f31bbe6aa46c0b76d,,
ersrr-ordinal-win,mars_dinov3_methane_fusion_dense_surrogate.json,41253,7f7f2fdb7aa80d35d0ec5fb7a08d1b579155efc82b05007c8d694b795343e72b,two-fold DINOv3 semantic-change and counterfactual-methane spatial fusion pilot,Reject this fixed DINOv3 fusion pilot without external scoring.
ersrr-ordinal-win,MARS_DINOV3_METHANE_FUSION_DENSE_SURROGATE.md,404,5ea7cf3de11f9cc2c99bbfd1d6489c6d3dcf147b6726796e2b2c29d1ed16e957,,
ersrr-ordinal-win,mars_dinov3_methane_fusion_gradient_fix.json,41369,e60c8bd49d3309ac8592958d295a3f633fe765b610a6adf79c1f4ba29b174949,two-fold DINOv3 semantic-change and counterfactual-methane spatial fusion pilot,Reject this fixed DINOv3 fusion pilot without external scoring.
ersrr-ordinal-win,MARS_DINOV3_METHANE_FUSION_GRADIENT_FIX.md,404,79891445a9e9ad16bf7c45c9a0b46b98e3cdd00e089bf5f910f0b23400920957,,
ersrr-ordinal-win,mars_dinov3_methane_fusion_pilot.json,39581,81da27897942b0f78f3234ca64892bb4dde83e78a1774956ed4446298b342149,two-fold DINOv3 semantic-change and counterfactual-methane spatial fusion pilot,Reject this fixed DINOv3 fusion pilot without external scoring.
ersrr-ordinal-win,MARS_DINOV3_METHANE_FUSION_PILOT.md,404,adea9823690f9cabcaf11dea23173b47480fc7ad84fd963d0c28c92069915fd2,,
ersrr-ordinal-win,mars_dinov3_multiseed_s2_confirmation.json,50689,38e0718c51fb6025fba6a733a3d7e86f11d9a329c39a956b2185dab6d07c098f,three-seed DINOv3 dense-evidence confirmation with Sentinel-2-only scene routing,"Reject this fixed confirmation without fold-2, external, or official-test scoring."
ersrr-ordinal-win,MARS_DINOV3_MULTISEED_S2_CONFIRMATION.md,423,fbe110cfcd9e76cceeab61a570c34e381c73389d168227f1558d467c68cfa8cb,,
ersrr-ordinal-win,mars_dofa_anchored_protected_ensemble_folds34.json,15218,85d5959061cc77d4b2a32f12609c7852af545ff8df6923273d6ae245d020eec1,fold-3/fold-4 protected ensemble of independently learned train-fitted DOFA-v2 and expanded-real-data anchored-U-Net scene residuals with fixed significant dense transport,Freeze the selected ensemble for a new fold-2 confirmation; folds 0/1 and official test remain closed.
ersrr-ordinal-win,MARS_DOFA_ANCHORED_PROTECTED_ENSEMBLE_FOLDS34.md,426,626e2fbae0129c0b2237aafc35f75b07b0a06db3c90e60a0e606af1c40425c59,,
ersrr-ordinal-win,mars_dofa_anchored_protected_fold2.json,5358,4a55afb2dad0306f56ebad82289a06157f3855be18a22a4a3e567395c60fa138,one-shot fold-2 confirmation of the exact protected DOFA plus expanded-UNEP anchored-U-Net ensemble selected on folds 3 and 4,"Reject the fixed ensemble before folds 0/1, external, or official-test evaluation."
ersrr-ordinal-win,MARS_DOFA_ANCHORED_PROTECTED_FOLD2.md,364,3934292a35d8554d4b63cf10f9bd386e8e399364740abb0c59b648d0cecbe450,,
ersrr-ordinal-win,mars_dofa_gaussian_champion_cache.json,914,11132fc140769e68dcbf743cfd0980617a92ae97ed22c0c973a2130528c005f7,deterministic cache of the already-selected Gaussian+DOFA folds-3/4 champion,
ersrr-ordinal-win,mars_dofa_gaussian_protected_ensemble.json,33985,9473bc039e43bfc15d97b8eca0228fce66b31dffc8c487f8b3a4351c3280e1b5,development-only folds-3/4 selection of an exact protected residual ensemble combining the fixed DOFA scene probe with a conservative Gaussian-synthetic ViT scene head,Authorize a separately frozen external/new-cohort confirmation; do not reopen fold 2 or official test.
ersrr-ordinal-win,MARS_DOFA_GAUSSIAN_PROTECTED_ENSEMBLE.md,343,0c4b28ab21fce301e8f52c86a2ce8644147c007e8f88818c47248238323f013e,,
ersrr-ordinal-win,mars_dofa_v2_external_deployment_state.json,1689,dab9cff63d5fe69d760c64658b6e033822123f61f2564ec5637825e550244680,development_only_dofa_v2_folds34_external_deployment_state,
ersrr-ordinal-win,mars_dofa_v2_fold2.json,7141,b6bd52fed2cf8444ac9fccb05011f8daddc285db706e791ee93f3fd9c5b505dd,one-shot fixed protected DOFA-v2 fold-2 confirmation,Retire the fixed DOFA-v2 fusion before external or official-test evaluation.
ersrr-ordinal-win,MARS_DOFA_V2_FOLD2.md,352,40db3edf3585452ce8e1e3cbe1089a0373c6f8ffbe1646f3740f7605fdaf510d,,
ersrr-ordinal-win,mars_dofa_v2_projection_ensemble_folds34.json,16511,540c5d509b1340ae0a07bd0b89a07bca70b3ce85b8d8e9d865066ab122efdb96,development-only DOFA-v2 projection-seed confirmation on folds 3/4,Reject the DOFA-v2 projection ensemble before fold-2 extraction.
ersrr-ordinal-win,MARS_DOFA_V2_PROJECTION_ENSEMBLE_FOLDS34.md,945,8915c292bb4837982f60a20d8075583abf8276d799e565e6bd3c4b463fa8eaad,,
ersrr-ordinal-win,mars_dofa_v2_protected_fusion_folds34.json,25151,95f292353d6f9e4d0d2416e78d46aaf3a7003e9c3d0ec23a2d499fbfa2b0a044,development-only recall-protected DOFA-v2 fusion on folds 3/4,Freeze the selected recall-protected DOFA-v2 fusion for one-shot fold-2 extraction.
ersrr-ordinal-win,MARS_DOFA_V2_PROTECTED_FUSION_FOLDS34.md,1202,dc42c1f599f581d15a0a3a1e9b3fade8852acfdd554763ecb81dc8564f3d9ec4,,
ersrr-ordinal-win,mars_dofa_v2_scene_probe_folds34.json,43601,0abb9b0915c580afbfdab3100d07b55e6a0a6072f6f21b92c91c24cbb15bdde1,development-only DOFA-v2 sensor-aware scene selection on folds 3/4,Reject the DOFA-v2 scene candidate before fold-2 extraction.
ersrr-ordinal-win,MARS_DOFA_V2_SCENE_PROBE_FOLDS34.md,648,b1867a1494f6f3f15e53908664fdc6f1d6eeda268b53825cd028f4cccd6bc897,,
ersrr-ordinal-win,mars_dofa_v2_train_fitted_normalization_folds34.json,15107,23e9124a5f0b5a9a788a46a6fd07753501a8b83c880b0a4e3f24e680c92074b2,development-only train-fitted DOFA-v2 normalization confirmation,Freeze the selected train-fitted DOFA-v2 fusion for one-shot fold-2 extraction.
ersrr-ordinal-win,MARS_DOFA_V2_TRAIN_FITTED_NORMALIZATION_FOLDS34.md,787,373798fba7af48169d8ea2cac36facc01a63affb1dc11de4872f063bfb406e1b,,
ersrr-ordinal-win,mars_dual_teacher_rescue_folds34.json,55607,e601b339c57841cdb6ecad4b1cfe0c5261494eee555f4f801ce78e9e1238303a,development-only deterministic dual-teacher recall rescue on MARS folds 3/4,reject_deterministic_dual_teacher_rescue
ersrr-ordinal-win,MARS_DUAL_TEACHER_RESCUE_FOLDS34.md,545,1a2e90353032291f357dddfc126c93bbb767c7ad5d942f770a6a8a85eb00e50a,,
ersrr-ordinal-win,mars_encoder_scene_probe.json,119024,5743ac691eb7926f9168665ec8bea9a9ddccc64df61ca316287dc44a6d4e1e9c,development only; paper-test labels and imagery are not loaded,Reject the encoder scene probe before paper-test feature extraction.
ersrr-ordinal-win,MARS_ENCODER_SCENE_PROBE.md,755,c0fe436f3af837c3360e669022348f3033909e3c77286e9ac0f34c5aeedcfe8f,,
ersrr-ordinal-win,mars_gated_temporal_spatial_boost.json,1515354,1416e17990eb02e4770b1bad28ac74fa685846c8c1852067c6cee1a28edd3db8,development-only gated temporal-spatial boost; exact paper cache not loaded,Reject gated temporal-spatial boost before fresh or paper evaluation.
ersrr-ordinal-win,MARS_GATED_TEMPORAL_SPATIAL_BOOST.md,397,727dcdf7081380d11398469b21c8f6e12c033cba2a47c8a88b2a6e8cd859eacd,,
ersrr-ordinal-win,mars_gaussian_contrast_crossfit.json,68167,728e9a1f69a608cf09816114ed50fc785953f6dc5937ddae370e87f990d85f55,fold-3/fold-4 cross-fit of the full-bank physics-contrast Gaussian ViT under the exact mixed-sensor MARS contract,"Reject without opening fold 2, folds 0/1, or the official test."
ersrr-ordinal-win,MARS_GAUSSIAN_CONTRAST_CROSSFIT.md,437,2d27109e538fc590797d534c03f7c1dd0cd153f26d810027d4ca8d421d1cc8e6,,
ersrr-ordinal-win,mars_gaussian_contrast_full_bank.json,10342,689b806228abda20e433af180f25a2e722bd71a1a2c213a9fb51c0f082f162f3,full 16000/2000-template Gaussian physics-contrast ViT dense pretraining and validation audit,Freeze the full-bank schedule for separately cross-fitted real MARS endpoints.
ersrr-ordinal-win,MARS_GAUSSIAN_CONTRAST_FULL_BANK.md,341,0f83094f822f6a58bce455997aaac202bf6527789524347e90718c8b6a0e5b8d,,
ersrr-ordinal-win,mars_gaussian_contrast_vit_dense_confirmation.json,17038,20c6b05f4cec5b17b516522bb4037c9eaaa4706d6e3c28b16534b4b3483c9667,new-bank dense-only synthetic transfer confirmation with paper-aligned validation checkpoint selection,Both gates pass; a separately frozen exposure-scaling experiment is justified.
ersrr-ordinal-win,MARS_GAUSSIAN_CONTRAST_VIT_DENSE_CONFIRMATION.md,502,68b460cde457d4fabc462d492969edb4712177708949c11335146b39eeea0e19,,
ersrr-ordinal-win,mars_gaussian_contrast_vit_dense_exposure_audit.json,13647,8dd879acac0411257363dfc905bb37aab726bb892be53a8a0ba8e60ca299a6cf,100-epoch dense-only synthetic exposure curve with index-disjoint transfer for the normalized temporal-contrast mixed-sensor ViT-U-Net,Stop: architecture/loss path cannot memorize the bounded synthetic bank.
ersrr-ordinal-win,MARS_GAUSSIAN_CONTRAST_VIT_DENSE_EXPOSURE_AUDIT.md,466,c1348aa92b0dadb65cdcd8b1015792543ae39d81c0745b78196ba4895fd88fa7,,
ersrr-ordinal-win,mars_gaussian_contrast_vit_learnability_audit.json,9044,b19f3e348105b4d1c681c0a06edb5208c1e3646c7c99120374ffbcaba8bdfb56,synthetic-only memorization and index-disjoint transfer audit for the normalized temporal-contrast mixed-sensor ViT-U-Net,Stop: architecture/loss path cannot memorize the bounded synthetic bank.
ersrr-ordinal-win,MARS_GAUSSIAN_CONTRAST_VIT_LEARNABILITY_AUDIT.md,373,bb13081b763389a385d8e46b92c320793dd8e816794542fd0de1ea237351fdd2,,
ersrr-ordinal-win,mars_gaussian_dofa_strict_spatial_one_shot.json,8250,01c117b69751d1ad59ff19f280b1de0d27bd6f262afbaeed4d80cad71cf3048d,,primary_superiority_gate_failed
ersrr-ordinal-win,MARS_GAUSSIAN_DOFA_STRICT_SPATIAL_ONE_SHOT.md,791,13662a10d4f0e4227c501447f037519db977e21f9049fbde5fb9c604977b3a1b,,
ersrr-ordinal-win,mars_gaussian_dofa_strict_spatial_pre_authorization_validation.json,2439,3cb7773038a74533e1a214ca6cb7e85d7adfba80383a802c9592503e8fb4b300,Gaussian+DOFA candidate-specific MARS strict-spatial input-only replay,
ersrr-ordinal-win,mars_gaussian_dofa_strict_spatial_pre_outcome_validation.json,1486,b4da81c20dc8b4b08d0b6b7e9e351fb9cfc759e53b88513984c9300b90f9ef38,Gaussian+DOFA candidate-specific MARS strict-spatial one-shot scene evaluation,
ersrr-ordinal-win,mars_gaussian_plume_bank_audit.json,7784,1e952cb7bf8906aa99b72b33300e3a1f5822a783c858edfec49f5f20481c3d25,fit-fold-only analytical Gaussian bank distribution audit before model scoring,
ersrr-ordinal-win,MARS_GAUSSIAN_PLUME_BANK_AUDIT.md,721,563398e195ab37f9e76d300b7fbe1ac85c7c3de29431363ce30a872a20e6f78c,,
ersrr-ordinal-win,mars_gaussian_plume_morphology_audit.json,7199,96e43dd8827f300e7c57642a6ca0ce8d2367d6ea1de8b6db97e91d700af01469,fit-fold-only MARS positive-mask morphology audit for Gaussian-plume parameterization,
ersrr-ordinal-win,MARS_GAUSSIAN_PLUME_MORPHOLOGY_AUDIT.md,1067,38f37746a4ee400aeeb416aed43571203c3a8a93adb54327dc428c5bd6ddd233,,
ersrr-ordinal-win,mars_gaussian_scene_aligned_cache_replay_failure.json,1570,c564a296853956d00cb65798ae6581f9c0e2519728339bf8547d38590b9c44a8,audit receipt for the frozen exact Gaussian scene-cache replay,
ersrr-ordinal-win,MARS_GAUSSIAN_SCENE_ALIGNED_CACHE_REPLAY_FAILURE.md,719,59f88a2719d95e21154006f74e8656e8bfefffe96f8d1d69e18524ccae2b8fa2,,
ersrr-ordinal-win,mars_gaussian_scene_aligned_crossfit.json,76977,6963e5ac8832011a4c39899d3097ff23afb3222ab6f1d2bbbc67cdc325190358,controlled fold-3/fold-4 cross-fit of the full-bank Gaussian ViT with synthetic scene supervision and an identity-protected scene residual,"Reject without opening fold 2, folds 0/1, or the official test."
ersrr-ordinal-win,MARS_GAUSSIAN_SCENE_ALIGNED_CROSSFIT.md,437,00e6fa55452731a8a5bf5ece99316efd72399e84f96841a0b7c1f727ed3f212b,,
ersrr-ordinal-win,mars_gaussian_scene_aligned_reproducibility.json,4466,0ad67fdf5d21e4d109b0fbec6e5f964a449f594812bfc872c752db84f32d0de1,"bounded stochastic reproducibility replicate of the Gaussian scene-aligned folds-3/4 cross-fit, retaining raw logits only with predeclared direction and magnitude checks",
ersrr-ordinal-win,MARS_GAUSSIAN_SCENE_ALIGNED_REPRODUCIBILITY.md,370,deeaf27e49fce7527d3a6a65b789ef8cda2119d7660431ab052d1ec08c2a644b,,
ersrr-ordinal-win,mars_gaussian_vit_learnability_audit.json,8889,9ac1ce127ad273f46caf100ff4f58bc02dae7baf234e2c5cdf465083110fcd7b,synthetic-only memorization and index-disjoint transfer audit for the exact Gaussian-pretrained mixed-sensor ViT-U-Net,Stop: architecture/loss path cannot memorize the bounded synthetic bank.
ersrr-ordinal-win,MARS_GAUSSIAN_VIT_LEARNABILITY_AUDIT.md,356,572650c564343ea88e76c2484888739f6ac6840a8e73ee40a61396675cd5e71c,,
ersrr-ordinal-win,mars_gaussian_vit_pilot.json,51003,cba9a42cf1c5b10bf8969cbf7f56cf3785cc6f9864947f7f05a6d1dfa8834ff0,fold-3/fold-4 cross-fit of an analytical-Gaussian-pretrained full-scene ViT-U-Net under the exact mixed-sensor MARS contract,"Reject without opening fold 2, folds 0/1, or the official test."
ersrr-ordinal-win,MARS_GAUSSIAN_VIT_PILOT.md,439,bfff4fd49e231019035afdfbf809961593f769b961430c4583495138627b9aac,,
ersrr-ordinal-win,mars_geospatial_site_prior.json,22915,f199c636653f471353c8455211b396d5b10e1f948505618dbbf7a1fa51dc024f,five-fold geographic neighboring-site prior; held-site labels excluded; paper cache not loaded,Reject the geospatial site prior before paper scoring.
ersrr-ordinal-win,MARS_GEOSPATIAL_SITE_PRIOR.md,263,82016cd57acbd299c882eea187c339e6eb2c8ced614942b7729bb8bad2ec7b06,,
ersrr-ordinal-win,mars_group_crc_crossfold.json,40394,aa717d6500efeddcecfb05c6db3ee4ec6d3875ec8c92c66b971a1e7a67cf449c,honest folds-3/4 geographic-transfer audit of group conformal risk control,
ersrr-ordinal-win,MARS_GROUP_CRC_CROSSFOLD.md,441,f73c0290644ad1ebf5cd85e18a698343a8a6407c2db7a5ac0ef9948ea82108a3,,
ersrr-ordinal-win,mars_hard_scene_ranker_inner_fold2.json,234690,e86e82fd8e9124d84f5b86fc91fcda7e02a66a8b61464956834cb91a0bb0d646,"hard-example inner selection: train folds 3-4, validate fold 2",Reject hard-example scene ranking before another fold-0 evaluation.
ersrr-ordinal-win,MARS_HARD_SCENE_RANKER_INNER_FOLD2.md,380,7b6a8917e8dd0405ec90604527f277e146818f3c336e949276904b25aa487169,,
ersrr-ordinal-win,mars_instance_guided_teacher_pilot.json,9824,0611aeb0f4f82e454605f00e75376c8c4bfcfc36346756e45439b8c18c190bd6,instance-aware physics-guided released-U-Net adapter pilot,Reject instance-aware adapter before full cross-fit or external scoring.
ersrr-ordinal-win,MARS_INSTANCE_GUIDED_TEACHER_PILOT.md,1924,5da05333bd82dcc3682f76c26f0c3318afe66ea3ad01735a38a1bd84c0f68fde,,
ersrr-ordinal-win,mars_instance_scene_ensemble_pilot.json,45279,6d9505cebc4085564a2ad7c258aecad48d4a815b54d5a069b2558cf5619d2555,conservative two-output instance-signal scene ensemble pilot,Reject instance-scene ensemble before external scoring.
ersrr-ordinal-win,MARS_INSTANCE_SCENE_ENSEMBLE_PILOT.md,1685,b0a842ab9a9329dc48069add0a3167a9e5317838e21e92d0a571d1ffa9e9aba7,,
ersrr-ordinal-win,mars_joint_calibration_aware_finalization.json,2424,c432cdd404aee488303de99d6d0f6968cff35319507f505d4aac27bea4283ae5,calibration-aware finalization; no fresh external or paper test loaded,Freeze the fixed joint head for fresh CloudSEN-test and exact-paper evaluation.
ersrr-ordinal-win,MARS_JOINT_CALIBRATION_AWARE_FINALIZATION.md,530,b07683b32ffb0a4120575b39ca07361de2a1c662d924ec3d94372141d1170a24,,
ersrr-ordinal-win,mars_joint_calibration_aware_paper_posttest.json,10566,20625e9362c2da0ea124be7ff0587475358d16620f6e4fa7b6fab5b5a901ea96,transparent post-test replay of the fresh-safety-passed fixed joint candidate on the exact MARS-S2L v3 comparator,At least one exact MARS-S2L v3 paper gate remains unresolved.
ersrr-ordinal-win,MARS_JOINT_CALIBRATION_AWARE_PAPER_POSTTEST.md,775,dc87f139cd9bd1395912c12c17724e22333d94680769a451109516012ba5a27e,,
ersrr-ordinal-win,mars_joint_development.json,10254,8b6ad4ccd8a04a3ee58781a43a390a7203064c4574d0393e20bad5f9e7b35aac,single_seed_joint_model_development_not_final_paper_claim,The joint model does not yet clear the promotion gate. Use validation-only error analysis and hard-negative mining before any backbone expansion; do not tune on the strict benchmark.
ersrr-ordinal-win,MARS_JOINT_DEVELOPMENT.md,1043,b08a726762c0a362b24572470cd4f463fd72fda5e4533ccb4cf14e50a82dad65,,
ersrr-ordinal-win,mars_joint_external_augmented_xgboost.json,25340,04c1b193465141c9350b66830a63fd483c0359b1d8d2b2c885ebc503cda2cba3,development-only joint external augmentation; paper test not loaded,Reject the joint external-data scene head before paper-cache replay.
ersrr-ordinal-win,MARS_JOINT_EXTERNAL_AUGMENTED_XGBOOST.md,562,8827ba57196ee2a19baeb5f1ce5434079a72f2e85c149e681fd629d24d451559,,
ersrr-ordinal-win,mars_joint_external_negative_calibrated_xgboost.json,24742,8ab3a91566e6ba0b60bceaa13c3ee7e36bc390e5ce69ab7486895883f35e779a,development-only joint external augmentation; paper test not loaded,Reject the joint external-data scene head before paper-cache replay.
ersrr-ordinal-win,MARS_JOINT_EXTERNAL_NEGATIVE_CALIBRATED_XGBOOST.md,562,8b6448bd291de5170060b3bb6b84b30efbbaa9d7a563420c31a45aae6d46cdc8,,
ersrr-ordinal-win,mars_joint_mil_development.json,16923,b49592cc0f9eeb607d324e76021f2e88515ee610763308f34bfeaf4a9420e787,validation_first_joint_mil_development,MIL v2 does not clear the strict-spatial gate. Freeze this result and use only validation/external data for the next decision.
ersrr-ordinal-win,MARS_JOINT_MIL_DEVELOPMENT.md,1255,772b708f827718deac094e9e146a33d4961bb7be8271ef21f5fe5171773d1fe1,,
ersrr-ordinal-win,mars_joint_mil_validation_audit.json,9611,07fb282d93fbe81e0dc1fd82e0e98225bb90b2d8d9ead5ea9c71b24841245e24,mil_v2_internal_validation_error_audit_only,Use these validation-only error strata to define the expanded hard-negative/positive sampling plan. Do not modify a threshold or architecture from strict-test behavior.
ersrr-ordinal-win,MARS_JOINT_MIL_VALIDATION_AUDIT.md,1010,91cf3c7cb6737cb3f1bc92dd06a671ab21213a2cdaa494f62c9d431673f1ecff,,
ersrr-ordinal-win,mars_large_history_temporal_prior.json,729280,0e84e59db537a8bab657bbed542b47f80d12f74ad5396b5c30ba352565ac9e43,development-only temporal site-prior selection; exact paper cache not loaded,Reject the temporal site prior before fresh or paper evaluation.
ersrr-ordinal-win,MARS_LARGE_HISTORY_TEMPORAL_PRIOR.md,401,ee48484c4875d5aaa7ac9517252fd67f09091dbe01db68fdba671ce90aa000f6,,
ersrr-ordinal-win,mars_low_prevalence_set_context_head.json,224597,bcd05f8bb4ce01d60c06f1606b4cb0ece5cc3a18aacebc42f2317157b9dc48f3,development-only low-prevalence set-context head; exact paper cache not loaded,Reject the set-context head before fresh or paper evaluation.
ersrr-ordinal-win,MARS_LOW_PREVALENCE_SET_CONTEXT_HEAD.md,384,0499f0a4dd313987c45c9dee93c48a52c7c792838f2da58efba7e3cd58e94461,,
ersrr-ordinal-win,mars_mask_routing_folds234.json,28122,068c6d33e43d112ca47b5a7daaadadfb64bec22f23ba4f0b1e390e58f0146a9e,development folds only; paper test not loaded,Reject routed masking; it lacks a positive paired group-bootstrap lower bound across development domains.
ersrr-ordinal-win,MARS_MASK_ROUTING_FOLDS234.md,1793,10cf6718470205fca5f9e92ab6d7e8e6702a8ca58333e8fb8d19858930815bc7,,
ersrr-ordinal-win,mars_mask_threshold_folds01_confirmation.json,3554,b3d77820ce1fc2a81c95e479f4412f545310ae8146cbd25f97f5c398b33fc7fe,development folds only; paper test not loaded,Mask threshold 0.70 passed the separate folds 0-1 development confirmation.
ersrr-ordinal-win,MARS_MASK_THRESHOLD_FOLDS01_CONFIRMATION.md,484,d0f96d423b384e3c0dbc992e0ab095e052abe37817b007e0b3670912c132ea02,,
ersrr-ordinal-win,mars_mask_threshold_folds01_extended.json,7440,143cfdf8692102f4be6bd55722e40b79992eb1a1c244815435c7d1add86301c8,development folds only; paper test not loaded,Do not advance this mask rule; at least one fold or sensor IoU gate failed.
ersrr-ordinal-win,MARS_MASK_THRESHOLD_FOLDS01_EXTENDED.md,646,a11644c5feeeac17fea594bff8bce119ad2494caa1cbeb7317a747571cf482a8,,
ersrr-ordinal-win,mars_mask_threshold_folds234.json,11755,9d4dd8140908489e48be849c0e89100a8f663c3368db9354c1b30ed8670865be,development folds only; paper test not loaded,Advance this mask threshold to a separate development-fold confirmation.
ersrr-ordinal-win,MARS_MASK_THRESHOLD_FOLDS234.md,751,c291f07ade1b61e68f25238a2f5b8f8ca11cf22fd0a1e11385bc6d66f495e5ef,,
ersrr-ordinal-win,mars_ndmi_bitemporal_fusion_pilot.json,40699,0c8bebeace840acbb0a27450919d47e852cb3166ea171d9344701e2ba90d3177,fold-3/fold-4 cross-fit of an NDMI-guided shared-weight bi-temporal branch with source-disjoint auxiliary training,"Reject this architecture before external development, fold 2, or official-test scoring."
ersrr-ordinal-win,MARS_NDMI_BITEMPORAL_FUSION_PILOT.md,453,97df8f59eb9d3b3761ef248df2bad10ccd08721a71b5ee757c115a6810311a3b,,
ersrr-ordinal-win,mars_ndmi_patch_mil_pilot.json,40573,ab76b2f66d6a3f96a23aff6b54e22653a566520b0cfd460b706d5f86d23d9b08,fold-3/fold-4 cross-fit of patch-local NDMI bi-temporal scene evidence with source-disjoint auxiliary training,"Reject this architecture before external development, fold 2, or official-test scoring."
ersrr-ordinal-win,MARS_NDMI_PATCH_MIL_PILOT.md,453,944eff55bc7c62e5d7df090361c586c34f954cacfe49ccebd3b202358265cb24,,
ersrr-ordinal-win,mars_offshore_finetune_diagnostic.json,18504,abcbb94a4e343f22d79d1469312b8879402ddbf6be32948317cd324f4889b71d,,
ersrr-ordinal-win,MARS_OFFSHORE_FINETUNE_DIAGNOSTIC.md,1655,5e826958e5f6ee00af52eb450edaa4dfc925cb764036af43b8012a91b6749626,,
ersrr-ordinal-win,mars_offshore_mask_threshold_confirmation.json,6637,a983069ced97114d31b3fe5714d20ca3e62e1b2ba3f86e9725f9014ceea85a62,post-test-diagnosed mask rule reverse-validated on all development folds,Reject the offshore 0.90 mask threshold because development reverse validation failed.
ersrr-ordinal-win,MARS_OFFSHORE_MASK_THRESHOLD_CONFIRMATION.md,685,974d8d1ea5d22843da5769be7fe7349192e55edcb2c6572a616fc5f8a06d96f9,,
ersrr-ordinal-win,mars_oof_context_minimum_blend.json,72842,8fc190bf4cac9d3abb24979cd20678930f09143302a69ddbfb944a7959951b0b,minimum-intervention OOF trust region on folds 2/3/4,Freeze the minimum stable blend for one fold-0 evaluation.
ersrr-ordinal-win,MARS_OOF_CONTEXT_MINIMUM_BLEND.md,337,343bfe662fef6700cc1e1c635d3a08e772908e6c353a5c515864c9d0b6863bd1,,
ersrr-ordinal-win,mars_oof_context_minimum_blend_fold0.json,4295,4eec74a60109e6ed48d10358bde3c077755cfb15fa166dbec20d655ec2c492ce,one-shot minimum-intervention OOF-context fold-0 evaluation,Advance the minimum-intervention OOF context architecture to fold-1 confirmation.
ersrr-ordinal-win,MARS_OOF_CONTEXT_MINIMUM_BLEND_FOLD0.md,443,b983d854f23a058209644953e56bca8b28000a8d68db16fc100116320350cbfb,,
ersrr-ordinal-win,mars_oof_context_ranker_fold0.json,4574,416e32dfc9a218fdcb3f30b952be158cda3cc51ef05a0354554f2e6243c16d65,one-shot OOF-stable context fold-0 evaluation; fold 1 and paper test not loaded,Reject the OOF-stable context architecture on fold 0.
ersrr-ordinal-win,MARS_OOF_CONTEXT_RANKER_FOLD0.md,419,233d4274ef400f18e1214799456ffcf14e842940683a9ebcd095a7c283f7c005,,
ersrr-ordinal-win,mars_oof_context_ranker_folds234.json,280662,a125830c41d1d592a7d3a52ee2343ad5faa883061869e4638113c9df09f421e0,three-fold OOF selection on folds 2/3/4; folds 0/1 and paper test not loaded,Refit the OOF-stable context head on folds 2-4 and freeze fold-0 evaluation.
ersrr-ordinal-win,MARS_OOF_CONTEXT_RANKER_FOLDS234.md,479,9bbd4f65104c25cdf5f4d1b0a1a7789e4da394169136723c5eb3aa82735dbb18,,
ersrr-ordinal-win,mars_oof_scene_ensemble_v2_all_development_refit.json,2567,64f23226441a8371e8bf675c3c91d62d49ab07ed96625e4bee3038b38d5f2503,fixed-spec all-development refit; paper test not loaded,Freeze this all-development refit for one transparent exact-paper cache evaluation.
ersrr-ordinal-win,MARS_OOF_SCENE_ENSEMBLE_V2_ALL_DEVELOPMENT_REFIT.md,749,83194c9223b1bfc771bd5d21b8ee8fb83b1387eb1da2e53a5117770f44dcfe91,,
ersrr-ordinal-win,mars_oof_scene_ensemble_v2_fold0.json,4840,4827c6a380010bb6a234d85298427e35ce2583051869300cbcabda3f4cb3bd06,frozen stronger OOF scene-head fold-0 evaluation; paper test not loaded,Advance the stronger OOF scene ensemble to the next confirmation stage.
ersrr-ordinal-win,MARS_OOF_SCENE_ENSEMBLE_V2_FOLD0.md,650,0f727d1e94ade2f3ee4928d433a598f1e8e9004a6c851aa81dc3119544c90493,,
ersrr-ordinal-win,mars_oof_scene_ensemble_v2_fold1.json,4851,8380d079039ca6c9513ca125934665351c49988429336c63287e28e4cd7d0d1c,frozen stronger OOF scene-head fold-1 evaluation; paper test not loaded,Advance the stronger OOF scene ensemble to the next confirmation stage.
ersrr-ordinal-win,MARS_OOF_SCENE_ENSEMBLE_V2_FOLD1.md,650,8412b006980ca0a5d41d18687356210541b3af5a1242d306ffbc60b9475c1469,,
ersrr-ordinal-win,mars_oof_scene_ensemble_v2_folds234.json,360358,b12f62e05d864739f8a278b414a415febaba0185c649b5dea901eaf4135ef157,three-fold OOF selection on folds 2/3/4; folds 0/1 and paper test not loaded,Refit the selected head on folds 2-4 and advance it to untouched fold-0 evaluation.
ersrr-ordinal-win,MARS_OOF_SCENE_ENSEMBLE_V2_FOLDS234.md,522,0c5a0f15bdf2e3f2a3d8678b9d867e09be00d161ff27155b653c6c5873481035,,
ersrr-ordinal-win,mars_paper_model_initialization_audit.json,2251,c419047c43e06d0f3611d53b9d5124920469024aaa9bb0bd0deb308fba370c85,independent released-checkpoint equivalence before successor training,
ersrr-ordinal-win,MARS_PAPER_MODEL_INITIALIZATION_AUDIT.md,594,5d9de8f5348f12e4f012a76d4910df9443cf6a3af1da8f2fd8ee7a607917b7c5,,
ersrr-ordinal-win,mars_paper_released_development.json,19009,4085d6e1e3683dfe4f73d25fd1bc0906a756b7433cc850ed64392db08f1f7935,frozen site-held development; sealed paper test not loaded,
ersrr-ordinal-win,MARS_PAPER_RELEASED_DEVELOPMENT.md,449,81535643bfb882fe885e2edb4d7bff5acf1796bbc64eee61e1ee3755f91f9de9,,
ersrr-ordinal-win,mars_paper_residual_fold0_seed606.json,130664,bdef783ed90209337426af1f300efe25b9d35109ced49f4fc81d6dec14d7517c,site-held architecture development; sealed paper test not loaded,Do not advance: at least one predeclared primary-fold point gate failed.
ersrr-ordinal-win,MARS_PAPER_RESIDUAL_FOLD0_SEED606.md,463,4d747bf8d4899f75b887e96b6c27197ac4c97d6ff1cea008fa331d6f393106c8,,
ersrr-ordinal-win,mars_paper_residual_fold0_trust_region.json,85309,bb9763a9bdbf0ddd14c3e1c718af9bceff47e0a1c6f04a4749833968368b79b5,fold-0 development architecture selection; fold 1 and paper test not loaded,Reject the trust-region blend on fold 0; proceed to source-aligned fitting.
ersrr-ordinal-win,MARS_PAPER_RESIDUAL_FOLD0_TRUST_REGION.md,845,ece235bc84aecae7b66be658060a8993ecdd264205db4cce0bfb80f97a9c26a1,,
ersrr-ordinal-win,mars_paper_residual_fold1_seed606_epoch7_training.json,7025,0dad5d136065ff425e020726b1e0bbc29199d16f7b100a342c406d8ed7888db3,site-held architecture development; sealed paper test not loaded,Fixed epoch-7 fold-1 residual trained without reading fold-1 labels; the frozen end-to-end confirmation remains sealed.
ersrr-ordinal-win,MARS_PAPER_RESIDUAL_FOLD1_SEED606_EPOCH7_TRAINING.md,239,fe15cd2a9a5ecf75b2e597404d588e5ff6ed31412326e4b8c97e5ac61d690e19,,
ersrr-ordinal-win,mars_paper_residual_fold1_trust_analysis.json,131612,6d06fde3790cc5e0cc1f0039f256ec5dd2acaeca86ae990bee5679b701f6efeb,fold-1 development architecture analysis; paper test not loaded,Reject the trust-region blend on development fold 1.
ersrr-ordinal-win,MARS_PAPER_RESIDUAL_FOLD1_TRUST_ANALYSIS.md,1096,c4c1aa561670272e26394a5fe657d9ce515af7afa6f2d169a0dce80cec61b337,,
ersrr-ordinal-win,mars_paper_residual_smoke.json,8813,eec55ac91bee95a9d92dd51e64cb2da7fb8a0b0cbfbccc1341d994e25d3f52ea,site-held architecture development; sealed paper test not loaded,Smoke execution only; this result cannot promote an architecture.
ersrr-ordinal-win,MARS_PAPER_RESIDUAL_SMOKE.md,431,d275e7e52d1b1915cff762ba00bf3fc4e003d9264e39ff3e7e9807c62698841b,,
ersrr-ordinal-win,mars_paper_residual_smoke_teacher_floor.json,20357,bb40571fc5085e97027e2f69c225bad82be2e41fec6a695ec5f9a4758837b25e,site-held architecture development; sealed paper test not loaded,Smoke execution only; this result cannot promote an architecture.
ersrr-ordinal-win,MARS_PAPER_RESIDUAL_SMOKE_TEACHER_FLOOR.md,431,6a0bc14c212cff9c53bfc20ee794946a5aab8961a1b65c725a01ca753d823b46,,
ersrr-ordinal-win,mars_paper_v3_development_protocol.json,53233,f2481b5a35c8b1a5dd096974e481cfea593fe7b831cfeb4428e6bad324077ab3,sealed-test-blind mixed-sensor successor development,
ersrr-ordinal-win,MARS_PAPER_V3_DEVELOPMENT_PROTOCOL.md,1045,63ebd4b7fca9c5577fc8ffb02ed52e454a2cc24ddc1728eaea45f421ea4fa514,,
ersrr-ordinal-win,mars_physical_patch_transfer_pilot.json,42023,4a0425da9c6186a7b803c3543bb94d1c3bdb286baedc874e7f9be1aa0888e117,fold-3/fold-4 cross-fit of a 640 m source-invariant local plume detector trained with MARS and MARS-test-disjoint MethaneS2CM data,"Reject this pilot without opening fold 2, external development, or the paper test."
ersrr-ordinal-win,MARS_PHYSICAL_PATCH_TRANSFER_PILOT.md,458,9bdf0a1baeb06b3c446639f83a776150b8bf36a17919753673d3f8f51ecaa481,,
ersrr-ordinal-win,mars_physics_guided_teacher_balanced_pilot.json,6832,fd6dcbb78239f37029f78b3169c7b87cec4c2cce272febe60d00b6ac7c9e65af,balanced-request physics-guided released-U-Net adapter v2 pilot,Reject balanced adapter pilot before full cross-fit or external scoring.
ersrr-ordinal-win,MARS_PHYSICS_GUIDED_TEACHER_BALANCED_PILOT.md,1751,0808285b2d5cda8ed48ee054bbe7234225b1b07b787dd35521f1e3e1a3bce671,,
ersrr-ordinal-win,mars_physics_guided_teacher_pilot.json,18676,aa98f3111ea45c072f300f201616985145920d242557086c8466135acfb8efc8,development fold-2 physics-guided released-U-Net adapter pilot,Reject adapter pilot before full cross-fit or external scoring.
ersrr-ordinal-win,MARS_PHYSICS_GUIDED_TEACHER_PILOT.md,1316,cec174421aed68477773de4874ba0621b9f0658845751af492906c9480b40279,,
ersrr-ordinal-win,mars_pilot_baselines.json,19422,59d732e2116e1ab384428acb39311feb8dc3864f0cbb2c937c564542617384e6,contract_smoke_test_not_accuracy_claim,
ersrr-ordinal-win,MARS_PILOT_BASELINES.md,1931,e1d72cf4399911579969cc61cd1a73a7fd978d8268715ac6ae4d0517cc5c1552,,
ersrr-ordinal-win,mars_prior_reference_complementarity_folds34.json,16461,528a45f70340867fceac98ba193ae478276b5e0d20883a9e952561e9ba6011d0,,FAIL: retire the prior-reference architecture before model fitting.
ersrr-ordinal-win,MARS_PRIOR_REFERENCE_COMPLEMENTARITY_FOLDS34.md,1092,a4266e033ade10e44d4a6ba12fe6111d40a78a33dcbefd4f5848726e41cb5297,,
ersrr-ordinal-win,mars_prithvi_100m_cls_probe.json,74653,d5cd5ad6457d0234f186ac42b638c61886df77c3c9003eb566a7f4e1897ad6e9,folds-3/4 cross-fit viability test of a frozen Prithvi-EO-2.0-100M-TL CLS probe fused with the Gaussian+DOFA champion,Reject Prithvi-100M CLS fusion before confirmation or external scoring.
ersrr-ordinal-win,MARS_PRITHVI_100M_CLS_PROBE.md,335,e7f5e1cf7170b5e0259addb847145a3b70d953b096d5fee3ba4df9230bf819b4,,
ersrr-ordinal-win,mars_prithvi_100m_cls_probe_smoke.json,185,bcf185a28d98db52bb8d56ba15b2c3352110086b9f5996f14fc80b8b697c9a58,finite Prithvi-100M probe smoke; no held metric,
ersrr-ordinal-win,mars_prithvi_domain_adaptive_v1_superseded.json,1580,18b8070d638dce61bdd51e2295ceac3d79cd9d93b27f2d432ac165c32ccc6b22,,
ersrr-ordinal-win,MARS_PRITHVI_DOMAIN_ADAPTIVE_V1_SUPERSEDED.md,820,86773a96492f4e6e3bc989854c936de195d75ed337834e8fa0c21c3d1efeecb9,,
ersrr-ordinal-win,mars_prithvi_domain_adaptive_v2.json,37712,2e3fd4d8ae0e4d01915e4c89ad5953f6d80ddae5dd27978b64ae789f82be5638,strict MARS folds3/4 cross-fit; no folds0/1/2 or official data,REJECT
ersrr-ordinal-win,MARS_PRITHVI_DOMAIN_ADAPTIVE_V2.md,2658,099579aff88c0b6b52cc0d2286e0cc68db79374a3a969608165c515647d6f595,,
ersrr-ordinal-win,mars_prithvi_lora_scene_model.json,53872,0a45863d3192d363550d1a16609fc39a595e1f61a0947460448efd4f60fd0dcd,development-only patch-supervised Prithvi LoRA pilot; no fresh or paper inputs,Reject LoRA pilot before external scoring.
ersrr-ordinal-win,MARS_PRITHVI_LORA_SCENE_MODEL.md,1356,9e5ffeb021f04e452a425e91ef1dcc32505613b01307e16ffbe181b009cb7c27,,
ersrr-ordinal-win,mars_prithvi_physical_scene_probe_folds34.json,11371,f12a36af99d6b399f2292d45d68cd93e446220388aedea0f9936315bf76e2bcd,development-only physical-radiometry Prithvi selection on folds 3/4,Reject the physical-radiometry Prithvi candidate before fold-2 extraction.
ersrr-ordinal-win,MARS_PRITHVI_PHYSICAL_SCENE_PROBE_FOLDS34.md,699,2f56f55fc771a499f97f82127044df819d27a19e6e90e63add3ed2a05cc596a4,,
ersrr-ordinal-win,mars_prithvi_scene_probe.json,43717,7b8c935bba06feaefd38559175f4e25474687490547eaa3340ec04b502d2750d,development-only Prithvi transfer probe; paper test not loaded,Freeze the Prithvi scene complement for one transparent paper benchmark.
ersrr-ordinal-win,MARS_PRITHVI_SCENE_PROBE.md,723,772d18de3eabe8f0febef6931465bb28c61cae02e33f6690a66ff3c677263b88,,
ersrr-ordinal-win,mars_prithvi_scene_probe_paper_posttest.json,7720,21f905944c24c119b5412fe6d2e626353f07381d3866811607d92492c25bcc89,transparent post-test Prithvi scene-probe replay on exact paper comparator,Reject the Prithvi complement as the final successor; at least one exact paper gate fails.
ersrr-ordinal-win,MARS_PRITHVI_SCENE_PROBE_PAPER_POSTTEST.md,723,a9023c67ac1853a627e5d621bacc2ea4929d3d17ed2b5417359fb99a3353a5c1,,
ersrr-ordinal-win,mars_prithvi_spatial_head.json,21376,77507f57de075a7b47adf36831d93830900db51062484ee48765094dea1a3f2f,two-seed five-fold spatial Prithvi development experiment; paper cache not loaded,Reject the spatial Prithvi head before paper scoring.
ersrr-ordinal-win,MARS_PRITHVI_SPATIAL_HEAD.md,215,3d72efa10803766bb9ae228f3bf37842e3f4f4198b0355ecde6b6f419ae1191c,,
ersrr-ordinal-win,mars_protected_bisensor_expanded_unep.json,49344,3e70513986192dda3b7aadc8feed6a5b12ce6e11eaaef2691e9deb7859efc96c,controlled fold-3/fold-4 repeat of recall-protected bi-sensor anchored adaptation with the expanded 160-row real UNEP auxiliary manifest,"Reject this architecture before external development, fold 2, or official-test scoring."
ersrr-ordinal-win,MARS_PROTECTED_BISENSOR_EXPANDED_UNEP.md,585,7d8b54228e69f402781fd5dd3cbdcf0fb6d6255020dc0e06cf8a3f93962ca623,,
ersrr-ordinal-win,mars_protected_bisensor_expanded_unep_cache_repeat.json,49986,08f5ed7dbf9c7085f9393b37fdb1fd34fcdb673e82ad41225544f00d373f54da,same-seed replication of the expanded-UNEP protected cross-fit with a compact identity-aligned scene-score cache for preregistered independent-signal fusion,"Reject this architecture before external development, fold 2, or official-test scoring."
ersrr-ordinal-win,MARS_PROTECTED_BISENSOR_EXPANDED_UNEP_CACHE_REPEAT.md,585,d0bcfcd387c188c98344d6950a54095f6060b0803de8170aee61e86ee2c08618,,
ersrr-ordinal-win,mars_protected_bisensor_expanded_unep_fold2_cache.json,23710,a801b317c3f7690cca5d1afad283c77a95700ade435738378fa859afb4ac5b26,single new-seed anchored-U-Net endpoint fit on folds 3+4 and scored once on fold 2 for the fixed protected ensemble confirmation,"Reject this architecture before external development, fold 2, or official-test scoring."
ersrr-ordinal-win,MARS_PROTECTED_BISENSOR_EXPANDED_UNEP_FOLD2_CACHE.md,585,cd5119ebf20fc18526935f8db8d2d1c1256df7075c770fa01d88239ace92da53,,
ersrr-ordinal-win,mars_protected_bisensor_finetune_pilot.json,49354,0c3e2f2253316c714f1b58f39092bf6cc9e5b445823a46be27a5b1e1ebd818af,fold-3/fold-4 cross-fit of recall-protected bi-sensor fusion over weight-anchored full released-U-Net adaptation,"Reject this architecture before external development, fold 2, or official-test scoring."
ersrr-ordinal-win,MARS_PROTECTED_BISENSOR_FINETUNE_PILOT.md,585,4c00de243b709141a2bfcd56df82ac8cd99b35ac1a64e223cd2f9305b818d279,,
ersrr-ordinal-win,mars_recall_anchor_diagnostic.json,9725,342844238687f122bbabb3e963c8d98d829f5fc6a91c95dd6087475b493824d9,development-only complementarity audit for a recall-anchored dual-expert successor,continue_to_recall_anchored_architecture
ersrr-ordinal-win,MARS_RECALL_ANCHOR_DIAGNOSTIC.md,1306,78fd32ab71c7d65f2e024a818bf62236c0e90e693ab290b07cdc8cf09291d125,,
ersrr-ordinal-win,mars_released_model_baseline.json,3528,4b0d59c3efb022e3fbee1c2c78b25dab9b1aff981b4720a3ae65c5cb16b83af1,released_marss2l_on_frozen_strict_spatial_development_cohort,
ersrr-ordinal-win,MARS_RELEASED_MODEL_BASELINE.md,872,904606c22a09d3428117e85de5216d0752c6a75d40be63bec03f110023558428,,
ersrr-ordinal-win,mars_released_model_full_strict_baseline.json,4047,433301db9591a10d6f702fb31b9fc34992f2704c1d074a8e897b71fe6c83c653,released_mars-s2l_on_frozen_full_strict_spatial_cohort,
ersrr-ordinal-win,MARS_RELEASED_MODEL_FULL_STRICT_BASELINE.md,880,c25d99cf0df5e249eb22b0fbbd32526b1d277f47c3454161fad6eefe2304a114,,
ersrr-ordinal-win,mars_residual_endpoint_blend_fold0.json,141735,bd5b6e6aa12bb683ab4431b4538014efb852875c4390c3a83bdf9f15951806eb,fold-0 development architecture selection; fold 1 and paper test not loaded,Reject the retained endpoint blend on fold 0.
ersrr-ordinal-win,MARS_RESIDUAL_ENDPOINT_BLEND_FOLD0.md,1087,b25b4e0d10e6ca4bbb4ced5c58d62698a325675543f544db26a30f27e604018b,,
ersrr-ordinal-win,mars_rex_spatial_classifier.json,20886,008df042388e601740f3c24088efda9356da38dea5eb542b8d7ce52409230d37,two-seed five-fold V-REx spatial development experiment; paper cache not loaded,Reject V-REx spatial model before paper scoring.
ersrr-ordinal-win,MARS_REX_SPATIAL_CLASSIFIER.md,239,c3d9cad68e4220846efce7e6c3f118314fe47063131c8a01c50c7702c69636db,,
ersrr-ordinal-win,mars_robust_prithvi_ranker.json,111849,160f042fde8662020fe5b3fd6ba02e04301aea36dc6a11df1ed86bfb282c0f3b,development-only worst-domain pairwise-AUC Prithvi ranker; no fresh or paper inputs,Reject robust Prithvi ranker before fresh or paper scoring.
ersrr-ordinal-win,MARS_ROBUST_PRITHVI_RANKER.md,365,c5d05971fc932f27ca90691416cee4437f6a94c16465043899052d32e8334a38,,
ersrr-ordinal-win,mars_robust_site_template_ranker.json,142719,16a3928c9ea7dcc3f25e2ba3c62fededc231655e0436c3d35d6eb2e4006e8a88,fold-3/fold-4 robust site-history crossfit; no other outcome partition loaded,Reject robust site-template ranking before fold-2 access.
ersrr-ordinal-win,MARS_ROBUST_SITE_TEMPLATE_RANKER.md,438,bfdc43ba547fdea08e336298961f2b656543c9a978753b34657ea7e93ae9e546,,
ersrr-ordinal-win,mars_scene_domain_routing_confirmation.json,20236,fd4548ce5691b505c7f67126ab60eb39f256ece669fbb1b224e785ff8cce2e14,post-test diagnosed rule reverse-validated on development folds; paper labels not loaded by this tool,Reject the post-test scene routing rule because development reverse validation failed.
ersrr-ordinal-win,MARS_SCENE_DOMAIN_ROUTING_CONFIRMATION.md,584,31ca084efa9a0bd58a28a820a34826bc05c9aaef385ecfaf43e4cb7676c2a684,,
ersrr-ordinal-win,mars_scene_gated_masks.json,65510,08d6e8f38e357d0191245dadc3295cef4252a933e99b7a58ad49751ef58fd178,development-only cross-fitted scene-gated masks; paper test not loaded,Freeze the scene-gated mask rule for one transparent post-test paper-cache replay.
ersrr-ordinal-win,MARS_SCENE_GATED_MASKS.md,846,123ee809e21ba7b4db61978f6772c186a48487c0e965e4b0fdca3a089e9cbe87,,
ersrr-ordinal-win,mars_scene_gated_spatial_paper_posttest.json,8142,b943dce218f6308b31e681412a84f7abeb05119ae9c43a1a4ca9203b25db7fe4,transparent post-test scene-gated spatial successor on exact paper cache,"Dense segmentation now passes both exact paper views, but at least one scene-level superiority gate remains unresolved."
ersrr-ordinal-win,MARS_SCENE_GATED_SPATIAL_PAPER_POSTTEST.md,800,b25cf1c3a6f63d5abb6bd1a19b19bc44395795d8b4308e8c82ae5e55c7df3fe5,,
ersrr-ordinal-win,mars_scene_ranker_fold0.json,4241,02e130c701c14c0739263e8e6a2b0c813711a5cdb5de91dd8792e74f92f0a043,one-shot fold-0 architecture selection; fold 1 and paper test not loaded,Reject the frozen scene-head architecture on fold 0.
ersrr-ordinal-win,MARS_SCENE_RANKER_FOLD0.md,421,f4ce6e85cea9918f3c20972adf048e4967c446710822ae7919b3b31c39b97880,,
ersrr-ordinal-win,mars_scene_ranker_inner_fold2.json,166583,20c82ea36024dbaa5f1fd56673a139a63945b07c1ade4a706acbd3cda2f5fcec,"inner selection: train folds 3-4, validate fold 2; folds 0/1 and paper test not loaded","Freeze this scene head, refit it on folds 2-4, then evaluate fold 0 once."
ersrr-ordinal-win,MARS_SCENE_RANKER_INNER_FOLD2.md,396,e2e9694ceab8ed1b93307366461783435ba22a1ba5190be771018f2e7df349da,,
ersrr-ordinal-win,mars_scene_stacker_v3.json,91225,2b999787c27e3a58fe5ba3b9be891b6ea0aaa43b46a0661e08151d3fa3dc4dff,development only; paper-test labels and scores are not loaded,Reject the stacker before any paper-test evaluation.
ersrr-ordinal-win,MARS_SCENE_STACKER_V3.md,671,e5b5ae4bbce66dac4bc145093d9ca0d2a757a6bbf837a418da51c399cf8a5478,,
ersrr-ordinal-win,mars_scene_stacker_v3_paper_posthoc.json,6505,1fffa2fc4cf5ab61ef4f6a1c64a7cb155f2a4c8f4adf3320e0257a0729f40d4d,post-test diagnosis of a development-rejected stacker; not confirmation evidence,Reject the stacker; it does not solve the exact paper scene gates.
ersrr-ordinal-win,MARS_SCENE_STACKER_V3_PAPER_POSTHOC.md,494,9c19e66a9aeeb1bbfe0e42adf65267c737dbbb491dd3359c45e21fe43113184c,,
ersrr-ordinal-win,mars_selective_proposal_transformer_folds34.json,18250,24467dc3069ce19f405a6e821b2f84089217a5fbd48d981ab0a3f2e3d5ef15f7,"two-fold, two-seed selective proposal-verifier transformer on authorized MARS folds 3/4",reject_selective_proposal_transformer
ersrr-ordinal-win,MARS_SELECTIVE_PROPOSAL_TRANSFORMER_FOLDS34.md,408,3a3343dc058613fd070f9f9f275440261f0b3969b3b8e25123a8f3990d076c00,,
ersrr-ordinal-win,mars_selective_proposal_transformer_smoke.json,381,7b05410056f4a5a5d08bf24f3a3ab266c3d78849870639b6416642a4669b8fbe,,
ersrr-ordinal-win,mars_sensor_mask_thresholds_confirmation.json,5641,a93a38d43eb37af661744ddebd38b5b7f62fa31d297fbea14e8606a84b1b8781,all development folds; paper test not loaded,Advance the frozen sensor-specific mask rule to a transparent post-test benchmark evaluation.
ersrr-ordinal-win,MARS_SENSOR_MASK_THRESHOLDS_CONFIRMATION.md,627,400e676c59aaba78ec598233f1ee8f8a774af2e0f955d6a6ae5946c2cf1483c4,,
ersrr-ordinal-win,mars_sensor_ordinal_folds34.json,24334,11495a4af8125cc521d64260667b5ac872bbb6eb5e9b097e41c4201b6e870d02,development folds 3/4 only,stop_no_second_seed
ersrr-ordinal-win,MARS_SENSOR_ORDINAL_FOLDS34.md,925,c52f859f837ccfa08964be2d074a8546a3b8d3c821bca7f54a8aaec756e6b3db,,
ersrr-ordinal-win,mars_sensor_ordinal_held_attempt_failure.json,9340,2c05b60945a7f9d7c50864efd55639e122ac32d12926ab1b33d183cd3336352e,,infrastructure_failure_not_scientific_rejection
ersrr-ordinal-win,mars_simulation_augmented_counterfactual_ranker_folds34.json,120926,2a3c5ade34816d88567bfe7c467e817fef7dff3ee33cbfb6fe38199290209b6f,fold-3/fold-4 honest cross-fit with fit-fold-only same-background simulation,Reject same-background simulation augmentation before fold-0/1/2 or external extraction.
ersrr-ordinal-win,MARS_SIMULATION_AUGMENTED_COUNTERFACTUAL_RANKER_FOLDS34.md,325,002dcfbc7c5d582e619266ad6d3eb85e6e08222fa6f0c6cbc48e6a75d6bce91b,,
ersrr-ordinal-win,mars_site_relative_spatial_classifier.json,38207,c2b6695dbe24f0b5bc097d89c6fa6332c2af93441079cd55bec99e77aeeb820f,"development only; paper-test labels, scores, and imagery are not loaded",Freeze the site-relative spatial model for one transparent exact-paper replay.
ersrr-ordinal-win,MARS_SITE_RELATIVE_SPATIAL_CLASSIFIER.md,787,2a479e1ef27dab474fd2761bee181e68c741766499c3d8a7edbe56d0fb9d7343,,
ersrr-ordinal-win,mars_site_relative_spatial_development_scores.json,2029,1e244406684d07fcbecf62c607d2721cb16e121b77d11eb01a1b9d1fdb338bb6,label-free score reproduction on authorized development folds only,
ersrr-ordinal-win,mars_site_relative_spatial_paper_posttest.json,8019,7d99569bb915baa456741055a1309aceb550313662a747612c1c65ce28b3d19e,transparent post-test site-relative spatial replay on exact paper comparator,Reject the site-relative spatial model as the final successor; at least one exact paper gate fails.
ersrr-ordinal-win,MARS_SITE_RELATIVE_SPATIAL_PAPER_POSTTEST.md,770,61379de4a19c3ff093136dfa7ee9b04372172dcc747a5a105bb895adae061b5a,,
ersrr-ordinal-win,mars_site_risk_prior.json,341264,108b853371b8e348de3b492d340359724fd1081b616c140f3e723d986c0c59b9,development-only cross-site risk prior; exact paper cache not loaded,Reject the cross-site risk prior before fresh or paper evaluation.
ersrr-ordinal-win,MARS_SITE_RISK_PRIOR.md,217,fce03d46c283af2208b2678fe0879f3efb088d5bdc6e4d1d18a1f14b08fe5a7a,,
ersrr-ordinal-win,mars_source_aligned_fold0_seed707.json,86260,29ac72c9c7f2a83c792571ea2c30026816c76242c5aa21904dcf05b36bfb5237,site-held development; fold 1 and paper test not loaded,Reject source-aligned residual on fold 0.
ersrr-ordinal-win,MARS_SOURCE_ALIGNED_FOLD0_SEED707.md,383,757372693ee120e79cd5389a601e6ecc9b83a67f25c63e04ffbd0f1eb38e28c6,,
ersrr-ordinal-win,mars_source_aligned_smoke_seed707.json,19503,380c4dd47b0eae96546d78282803081922d5ed70620766abf6f842b1a209b214,site-held development; fold 1 and paper test not loaded,Smoke only; no promotion.
ersrr-ordinal-win,MARS_SOURCE_ALIGNED_SMOKE_SEED707.md,349,e188946528932aff170bb79c5b64053b18dfd6f6aa34e652054958c51081185b,,
ersrr-ordinal-win,mars_spatial_hard_ranker.json,576732,55726830efa06f98339ecc5df662a124f7bc8a504c34d974589734b54842435e,development only; paper-test labels and imagery are not loaded,Freeze the hard ranker for a transparent post-test paper benchmark.
ersrr-ordinal-win,MARS_SPATIAL_HARD_RANKER.md,827,9b788a6df3727e25d644fa849e8db6418872c5abeacfe290ba144c775d8c6565,,
ersrr-ordinal-win,mars_spatial_hard_ranker_paper_posttest.json,7503,f9cbe235c7f05fa830001df264e8d1942c61ecc57aea2ace661855139aa9b577,transparent post-test development evaluation on exact paper rows and comparator,At least one exact paper superiority gate remains unresolved.
ersrr-ordinal-win,MARS_SPATIAL_HARD_RANKER_PAPER_POSTTEST.md,630,a34680fc50b4b2d4073b8e913ed7a5f417f19a1c18a5cd0aa964943fbaf8f1c3,,
ersrr-ordinal-win,mars_spatial_prithvi_calibration.json,3520,b92e60d900e511fa197a262ee5f24bcda9eff5524468357a43fbc0439c83a6df,development-only monotone negative-logit calibration,Reject calibration before fresh re-evaluation.
ersrr-ordinal-win,mars_spatial_prithvi_ensemble.json,103832,6cf8b8da7a63d8a124137def4fdc408f02f84a9858adfda206614c3cc2213ff1,development-only non-temporal representation ensemble; paper cache not loaded,Freeze the spatial-Prithvi ensemble for fresh safety evaluation.
ersrr-ordinal-win,MARS_SPATIAL_PRITHVI_ENSEMBLE.md,235,ae08a31399cd98fe19c43919b1267eabaadae16154c4990f07952b91dd2a8ec0,,
ersrr-ordinal-win,mars_spatial_prithvi_ensemble_paper_posttest.json,11496,c9ad10c0cb0ba6314b44935829187712d450c5bf74dca02de9d5f3005e4827f9,transparent post-test calibrated spatial-Prithvi ensemble replay on exact MARS-S2L v3 comparator,The frozen ensemble does not beat the exact MARS-S2L v3 comparator on every required gate.
ersrr-ordinal-win,MARS_SPATIAL_PRITHVI_ENSEMBLE_PAPER_POSTTEST.md,882,ebc469f11d568f3c47db55d86f416cd3793a74509f2dc5420b8a94cea653b89d,,
ersrr-ordinal-win,mars_spatial_prithvi_negative_cdf_calibration.json,5171,334feb1937edab7b6949c2bcb89ad68508f0c35a274081defe17da3c345dd1b6,development-only negative empirical-CDF dominance calibration,Freeze negative-CDF calibrated ensemble for transparent fresh replay.
ersrr-ordinal-win,mars_spatial_prithvi_tail_calibration.json,4617,30b81690ac4c28322e25496091391e6b2bb97e06446bcf3fcf28f3f95a2f263b,development-only monotone p95 and exact-tail calibration,Freeze tail-calibrated ensemble for transparent fresh safety replay.
ersrr-ordinal-win,mars_spatial_scene_classifier.json,462000,dfeba0d4e8dde28ae880077c0db2010ccda5c57f58d293f4d3f834b541605c22,development only; paper-test labels and imagery are not loaded,Freeze the spatial classifier for a transparent post-test paper benchmark.
ersrr-ordinal-win,MARS_SPATIAL_SCENE_CLASSIFIER.md,797,36a4987288f37d7987bd9db4d5fbac52fe5363d2902fc4499b102d12f83bbe07,,
ersrr-ordinal-win,mars_spatial_successor_paper_posttest.json,7515,77d6f3592571341c6b18b8f0a266c7696f5f6d0dbd5faedb7ce41a7b3430edf3,transparent post-test development evaluation on exact paper rows and comparator,At least one exact paper superiority gate remains unresolved.
ersrr-ordinal-win,MARS_SPATIAL_SUCCESSOR_PAPER_POSTTEST.md,630,8ec540241d616f4709f55c6a0d688c7479ba4066de8655e131993785d7cd7f13,,
ersrr-ordinal-win,mars_successor_fold1_confirmation.json,4503,eff2327aaf08b87ea54c6d7e0929c9ed6f3e5bc6a7c9e10d0dcb4e51e99ab5d0,single sealed independent fold-1 confirmation; paper test not loaded,Independent fold-1 confirmation failed; do not open the paper test.
ersrr-ordinal-win,MARS_SUCCESSOR_FOLD1_CONFIRMATION.md,433,a581bdfde6a0ff9d741c81721636e0c4395caf6ed1bd2bb2f572bb593d5bee5d,,
ersrr-ordinal-win,mars_successor_paper_test.json,13457,7e3bc6f45af2b116d654f6e3bbec82a78c3d54b1f1d9d1219e6d6201ac094a01,deterministic metric correction of the frozen official MARS-S2L paper-v3 test evaluation,Frozen ERSRR successor does not pass every preregistered paper-superiority gate.
ersrr-ordinal-win,MARS_SUCCESSOR_PAPER_TEST.md,549,e46cf04fd3b16f444dd8ac4e4618dd2465b9c3f83917cf463edd0b5bd6889b24,,
ersrr-ordinal-win,mars_successor_paper_test_v2_posttest_sensor_mask.json,13767,1986ad46fa3de4630d7676769df81e982d5a9b1e7a7cec83589ca5f9b314b9c0,transparent post-test architecture evaluation on the official MARS-S2L paper-v3 cohort,Frozen ERSRR successor does not pass every preregistered paper-superiority gate.
ersrr-ordinal-win,MARS_SUCCESSOR_PAPER_TEST_V2_POSTTEST_SENSOR_MASK.md,549,4ad374df70611ae7244408a46e2fb386babc78c8ed1bf285e14d9f7afd9bdbd6,,
ersrr-ordinal-win,mars_successor_paper_test_v3_posttest_scene_ensemble.json,13990,6086f09d9948fde846b83a01c4ce6bdba2080d43a2f4cb409fa2e1de470a065a,transparent post-test architecture evaluation on the official MARS-S2L paper-v3 cohort,Frozen ERSRR successor does not pass every preregistered paper-superiority gate.
ersrr-ordinal-win,MARS_SUCCESSOR_PAPER_TEST_V3_POSTTEST_SCENE_ENSEMBLE.md,549,0e9aa8b623ecfd45a7c9da91268b75561ed871516d0fa277ce7763b56c7ccb65,,
ersrr-ordinal-win,mars_target_mixture_temporal_spatial.json,168525,a6869be182769ffce4ce93466a3b056bddc2624f23a367b63198f8128668e0dc,development-only target-mixture transport simulation; exact paper cache not loaded,Reject target-mixture ensemble before fresh or paper evaluation.
ersrr-ordinal-win,MARS_TARGET_MIXTURE_TEMPORAL_SPATIAL.md,428,d8b7eb1a23f38f4654abcfcb848440c5277d9980c6fa35e1e56a7bbb196094c8,,
ersrr-ordinal-win,mars_target_weighted_scene_head.json,36144,1926e16e912e8e3aecc9df5fc1fc6b29d3b2b6af4e0d1d3e9ccd6252999af6a3,five-fold unsupervised target-weight simulation; paper cache not loaded,Reject unsupervised target weighting before paper adaptation.
ersrr-ordinal-win,MARS_TARGET_WEIGHTED_SCENE_HEAD.md,738,ae0bf2368550939ec0d170d249e8cf6124d18e91f111a2a43b4fb61649cc4bf3,,
ersrr-ordinal-win,mars_target_xgboost_consensus.json,26105,bdd8c1f0ccb7472b0ab3c7f54ab48d720cd39ece212e475438849c981f3a6212,five-fold development-only target/XGBoost consensus; paper cache not loaded,Reject consensus before paper adaptation.
ersrr-ordinal-win,MARS_TARGET_XGBOOST_CONSENSUS.md,576,1141905ed372f0f625e53f39e1a27d00003d09b56d35b5a135b6d025d02cae87,,
ersrr-ordinal-win,mars_temporal_site_prior.json,306846,e91261cceec69b69f2de24cb25889e630693d478ecaba4806f1767060fd6299b,development-only temporal site-prior selection; exact paper cache not loaded,Reject the temporal site prior before fresh or paper evaluation.
ersrr-ordinal-win,MARS_TEMPORAL_SITE_PRIOR.md,364,a802cc75431198bbe7262a940a749c84e96a460ebaa7fb9985fb66e02f5668be,,
ersrr-ordinal-win,mars_temporal_site_suppression.json,588979,913786dcf2243b44adaeafa011844f887116b8a45427c535dc68060fcb893199,development-only one-sided temporal suppression; exact paper cache not loaded,Reject one-sided temporal suppression before fresh or paper evaluation.
ersrr-ordinal-win,MARS_TEMPORAL_SITE_SUPPRESSION.md,356,d5a36ecf5e7c832b834ecd4a92d3982264ab301a314a952c58e920b986167215,,
ersrr-ordinal-win,mars_temporal_spatial_ensemble.json,782902,dc64b7aeba115456f8f7e290100d199beef8a43762607f24f5f0618553066eda,development-only temporal-spatial ensemble; exact paper cache not loaded,Reject the temporal-spatial ensemble before fresh or paper evaluation.
ersrr-ordinal-win,MARS_TEMPORAL_SPATIAL_ENSEMBLE.md,411,0da67e53f6995a79bc9be4a0fa20944dff1e22ae2f6ce72462c8f0032fc1b326,,
ersrr-ordinal-win,mars_unep_positive_augmented_paper_posttest.json,8030,b9083253abf7ef48d0c1e38907431edca923687cf0e39b2023c8436be2a82182,transparent post-test replay on the exact MARS-S2L v3 comparator,At least one exact MARS-S2L v3 paper gate remains unresolved.
ersrr-ordinal-win,MARS_UNEP_POSITIVE_AUGMENTED_PAPER_POSTTEST.md,770,496563243bf36293424ce91a3a52bb20ef7811e40f59e687e67a3d8c8056a8b9,,
ersrr-ordinal-win,mars_unep_positive_augmented_xgboost.json,15222,2f06bba39c42081747d1862b3e7eaedf8b7777de1acad728c3a1f9b8ecef3f47,development-only UNEP positive augmentation; paper test not loaded,Freeze the augmented scene head for exact paper-cache evaluation; dense masks remain unchanged.
ersrr-ordinal-win,MARS_UNEP_POSITIVE_AUGMENTED_XGBOOST.md,581,641e5ac84ced4da7f76eca4e4f2b0e282c1a0ac341c45779889597906ff4aff7,,
ersrr-ordinal-win,mars_unseen_low_prevalence_router.json,898305,d59decc1ebafa2dd4fff3253275e5de6b96a0650f56261f3d8b3685f2c7070bd,development-only unseen low-prevalence routing; exact paper cache not loaded,Reject unseen low-prevalence routing before fresh or paper evaluation.
ersrr-ordinal-win,MARS_UNSEEN_LOW_PREVALENCE_ROUTER.md,367,deed67d12177f485f5c98473f8be75a62b5c2030408362292d3d63fba23b13c8,,
ersrr-ordinal-win,mars_v3_proposal_validation.json,7670,5b2ad3e6af4d0b771a1020e882fb985be3664ea0aa41c19561f9aa6b818a3494,v3_connected_proposal_internal_validation,Freeze the calibrated component classifier with the v3 checkpoint before strict evaluation.
ersrr-ordinal-win,MARS_V3_PROPOSAL_VALIDATION.md,678,37c4f6ac1abee06917bf9de0fe419c06ae49101cabba4757c84e3244d78a70f9,,
ersrr-ordinal-win,mars_v3_seed101_proposal_validation.json,7675,793516ad1974e183d8325a88ff7ee78b09177735f9985acc1495a7ca09297d2e,v3_connected_proposal_internal_validation,Freeze the calibrated component classifier with the v3 checkpoint before strict evaluation.
ersrr-ordinal-win,MARS_V3_SEED101_PROPOSAL_VALIDATION.md,678,23067670f3bec098cb08265773e5038faff8e7c76b46bcc2484ee8c94bafed89,,
ersrr-ordinal-win,mars_v3_seed101_strict_evaluation.json,12785,2b78525bcab2b46a7e8497a0343aa75299731830efa61cd922fe4e801f218633,frozen_v3_full_strict_spatial_evaluation,V3 does not clear the frozen full-MARS gate. Preserve this result; do not retune from strict-test behavior.
ersrr-ordinal-win,MARS_V3_SEED101_STRICT_EVALUATION.md,617,fc9a46e51e2d9df9685e0ff476b8652a64e85523aa3e0ada9bf15f4543e06c9e,,
ersrr-ordinal-win,mars_v3_seed101_validation.json,19207,9b352945bf4c86560c6a1d0579e413a3b8ca24c1fc18b1c77e7806ab0dbe1220,v3_internal_validation_selection,Freeze this validation-selected checkpoint before any strict-spatial evaluation.
ersrr-ordinal-win,MARS_V3_SEED101_VALIDATION.md,563,32e449ea3dcb207e87520d7523bd5201ef9bd781473cf608ffd64804cfacaad5,,
ersrr-ordinal-win,mars_v3_seed202_proposal_validation.json,7684,be38d290042de36d218563e229ae62af596b9b9c446198292f5483aad91425da,v3_connected_proposal_internal_validation,Freeze the calibrated component classifier with the v3 checkpoint before strict evaluation.
ersrr-ordinal-win,MARS_V3_SEED202_PROPOSAL_VALIDATION.md,678,22a6a79b7834e0bdfa6421277141d9d10ac0ed8dc7e009ff8da347d8449ccd2f,,
ersrr-ordinal-win,mars_v3_seed202_strict_evaluation.json,13644,ee222dc99a979acae01c737df6c331898795e99d07208e949f8345e4668263a0,frozen_v3_full_strict_spatial_evaluation,V3 does not clear the frozen full-MARS gate. Preserve this result; do not retune from strict-test behavior.
ersrr-ordinal-win,MARS_V3_SEED202_STRICT_EVALUATION.md,617,dd42bc534e5313c51f98e91423e2a7962cf789a91b4d078d4dc47c21c1549cd7,,
ersrr-ordinal-win,mars_v3_seed202_validation.json,27107,e8caa6c59ec776bd28e81329f0cf171a0006b1212be5c876be9c8231da4459fc,v3_internal_validation_selection,Freeze this validation-selected checkpoint before any strict-spatial evaluation.
ersrr-ordinal-win,MARS_V3_SEED202_VALIDATION.md,563,873ba2ac28285c8f2cbeffef9b50b9d84a44d1d5218549013a6d4f69550b3241,,
ersrr-ordinal-win,mars_v3_seed303_strict_evaluation.json,13894,1b7223558c61d142f5ca7f4dd94ae99e8f684ba7f5bf95dd0642ab043a0a777b,frozen_v3_full_strict_spatial_evaluation,V3 does not clear the frozen full-MARS gate. Preserve this result; do not retune from strict-test behavior.
ersrr-ordinal-win,MARS_V3_SEED303_STRICT_EVALUATION.md,617,5cf4c0ffc965692543bd938132064c9cf81a5afb7aafe5752425fa49d6f42c83,,
ersrr-ordinal-win,mars_v3_seed404_proposal_validation.json,7677,124eed939b66c699a0f04db9deb07fcec3b6439438c530fb08abdf76cb26618b,v3_connected_proposal_internal_validation,Freeze the calibrated component classifier with the v3 checkpoint before strict evaluation.
ersrr-ordinal-win,MARS_V3_SEED404_PROPOSAL_VALIDATION.md,678,ab02f61f49ab8bce6a7e4d84b7b387edacc6a24f0cd7074511ac3ef4d4e79802,,
ersrr-ordinal-win,mars_v3_seed404_strict_evaluation.json,13857,275df5dd22bd309fc94184b64e513fa445d302df0fb26b9dc724f28dbb089a68,frozen_v3_full_strict_spatial_evaluation,V3 does not clear the frozen full-MARS gate. Preserve this result; do not retune from strict-test behavior.
ersrr-ordinal-win,MARS_V3_SEED404_STRICT_EVALUATION.md,617,9b6a5fe3e03ddbf8f3bd8afa6fbe79c0fbd46f5ace5095b624f8c3aa476b1aaf,,
ersrr-ordinal-win,mars_v3_seed404_validation.json,24924,c9a1aeb65df8f7d5f9a79e207b9c48ea81f0c6e149ea4b04874eb78535d7ec2a,v3_internal_validation_selection,Freeze this validation-selected checkpoint before any strict-spatial evaluation.
ersrr-ordinal-win,MARS_V3_SEED404_VALIDATION.md,563,e83adff78d1e01aed0edbd8eac0aea7dc229d4f121f2c5429f4b7adfe3171db0,,
ersrr-ordinal-win,mars_v3_seed505_proposal_validation.json,7667,1f8fb6c344f1861952e9953ccf95272737a6c7a2ccdfc6f2b574b49595d55aa7,v3_connected_proposal_internal_validation,Freeze the calibrated component classifier with the v3 checkpoint before strict evaluation.
ersrr-ordinal-win,MARS_V3_SEED505_PROPOSAL_VALIDATION.md,678,fb16cedae8cabd68f05c599b963bceba4f42de21e92cc8e4fd877b8e77c46923,,
ersrr-ordinal-win,mars_v3_seed505_strict_evaluation.json,13740,d35e8ccf2dc16beb3a94bf29bf629798220205cc9f89ee9ed02478a3b4e364b3,frozen_v3_full_strict_spatial_evaluation,V3 does not clear the frozen full-MARS gate. Preserve this result; do not retune from strict-test behavior.
ersrr-ordinal-win,MARS_V3_SEED505_STRICT_EVALUATION.md,617,6897570a52015ee55dafdf0f34994d399ba142481a923d0eaba454f53281842c,,
ersrr-ordinal-win,mars_v3_seed505_validation.json,28416,000db71e4369d9c56b2729fe52bacf4117081478eb72cbb554ae9dd66fce6214,v3_internal_validation_selection,Freeze this validation-selected checkpoint before any strict-spatial evaluation.
ersrr-ordinal-win,MARS_V3_SEED505_VALIDATION.md,563,afdd140e269b0598a69e0d494296ae427dc6286a63f9bbdf56f0d83a977a5a4f,,
ersrr-ordinal-win,mars_v3_smoke.json,4848,323eb84c788259012f5cdad6631cc36b7853cac1e3213c2eeee6743a5d0df5d1,v3_pipeline_smoke,Pipeline contract passes. Do not interpret smoke metrics; acquire the frozen full fit/validation corpus before architecture selection.
ersrr-ordinal-win,MARS_V3_SMOKE.md,571,6d450d8e9ff9e26da77d99e774d2817242168e3ad3b383435bee86b83d10c9b1,,
ersrr-ordinal-win,mars_v3_strict_campaign.json,13689,2d6d722696d95c3d033df5c780df0a6981454831f76de26fa41d2f5a24d50aac,frozen_v3_five_seed_full_strict_campaign,ERSRR v3 does not clear every frozen same-cohort MARS-S2L promotion criterion; preserve the result and do not retune from strict-test behavior.
ersrr-ordinal-win,MARS_V3_STRICT_CAMPAIGN.md,602,a448af4d9f5220bc61da6a24bf7ff411ed37da0b8228f5b9fd233d977775662f,,
ersrr-ordinal-win,mars_v3_strict_posthoc_diagnostic.json,46555,b9ebcfaa08a857ed5b5623fcf38ddbccd4da88bdb436985955c3b6f388fcfab6,posthoc_v3_strict_diagnostic_no_tuning,"Exploratory description after the once-only strict campaign. Do not retune v3 from these strata or examples. Use them only to preregister v4 hypotheses and acquisition strata, then evaluate v4 on a newly untouched cohort."
ersrr-ordinal-win,MARS_V3_STRICT_POSTHOC_DIAGNOSTIC.md,2309,b9f7dd2776322a6abaa780750514d241b40e5c146751cefe0a841afe062a1792,,
ersrr-ordinal-win,mars_v3_validation.json,25662,f3e9c182c0c239801d96d4f4ac520d846b3031a0bb4153c25116d369a294d2e2,v3_internal_validation_selection,Freeze this validation-selected checkpoint before any strict-spatial evaluation.
ersrr-ordinal-win,MARS_V3_VALIDATION.md,563,971a0b185a771cf04aea4a3450f7db685ae816fcc0ced22a644ac56dec4a36c4,,
ersrr-ordinal-win,MARS_V4_1_EPOCH20_PROTOCOL.md,1770,32e8209c3d9a7ddcdb421e19aa6329ee60cebbb6f2f899baf2d455072e36a43a,,
ersrr-ordinal-win,mars_v4_1_seed606_epoch10_validation.json,16029,8e07a14f1a445b5417922a0045da597fcf51740d536270fc40938ca9617bdf91,v4_internal_validation_selection,Reject this v4 pilot before strict-cohort evaluation because it does not match the five-seed v3 internal reference on every gate. Preserve the negative result and revise the objective; do not spend the opened strict cohort on this checkpoint.
ersrr-ordinal-win,MARS_V4_1_SEED606_EPOCH10_VALIDATION.md,827,759ee62021a669e2f29a62c22be4eb081c01da8b044781ea5971fa7c312bcf48,,
ersrr-ordinal-win,mars_v4_1_seed606_epoch20_validation.json,25331,4dad9fa79c9b7163eb55f23e11a3f461e9c9e846ea6fc3080a4137a6e7e1ab51,v4_internal_validation_selection,Reject this v4 pilot before strict-cohort evaluation because it does not match the five-seed v3 internal reference on every gate. Preserve the negative result and revise the objective; do not spend the opened strict cohort on this checkpoint.
ersrr-ordinal-win,MARS_V4_1_SEED606_EPOCH20_VALIDATION.md,827,558f69f6330f3c665df08e83a59eafd105ac9c22336301bc9f50f665f8b9c0a9,,
ersrr-ordinal-win,mars_v4_1_smoke.json,6279,1f3398a73893cfb414177e12692bf224cb1ad302dac0ddbcb50aac6d78f75239,v4_pipeline_smoke,Pipeline contract passes. Do not interpret smoke metrics.
ersrr-ordinal-win,MARS_V4_1_SMOKE.md,455,58b6f02ee8000940bb0039c58bef2ba857539d7c8b630380159f0d7d1f70a1c9,,
ersrr-ordinal-win,MARS_V4_2_MULTISEED_PROTOCOL.md,2395,23b2eb0ab80cba48acd69f8a906ed30454a75eb4ef4f3bd993bfc10d8892128d,,
ersrr-ordinal-win,mars_v4_2_nested_scoring.json,30578,b6d7911e541409ef773ee3767c628fee334ceadcdfb9c4348f3c981d7ad24d3c,v4_2_internal_group_held_scene_score_selection,Reject the v4.2 morphology ranker before strict evaluation because its group-held estimate does not clear every v3 development gate. Preserve the result and do not select a formula from strict behavior.
ersrr-ordinal-win,MARS_V4_2_NESTED_SCORING.md,752,b082192aab1c0f0b4a17106ff838279365a73537e1461a5ef8f7ae80eca0fbaa,,
ersrr-ordinal-win,mars_v4_2_seed606_validation.json,25327,36661657477a40d3791e800bd0aa61ef6f793e5a76f171c3213f88fedada4fc7,v4_internal_validation_selection,Reject this v4 pilot before strict-cohort evaluation because it does not match the five-seed v3 internal reference on every gate. Preserve the negative result and revise the objective; do not spend the opened strict cohort on this checkpoint.
ersrr-ordinal-win,MARS_V4_2_SEED606_VALIDATION.md,827,f582a35ae4f634c56ac721b6fa392e00865191c2047a054e9f75834efdcc0322,,
ersrr-ordinal-win,mars_v4_2_seed707_validation.json,25316,2ea899f3b63c1ccb8c8efb7c00a9e03e1a92addb3dafdca9c9d6e43c5c1cead0,v4_internal_validation_selection,Reject this v4 pilot before strict-cohort evaluation because it does not match the five-seed v3 internal reference on every gate. Preserve the negative result and revise the objective; do not spend the opened strict cohort on this checkpoint.
ersrr-ordinal-win,MARS_V4_2_SEED707_VALIDATION.md,827,279a05e39b8c628148f9fd1019087876e5fbedce35c8cdd8093c2153ac0e91b0,,
ersrr-ordinal-win,mars_v4_2_seed808_validation.json,25486,c7400fc89459dc5d4293bda45152d4be83ba2907250771699a63c892bb2065a8,v4_internal_validation_selection,Reject this v4 pilot before strict-cohort evaluation because it does not match the five-seed v3 internal reference on every gate. Preserve the negative result and revise the objective; do not spend the opened strict cohort on this checkpoint.
ersrr-ordinal-win,MARS_V4_2_SEED808_VALIDATION.md,827,f8ce56fadb8c7cd466ab6ef4824ef72afb121eb12f459d3a2750c90564d0607b,,
ersrr-ordinal-win,mars_v4_2_smoke.json,6394,7bba755fde50c3f7dc856644bc0585b6f2ceba0f5c1714b9a076f89e291b64a6,v4_pipeline_smoke,Pipeline contract passes. Do not interpret smoke metrics.
ersrr-ordinal-win,MARS_V4_2_SMOKE.md,455,1692e218ab576b49e49875db1b07c97048c420474ef980f7905bd72eba82e67c,,
ersrr-ordinal-win,mars_v4_2_validation_campaign.json,10173,7b74909a2bea31f204a6724251a33d4c2a02504e5378dc9648fbca4e8f13c7a3,v4_2_three_seed_internal_validation_campaign,"Do not load the strict MARS cohort for v4.2. The frozen three-seed campaign failed the predeclared internal promotion rule on: ap_not_below_v3_mean, recall_at_fpr5_not_below_v3_mean. Preserve this result and revise the research hypothesis before another strict comparison."
ersrr-ordinal-win,MARS_V4_2_VALIDATION_CAMPAIGN.md,1212,e18efbecf1d90cc8b4e5fedf2bbd939ce5626c904c4e3d5f73d39c3202a50fc5,,
ersrr-ordinal-win,MARS_V4_3_ENSEMBLE_PROTOCOL.md,2328,6284a595725095a1852d19745fff151a8baf7c1ade2823a9dcdf06448cd4035f,,
ersrr-ordinal-win,mars_v4_3_ensemble_validation.json,19592,2499aff4b949e1499b0378141d4bf12541de3b6814b5b35b79d685308bbf105b,v4_3_predeclared_internal_validation_ensemble,"Promote the frozen v4.3 ensemble to one evaluation on the already-opened strict MARS cohort using only these validation calibrators, scene thresholds, and pixel threshold. Treat the comparison as development evidence, not a new untouched paper test."
ersrr-ordinal-win,MARS_V4_3_ENSEMBLE_VALIDATION.md,875,dc3fd1edf989823a7cb5adc237d1570cfa453662fd47aa906075b971c422575b,,
ersrr-ordinal-win,mars_v4_3_strict_comparison.json,10353,6a0390aa4dd94e32b50e95b2f847ddaf82f68cd1bca4bdd99a342ea47759a2dc,frozen_v4_3_ensemble_on_opened_full_strict_spatial_cohort,"ERSRR v4.3 does not outperform the released MARS-S2L checkpoint on every same-cohort point metric; failed comparisons: recall_higher, pixel_iou_higher, pixel_dice_higher. Preserve this result and do not retune from strict behavior."
ersrr-ordinal-win,MARS_V4_3_STRICT_COMPARISON.md,1169,01d1bfbd0ef69a2df2b98144b499e4d1af5723d980bc33b83bb568d40e8658ca,,
ersrr-ordinal-win,mars_v4_nested_development.json,22898,179703eac25dd27ca34cc34d4e61638de10f3ce63437254f45deef8ca9250f82,ersrr_v4_group_nested_cascade_development_not_final_test,"Reject the score/physics cascade as the v4 architecture because it did not exceed released MARS-S2L on every development gate. Do not carry its fitted artifact into confirmatory evaluation. Redirect v4 toward simulation-trained segmentation, explicit hard negatives, and domain-aware sampling; keep this result as a documented negative experiment."
ersrr-ordinal-win,MARS_V4_NESTED_DEVELOPMENT.md,2091,6d8f36c57d1321c1aa49953149c3b7c973accc96415423f63dd8042e0655172b,,
ersrr-ordinal-win,mars_v4_seed606_validation.json,10756,1086cd3add0d9f6be90c7f8f32c1520759e94093161fb257ff909e7a76625401,v4_internal_validation_selection,Reject this v4 pilot before strict-cohort evaluation because it does not match the five-seed v3 internal reference on every gate. Preserve the negative result and revise the objective; do not spend the opened strict cohort on this checkpoint.
ersrr-ordinal-win,MARS_V4_SEED606_VALIDATION.md,823,d8c2262fb553669094592c65f9ec88b3a4928c1739981a3fface9cfdd73b65ec,,
ersrr-ordinal-win,mars_v4_smoke.json,6231,88c0cfb544a3daf6c6a6a998fd98ca609b2ae94762b9fff5683785be3dff8781,v4_pipeline_smoke,Pipeline contract passes. Do not interpret smoke metrics.
ersrr-ordinal-win,MARS_V4_SMOKE.md,453,b5c5d8c1e86cbf0118b6d208546e4aad4ef06e040d4385f832df0d49e0363322,,
ersrr-ordinal-win,mars_v5_transfer_pilot.json,5010,2c08a97c91923d6522fdef10371170b821cf3839396625baebdc5071e995a226,"MethaneS2CM-v5.1 end-to-end MARS transfer pilot; fit folds 3/4, held fold 2; paper cache not loaded",Reject end-to-end v5.1 transfer before a full campaign.
ersrr-ordinal-win,MARS_V5_TRANSFER_PILOT.md,233,80fc40e3e63a03052a672f7c634e91e5456cd94015cdf16a8b194e3f8a8c497d,,
ersrr-ordinal-win,mars_v6_error_correcting_pilot.json,33316,1da707289767e9a4f840f86629770089406813dd2819a86ad6b2d1be35c4672a,one-seed folds-3/4 cross-fit viability test of unconstrained v6 error correction followed by protected inference,Reject the unconstrained v6.1 residual schedule before external confirmation.
ersrr-ordinal-win,MARS_V6_ERROR_CORRECTING_PILOT.md,359,ab8b147a484351320eb86c48b1f4eae7e5959db46a1197347f62b3140e60e277,,
ersrr-ordinal-win,mars_v6_error_correcting_pilot_smoke.json,473,8e02681d3215f56fb5ef232f17cb4ff8d42622619ea18fabb2c8a98d60c5e93b,v6.1 unconstrained residual mixed-source optimization smoke,
ersrr-ordinal-win,mars_v6_scene_pilot.json,26450,dcb5fd3610cf468011dae5c2ee2d661aa7cbbbe8aade86e7bb80da4fe6a6e444,one-seed folds-3/4 cross-fit viability test of the product-aware v6 scene adapter against the frozen Gaussian+DOFA champion,Reject this v6 scene schedule before dense or external confirmation work.
ersrr-ordinal-win,MARS_V6_SCENE_PILOT.md,338,77e0cec3e35c0aa73143792fa5f7abfeb0d195320813755c12f1f571882f0d54,,
ersrr-ordinal-win,mars_v6_scene_pilot_smoke.json,437,46228c6a0adc239a478260ffb1d25227ddf75479aac6c75547d9074ae06cd958,v6 scene-pilot mixed-source optimization smoke; no held-fold score,
ersrr-ordinal-win,mars_v6_unified_smoke.json,1504,ac1e424590c202bae691c57a8aac6a7d9ccf818f2b1b5ed0f8685d7e73cd2623,real mixed-source v6 finite-optimization smoke; no held-fold outcome scoring,
ersrr-ordinal-win,mars_xgboost_scene_head.json,30530,f79fb3c8b0a0ff2832d6d7c9d1ae945b6bf6fc6d795e661e49bcaba0910da1db,five-fold development-only XGBoost scene-head selection; paper cache not loaded,Freeze the XGBoost head and its artifact for one exact-paper replay.
ersrr-ordinal-win,MARS_XGBOOST_SCENE_HEAD.md,629,9fc000e899adf357816dc514754386fdfca179259cc2d00f0eca855f33e54325,,
ersrr-ordinal-win,mars_xgboost_scene_head_paper_posttest.json,7948,4d1b802fe6f322e738aca2e74f396bb6f771c773c4ddb7e5ef39242004ba9e3d,transparent post-test XGBoost replay on exact MARS-S2L paper comparator,Reject the XGBoost complement as the final successor; at least one exact paper gate fails.
ersrr-ordinal-win,MARS_XGBOOST_SCENE_HEAD_PAPER_POSTTEST.md,780,ddc1fc2dce9adfbdc5f1f39f6e67f8698f04f3f9346ec8e4dcc39b323296c196,,
ersrr-ordinal-win,methanes2cm_v5_1_campaign_protocol.json,3551,295f04e00e2d6762920dcd7162daa7fe6b34566fdf82fc09c6b6cfa952553a1f,methanes2cm_v5_1_three_seed_confirmation_and_test_freeze,
ersrr-ordinal-win,METHANES2CM_V5_1_CAMPAIGN_PROTOCOL.md,1074,9d20c352d97b7e48633a03060f0ee9eedc6beb7b48ca36e5262daa21a8a35d7a,,
ersrr-ordinal-win,methanes2cm_v5_1_ensemble_validation.json,21240,03691437f3ce2c384aece9f00c7dc4462eebe5e0b580ca340a7db043dc0cdeca,methanes2cm_v5_1_three_seed_internal_development_ensemble,
ersrr-ordinal-win,METHANES2CM_V5_1_ENSEMBLE_VALIDATION.md,763,2fa4df9852b026a88c9350ba52b4da4085d16b6a03b417047c11e4c8699a7ee5,,
ersrr-ordinal-win,methanes2cm_v5_1_group_crc_transport.json,2955,da0beabff47c329afd307fa5b5afa0ffdc50fd0f383cb12568cc95d58860761a,development-only fixed-24-group confirmation of v5.1 group-CRC threshold transport,Reject group-CRC transport as operationally useful under this fixed split; do not search secondary alpha values on evaluation outcomes.
ersrr-ordinal-win,METHANES2CM_V5_1_GROUP_CRC_TRANSPORT.md,705,bc9d3523e94c5461f720fd28de1da3065d1566b3ba09ffbe2111b7bf65ac68b1,,
ersrr-ordinal-win,methanes2cm_v5_1_group_crc_transport_pre_fit_validation.json,1495,77d7d08586a98f5a4a780be5471f4394518849e9e2fcc7399ca3d92b5129784d,MethaneS2CM v5.1 fixed 24/24-group CRC calibration transport,
ersrr-ordinal-win,methanes2cm_v5_1_location_test.json,23083,415b71ec53353d791381ed8d9f4e60f80f3120771d721d071cea1b347abcd543,methanes2cm_v5_1_once_only_location_test_comparison,ERSRR v5.1 does not establish across-the-board superiority over released MARS-S2L on the frozen MethaneS2CM location test. Preserve the partial result and do not retune from this test.
ersrr-ordinal-win,METHANES2CM_V5_1_LOCATION_TEST.md,1295,338f93fb4d69069af5a7821adc4ad5eb5aa88d67d35de00300df51de895cdf2b,,
ersrr-ordinal-win,methanes2cm_v5_1_location_test_posthoc.json,4945,a7e9dd92b363ae1d6b0409da1c3d9a481d8c410842e38b1ef0bd0e676834f126,methanes2cm_v5_1_frozen_location_test_posthoc_calibration_transfer,
ersrr-ordinal-win,METHANES2CM_V5_1_LOCATION_TEST_POSTHOC.md,1093,9d231be58b28c871244f4a4b89f6b5259444892842f7f63ababb88795d8bb7f3,,
ersrr-ordinal-win,methanes2cm_v5_1_seed1101_validation.json,96019,a4a830619d217859c586b78d23d06ca6c54a91800a7d6497e1ed70ff9628997c,methanes2cm_v5_internal_development,Internal development candidate only. Keep the location-test imagery sealed until the multi-seed rule is frozen.
ersrr-ordinal-win,METHANES2CM_V5_1_SEED1101_VALIDATION.md,489,79f7f156809cf28503401ccc3b0b3a299c26809ada22974fa92872fbff3293f7,,
ersrr-ordinal-win,methanes2cm_v5_1_seed2202_validation.json,81811,ad4b1577cd811dbea129aee3098af9ac6b23483a408ffb0edf560081f785565d,methanes2cm_v5_internal_development,Internal development candidate only. Keep the location-test imagery sealed until the multi-seed rule is frozen.
ersrr-ordinal-win,METHANES2CM_V5_1_SEED2202_VALIDATION.md,488,95aea1e84bf2870ff633fe2962e05256bbfcdef41e90207e5c3d60269e2b406f,,
ersrr-ordinal-win,methanes2cm_v5_1_seed3303_validation.json,95930,2469ddc4a36ca06df81e386113a40e0f4f1fb3b32fb1c591c54ca5351ee36a30,methanes2cm_v5_internal_development,Internal development candidate only. Keep the location-test imagery sealed until the multi-seed rule is frozen.
ersrr-ordinal-win,METHANES2CM_V5_1_SEED3303_VALIDATION.md,489,c4531c07c1559b45028560472bf0f047711a3939a7d870f25970ecbbf01e8f18,,
ersrr-ordinal-win,methanes2cm_v5_1_smoke.json,17533,a522d543584cecf2e3fae98846f96aef3f0cc95cc40194d7f7b10a69ccf480d4,methanes2cm_v5_internal_development,Smoke contract passes; do not interpret metrics.
ersrr-ordinal-win,METHANES2CM_V5_1_SMOKE.md,428,c28d2a91aad458d3cd79a6d6c627475c3a22302df44b1e97e6c789e0cad7498b,,
ersrr-ordinal-win,methanes2cm_v5_location_test_acquisition.json,3428,1aaf2c6a425a75bd9f5179f84ea7c1de765963ef6a381aaeb7b7b73405441ccb,methanes2cm_v5_once_authorized_location_test_acquisition,
ersrr-ordinal-win,methanes2cm_v5_protocol.json,6632,aa7b41070acc26e80ff7a640a98bcaa31d5285af290289013949783e4891fffa,methanes2cm_v5_development_and_sealed_location_test_protocol,
ersrr-ordinal-win,METHANES2CM_V5_PROTOCOL.md,1977,0ed0354eeb9a190f14210530ce5531d721a46b5769a093add2ed650d575b48dc,,
ersrr-ordinal-win,methanes2cm_v5_seed1101_validation.json,60603,dd23389a96c99407f80cc20327be605b85ab446bfae849fb84a7ed9dc5228d45,methanes2cm_v5_internal_development,Internal development candidate only. Keep the location-test imagery sealed until the multi-seed rule is frozen.
ersrr-ordinal-win,METHANES2CM_V5_SEED1101_VALIDATION.md,477,fcff317d79950ed75a6f7db39c5c947f57cedff0915ab67632380517b9f12594,,
ersrr-ordinal-win,methanes2cm_v5_signal_audit.json,5966,e0352dc99ecda84466b2fe06c563690fc6388914c42901d79f20336b0887bcf0,methanes2cm_v5_internal_development_signal_audit,
ersrr-ordinal-win,METHANES2CM_V5_SIGNAL_AUDIT.md,1016,a40dce4f7b12e4d8d38d647ea0ebdba8c7c458c85863ea7fb654a5dd63c364e8,,
ersrr-ordinal-win,methanes2cm_v5_smoke.json,17156,4bab37b26300066377392f8ea94b4b8de7182f603b225041faa27b6f59669406,methanes2cm_v5_internal_development,Smoke contract passes; do not interpret metrics.
ersrr-ordinal-win,METHANES2CM_V5_SMOKE.md,418,b8eba2881ebf87242f48ab4266c7f5c3dc8ba2e3cc92e0d61773eb789caecfa7,,
ersrr-ordinal-win,methanes2cm_v5_train_acquisition.json,2492,c5401f5dc614d568a30e0af865eb879e10a830612252a5f69d43b1d2a3194b8e,methanes2cm_v5_location_training_acquisition,
ersrr-ordinal-win,stanford_evanston_one_shot.json,8806,372e963fa335b9e0506770352480db25a224518a67ca220b3bca6f45368b5917,One-shot outcome evaluation of nine immutable Stanford Evanston/Rawhide Sentinel-2 label-free scores.,
ersrr-ordinal-win,STANFORD_EVANSTON_ONE_SHOT.md,1993,27074412525a04300f9cdbc60429e203b13c03d5a2e02f9983c5e7af58e372b0,,
ersrr-ordinal-win,stanford_evanston_pre_authorization_validation.json,2841,2cf1a269ba8946adba109ab43168427433c1d25a3243a356e864780dd93b37ad,Outcome-blind Stanford Evanston label-free scorer validation before first detector inference.,
ersrr-ordinal-win,stanford_evanston_pre_outcome_validation.json,1493,05451d398a1ca181b08318e6778cfb8891fab6903468e573b8c2ce569454b15a,Stanford Evanston one-shot outcome evaluator validation before first summary-CSV access.,
ersrr-ordinal-win,stanford_large_controlled_release_one_shot.json,7515,6b148e85a9d25ef9627a169ef2c7c2d89c963418a6c693aeb16a35a90a7e53b0,one-site temporal controlled-release operating-point stress test,
ersrr-ordinal-win,STANFORD_LARGE_CONTROLLED_RELEASE_ONE_SHOT.md,710,d15782e55d7951b5a52f0b31e83c3f9fe38eb1e92fd03e2c0efe53ccebc04373,,
ersrr-ordinal-win,stanford_large_controlled_release_synthetic_model_smoke.json,2097,b349eefb460c028edf876fc3f039f6a21c139cf5577f140a92d6b7cb72ad1c2a,All-model generated-data smoke before first Stanford inference,
ersrr-ordinal-win,temporal_attention_synthetic_smoke.json,1663,6d8e8afdde55bde49c5dc2d86630d3b91782ea0856d8695a40ceaf8a889576ba,synthetic fitting-only wiring diagnostic; no real accuracy claim,
ersrr-ordinal-win,temporal_evaluation_rehearsal_2026-09-07/calibration.json,1561,05349fd766151d7d392b08096158255fda694e97947e974b0ccbf94f30648444,,
ersrr-ordinal-win,temporal_evaluation_rehearsal_2026-09-07/configuration.json,546,f0b656a7a882bed41710ea65e4f920a593c20babad2ce8ac266428630f766c32,fabricated score fixtures only; no accuracy claim,
ersrr-ordinal-win,temporal_evaluation_rehearsal_2026-09-07/dense.json,181,212b36f677c97d0a0a4341e02a9a6ed743688310994de66c8c20c9a17f60cf65,,
ersrr-ordinal-win,temporal_evaluation_rehearsal_2026-09-07/evaluation.json,1326,8b533980626060799d8cab88459a7659caeb395c1b21b5a5bdf2c6dc7819ba0a,fixed-rule paired evaluation; no threshold fitting,
ersrr-ordinal-win,temporal_evaluation_rehearsal_2026-09-07/status.json,59,050c17df2ad1bf31b51622a505b8722f803300e0b260612ce4984ea8a548978e,,
ersrr-ordinal-win,temporal_evaluation_rehearsal_2026-09-07_validated/calibration.json,1561,05349fd766151d7d392b08096158255fda694e97947e974b0ccbf94f30648444,,
ersrr-ordinal-win,temporal_evaluation_rehearsal_2026-09-07_validated/configuration.json,546,0bd619ea3cfa7e36ea6804f0ae381a90efd5f01af611119258df0679cec567ab,fabricated score fixtures only; no accuracy claim,
ersrr-ordinal-win,temporal_evaluation_rehearsal_2026-09-07_validated/dense.json,181,212b36f677c97d0a0a4341e02a9a6ed743688310994de66c8c20c9a17f60cf65,,
ersrr-ordinal-win,temporal_evaluation_rehearsal_2026-09-07_validated/evaluation.json,1326,8b533980626060799d8cab88459a7659caeb395c1b21b5a5bdf2c6dc7819ba0a,fixed-rule paired evaluation; no threshold fitting,
ersrr-ordinal-win,temporal_evaluation_rehearsal_2026-09-07_validated/status.json,59,050c17df2ad1bf31b51622a505b8722f803300e0b260612ce4984ea8a548978e,,
ersrr-ordinal-win,temporal_rehearsal_2026-09-07/cnn.json,1479,6670f43633acbaa4bb9d5ba143afdf01617623fa5c78df844d568dff31901723,,
ersrr-ordinal-win,temporal_rehearsal_2026-09-07/configuration.json,834,bb198fe356f048e8906e134c23bf4fc54c2a12bbd64c9470c1ac0430458a181a,synthetic workflow diagnostic only,
ersrr-ordinal-win,temporal_rehearsal_2026-09-07/status.json,168,4dbb4505d717a767d8d14e2c8a0fa1e1deb774c1dada227bb4dc556c5f25b504,synthetic workflow diagnostic only,
ersrr-ordinal-win,temporal_rehearsal_2026-09-07/temporal_attention.json,1482,4fbbc4f8eaebee0cddd697bbfde9df4c041a38179319ff69dd9adb7178d82b90,,
ersrr-ordinal-win,unep_mars_post2024_positive_baseline.json,4856,86447372cd4170051da047e611b8be24c7df7d516e23ca25c52f8addb1891245,positive-only nonsealed UNEP MARS post-2024 exact Sentinel-2 cohort,
ersrr-ordinal-win,UNEP_MARS_POST2024_POSITIVE_BASELINE.md,898,85ba975ecedc2214bf23cdc5932e08e9a296862b0f6429cf165b61d1db539451,,
ersrr-ordinal-win,unet_high_enhancement_results.json,72619,773bcc9e95adc27f179de706311c40cb5765cb54094144f4f6f4df15b5613f9f,,
ersrr-ordinal-win,UNET_HIGH_ENHANCEMENT_RESULTS.md,673,38de8a2ca7f28a0533a7eefebd41f55029d477abe72906828cfabe0edc373c43,,
ersrr-ordinal-win,unet_unweighted_300_results.json,72220,71f0023233b36f82aab4fba67837a9aba7b5d81e92d74d5a55dabb8043c08c5a,,
ersrr-ordinal-win,UNET_UNWEIGHTED_300_RESULTS.md,674,5874f7ef9a78b0c615b9c299797f1db1b846c99dd7c66251d29d591c7d1977f5,,
Earth-Remote-Sensing-Rapid-Response-,baseline_results.json,145294,307d51578378c0aacc5480dcb0f8bb02b0740daea57c431179b8d5379b4934fd,,
Earth-Remote-Sensing-Rapid-Response-,BASELINE_RESULTS.md,1879,362b2b8686ea90d4e57022e4ce1bfd74c16ca3d5b9674743d78a3d7c540ba534,,
Earth-Remote-Sensing-Rapid-Response-,ch4net_released_model_baseline.json,3560,8b2daae7f3e102a58475a763d2a37ebdd1c1cd1de9428328ed98d2fe854c7a36,released_ch4net_on_frozen_strict_spatial_development_cohort,
Earth-Remote-Sensing-Rapid-Response-,CH4NET_RELEASED_MODEL_BASELINE.md,875,14431f001ef841b28205c4a451c6cee7e13b0628008cdd90f27d2b4185b96041,,
Earth-Remote-Sensing-Rapid-Response-,cloudsen12_fresh_negative_cdf_spatial_prithvi.json,6525,ef401d27120b7986af2bdc8dc71734d53c64db4d0466880090face82e09dbf8a,post-test fresh external-negative safety replay for tail-calibrated spatial-Prithvi ensemble,Authorize frozen exact MARS paper evaluation.
Earth-Remote-Sensing-Rapid-Response-,CLOUDSEN12_FRESH_NEGATIVE_CDF_SPATIAL_PRITHVI.md,430,269cf60a0d7fa06f13c355035de747394040409ab9a51fe827a429e0dcf69583,,
Earth-Remote-Sensing-Rapid-Response-,cloudsen12_fresh_spatial_prithvi_evaluation.json,6044,0bc514eec21e40bb194734e9b196e0e9d4b1fd1d243df2996a153933b1cfcd2e,one-shot fresh external-negative safety evaluation for spatial-Prithvi ensemble,Reject ensemble before exact MARS paper evaluation.
Earth-Remote-Sensing-Rapid-Response-,CLOUDSEN12_FRESH_SPATIAL_PRITHVI_EVALUATION.md,289,aa72d6a9784093a06570a35ef791937b566498f1fc6452f13d8443c362870b29,,
Earth-Remote-Sensing-Rapid-Response-,cloudsen12_fresh_tail_calibrated_spatial_prithvi.json,6533,439dc04d5dfa9deb7cf8921290f644c105e551fc5b486ab7e6d0ee7b4bdd9727,post-test fresh external-negative safety replay for tail-calibrated spatial-Prithvi ensemble,Reject calibrated ensemble before exact MARS paper evaluation.
Earth-Remote-Sensing-Rapid-Response-,CLOUDSEN12_FRESH_TAIL_CALIBRATED_SPATIAL_PRITHVI.md,431,ac7f61626371308b1637f1076421b5a59008c25c202bd21951d02e0c13493a1d,,
Earth-Remote-Sensing-Rapid-Response-,cloudsen12_fresh_test_scene_head_evaluation.json,6600,2777cc0b4b4929ed68301f6b13a691d0e8d8c91aecba8a83cc639a1d950e21bc,one-shot fresh external-negative safety evaluation; exact MARS paper cache unopened,Authorize the fixed candidate for exact MARS paper evaluation.
Earth-Remote-Sensing-Rapid-Response-,CLOUDSEN12_FRESH_TEST_SCENE_HEAD_EVALUATION.md,518,aae82d3384e5b19b842168e7b3d6a761ff7312ba9fc96438f83540df59dc1a05,,
Earth-Remote-Sensing-Rapid-Response-,emit_v002_external_confirmation.json,70318,9754c91b8ec54e8e137191195cb28d05f4d1fa8c5ef87d8dfdd8163f289d2c27,once_only_emit_v002_external_positive_confirmation,
Earth-Remote-Sensing-Rapid-Response-,EMIT_V002_EXTERNAL_CONFIRMATION.md,1073,73100740d0efb00cd7a7ff452ee14bebb8fcd06057a2c24a40417c04b6bcbe6a,,
Earth-Remote-Sensing-Rapid-Response-,emit_v002_external_posthoc_diagnostic.json,378283,c87a9c01aed9a13b245d2ffca4f68a1fcf758b032a380fec7e0bc8c4c669949c,frozen_emit_v002_external_posthoc_diagnostic_no_tuning,
Earth-Remote-Sensing-Rapid-Response-,EMIT_V002_EXTERNAL_POSTHOC_DIAGNOSTIC.md,2693,1000fbb2752c1c8c2f579828cc1fbb0b556f37baccd1fa07e07f676d1d01c98e,,
Earth-Remote-Sensing-Rapid-Response-,mars_adaptive_prithvi_development_scores.json,989,6fbf152fe2030d8aa8f8367580a68fff0f09d2b510c02fe891ba9a0eb45d6458,deterministic adaptive Prithvi development score reproduction; paper cache not loaded,
Earth-Remote-Sensing-Rapid-Response-,mars_adaptive_prithvi_paper_posttest.json,7675,9a37b84e410943953f3959a4ca8ae2c3d79db5cd90cb494bd1e695db30aca5f6,transparent post-test adaptive Prithvi replay on exact MARS-S2L comparator,Reject adaptive Prithvi as final successor; at least one exact paper gate fails.
Earth-Remote-Sensing-Rapid-Response-,MARS_ADAPTIVE_PRITHVI_PAPER_POSTTEST.md,700,1eb684565aa885ebed788a6cd09edbb9bbf3729d6f40a8f2174e55f522e165f3,,
Earth-Remote-Sensing-Rapid-Response-,mars_adaptive_prithvi_probe.json,20955,3a0478d9abdb94a76815744cefcf7ac181765c20e2969a7a40f310f272a03a8b,five-fold unlabeled-target adaptive Prithvi probe; paper cache not loaded,Freeze adaptive Prithvi probe for one label-free paper adaptation.
Earth-Remote-Sensing-Rapid-Response-,MARS_ADAPTIVE_PRITHVI_PROBE.md,378,d02929e8d5b6b240e5661a2ac89cb8a436b561220d800aa8029ece912c329149,,
Earth-Remote-Sensing-Rapid-Response-,mars_all_development_scene_refit_paper_posttest.json,7052,d101752cd3764da055746e5738ed58a9bfa28366575690bc5a66a8d8cd648b71,transparent post-test replay of fixed all-development refit on exact paper rows,Reject the all-development refit; at least one exact paper scene gate fails.
Earth-Remote-Sensing-Rapid-Response-,MARS_ALL_DEVELOPMENT_SCENE_REFIT_PAPER_POSTTEST.md,578,9df76d871faeb0e9cd15221bbb2d99b023e4ddc5cc711193b5fa6eccd63eabbb,,
Earth-Remote-Sensing-Rapid-Response-,mars_anchored_full_finetune_pilot.json,49704,1d870c08e27111859e03d10c0479bf15297e19203c4837f687027dd4b7f0cba1,fold-3/fold-4 cross-fit of weight-space-anchored full released-U-Net adaptation with source-disjoint exact-L1C auxiliary supervision,"Reject this architecture before external development, fold 2, or official-test scoring."
Earth-Remote-Sensing-Rapid-Response-,MARS_ANCHORED_FULL_FINETUNE_PILOT.md,474,8fdcf31147e5806cb7591f227c2debfef0230bb1b715036c43bcc3e527b87bf7,,
Earth-Remote-Sensing-Rapid-Response-,mars_causal_residual_ranker_folds34.json,69640,8c816b02401f234f4b3b30cc15ee94383daa9acc92d1fe7ff3dbc0cdf93e74d2,folds-3/4 baseline-preserving causal residual cross-fit,Reject baseline-preserving causal residual ranking before fold-0/1/2 or external access.
Earth-Remote-Sensing-Rapid-Response-,MARS_CAUSAL_RESIDUAL_RANKER_FOLDS34.md,1217,bccb4d872f8273a9ad4fcc2a8fb33298671af4bae5e3ad5c2fb8549b58974eed,,
Earth-Remote-Sensing-Rapid-Response-,mars_cloudsen12_negative_augmented_xgboost.json,14793,0255a3202b47ab7f038f87832d51ca0bfa32ba2dab2b07375beb3131903712c9,development-only CloudSEN12-negative scene complement; no paper or CloudSEN12 test outcomes loaded,Reject the CloudSEN12-negative branch before any sealed-negative or paper replay.
Earth-Remote-Sensing-Rapid-Response-,MARS_CLOUDSEN12_NEGATIVE_AUGMENTED_XGBOOST.md,612,fc5eeb70f5983c47badfc8b4d03c5291888ee4e986c18399c63f0a938ea0b4b2,,
Earth-Remote-Sensing-Rapid-Response-,mars_cloudsen12_spatial_augmented_xgboost.json,26657,824e6694138f95dbaf1616f79a0d711eee94bc140df3e5c0cf5bc9b367c1cf1c,development-only CloudSEN12+ spatial-negative augmentation; paper test not loaded,Reject the spatial-negative scene complement before paper-cache replay.
Earth-Remote-Sensing-Rapid-Response-,MARS_CLOUDSEN12_SPATIAL_AUGMENTED_XGBOOST.md,586,e390b7e2636ee2bad3114c5dce4f3d8994e40842f364f8aec65816765f5522bf,,
Earth-Remote-Sensing-Rapid-Response-,mars_context_scene_ranker_fold0.json,4717,a08ab9bd0bf550e132277aced17f01410fa5f0a5a532188bc21be40189647c58,one-shot site-context fold-0 architecture selection; fold 1 and paper test not loaded,Reject the frozen site-context architecture on fold 0.
Earth-Remote-Sensing-Rapid-Response-,MARS_CONTEXT_SCENE_RANKER_FOLD0.md,420,edcf206212ac42c0917646f28a28f2b2046e4c392f1df634ab11b5f3c11d86f5,,
Earth-Remote-Sensing-Rapid-Response-,mars_context_scene_ranker_inner_fold2.json,75047,c247c1326bbd621d0148d4fffb2045f1fe4f132c134b449f9c9238f4bec23bfa,"site-context inner selection: train folds 3-4, validate fold 2",Refit the context head on folds 2-4 and freeze its fold-0 evaluation.
Earth-Remote-Sensing-Rapid-Response-,MARS_CONTEXT_SCENE_RANKER_INNER_FOLD2.md,413,267d1d57b6706eb659d8605488ff07fae3da3d9b47fc04857258b30f11be7574,,
Earth-Remote-Sensing-Rapid-Response-,mars_counterfactual_scene_ranker_folds34.json,180305,faae5ec16a0caa740564073ca5f7cdbbe8d65a1692dec552662e95c5cfa3b76f,"development folds 3/4 honest cross-fit; no folds 0/1/2, exact-paper, or fresh-external access",Reject this counterfactual ranker family before any fold-0/1/2 or external extraction.
Earth-Remote-Sensing-Rapid-Response-,MARS_COUNTERFACTUAL_SCENE_RANKER_FOLDS34.md,330,8b651fed25172317e751a317e39d5a88b58ba0cb6a27d813588dcc77c799c1e3,,
Earth-Remote-Sensing-Rapid-Response-,mars_crossfold_bagged_scene_head.json,26776,d9d8da26df1912ac62ae71c32ba8bab108d28f5367feed59656fb8a0d118760e,five-fold nested OOF development selection; paper cache not loaded,Reject crossfold bagging before paper-cache scoring.
Earth-Remote-Sensing-Rapid-Response-,MARS_CROSSFOLD_BAGGED_SCENE_HEAD.md,611,87d1fa101f065b8ba73f84bba6997175bf7741f6ca72a9552097dac275f95087,,
Earth-Remote-Sensing-Rapid-Response-,mars_crossfold_bagged_trust_region.json,30805,e52b74527eba291c9ac0e94be7a4efe483d5c4714738dce062bc8a41627e12d2,five-fold nested OOF trust-region selection; paper cache not loaded,Reject the bagged trust region before paper-cache scoring.
Earth-Remote-Sensing-Rapid-Response-,MARS_CROSSFOLD_BAGGED_TRUST_REGION.md,591,a44872fe7688ffc101d3f3a64840c90e695d2dc5b698da2f455df47869552f65,,
Earth-Remote-Sensing-Rapid-Response-,mars_crossfold_hard_positive_bagging.json,67550,f3a67223b3d0012f3be14ab8ba21df1910662822313c64a876e09f9c5e8535f7,five-fold nested OOF hard-positive bagging; paper cache not loaded,Reject hard-positive crossfold bagging before paper-cache scoring.
Earth-Remote-Sensing-Rapid-Response-,MARS_CROSSFOLD_HARD_POSITIVE_BAGGING.md,666,8b889a5af8f2ffb1f602a888ebafb2a1c7c1cf01cad42f4e544548eed2088755,,
Earth-Remote-Sensing-Rapid-Response-,mars_dense_ap_honest_crossfit_ranker_internal_rejection.json,4566,b137fe9e244d794ec406b20a3d16f666aa3f5ecfba3a6e8f058aeb96aba59b5e,internal-only AP residual ranker selection on honest fold-3/4 dense-Prithvi features,"Retire this dense scene-ranker branch. Do not evaluate fold 2, write an artifact, start five-fold refitting, or access external inputs."
Earth-Remote-Sensing-Rapid-Response-,mars_dense_ap_residual_ranker.json,24743,21388fa3e45730bfef7b1c2f7abe4b02a83ce2d62a3a69e14b8f0da2a459c017,AP-focused residual ranker on frozen dense-Prithvi development features,Reject the dense AP residual before full cross-fit or external scoring.
Earth-Remote-Sensing-Rapid-Response-,MARS_DENSE_AP_RESIDUAL_RANKER.md,374,dbeea72794c1aa9818b13b4cc37234c443cbdb14c12f19b7eef62be386fe82fe,,
Earth-Remote-Sensing-Rapid-Response-,mars_dense_invariant_complementary_pair.json,64380,997642cf21c5957d97760d76d6674526b6615882f55d93b44884fce617bf2a9a,exploratory complementary invariant anchor and rare-site booster on honest dense-Prithvi development features,Freeze the selected complementary pair for fold-2 confirmation.
Earth-Remote-Sensing-Rapid-Response-,mars_dense_invariant_global_shrinkage.json,37664,f3228425fe595c2363d5b3d17831aee103b022f775088bfd8ac0c4d96075b57f,post-fold2-failure uniform shrinkage of the fixed invariant pair using folds 3+4 only,Freeze the selected global shrinkage for folds-0/1 confirmation.
Earth-Remote-Sensing-Rapid-Response-,mars_dense_invariant_nonlinear_residuals.json,103090,d9b1b9b31e1945518887e4f8f5d0d1e5b32c0928a36d804b3b8320c74ee7af8e,exploratory label-free nonlinear gates over direction-stable honest dense-Prithvi development residuals,Retire invariant nonlinear residual gates before fold 2 or external access.
Earth-Remote-Sensing-Rapid-Response-,mars_dense_invariant_pair_fold2.json,9732,f3554d9675c0415ebfc90029d1faaf8d7cb90163b0b92fbd35938c916be067bb,one-shot fixed-candidate fold-2 confirmation,Retire the fixed pair before fresh or exact-paper evaluation; resume development research without reusing fold 2.
Earth-Remote-Sensing-Rapid-Response-,mars_dense_invariant_shrinkage_folds01.json,11090,7e921fa2f7134bd5bd82477ab76c345eefbccc4053eadf2815b265f3754a63eb,one-shot fixed-shrinkage folds-0/1 confirmation,Retire this shrinkage before fresh or exact-paper access and resume research without reusing folds 0/1/2.
Earth-Remote-Sensing-Rapid-Response-,mars_dense_invariant_site_linear_ranker.json,163304,a2324364e2e0961a70ec75b40484a18759909d8b1fac388f082e1d227b12588d,exploratory cross-fitted invariant site-balanced sparse linear ranker on honest dense-Prithvi development features,Retire this invariant site-linear ranker family before fold 2 or external access.
Earth-Remote-Sensing-Rapid-Response-,mars_dense_invariant_smooth_site_trust.json,32692,9a96633535c1608638917bd5fb7d134484caca02459629f27eccd3ded88747ec,post-fold2-failure smooth label-free site trust on the fixed invariant pair using folds 3+4 only,Retire smooth site-trust routing before folds 0/1 or external access.
Earth-Remote-Sensing-Rapid-Response-,mars_dense_invariant_univariate_exploration.json,16749,217bc3484bcc75a826b2630186b7ead271d7115cb4577dbd7f979a20826d2ef1,exploratory invariant-univariate audit on honest dense-Prithvi development features,Freeze the selected sparse signal in a separate protocol before fold 2.
Earth-Remote-Sensing-Rapid-Response-,mars_dense_invariant_unseen_site_router.json,89617,6564bd0ff88b0b2df3f58f2b03bcee4eb56773421620055e59cf7f82005f8185,post-fold2-failure development-only label-free unseen-site routing on folds 3+4,Freeze the selected router for independent folds-0/1 confirmation.
Earth-Remote-Sensing-Rapid-Response-,mars_dense_invariant_unseen_site_router_adjudication.json,1257,5656e4df41309d14ebed06404cadbf54c8089341b0ea4d66517de5e9ee822ee1,cross-experiment promotion adjudication for the label-free unseen-site router,Reject the router family: its only development passer routes every unseen site and is exactly the fixed pair already rejected on independent fold 2.
Earth-Remote-Sensing-Rapid-Response-,mars_dense_prithvi_crossfit_representations.json,10540,101b96ed361bd322a1951e40c6e24ed6cb255ddbc5972f721b295fd5e3048055,honest fold-3/4 crossfit dense-Prithvi representation endpoints,
Earth-Remote-Sensing-Rapid-Response-,mars_dense_prithvi_fold2_excluding_adapter.json,3287,f060d8fdb8b012100ba55a48f25a905f4cb76c381e0cf6de53f40e2a8103d350,fit-only dense-Prithvi adapter on folds 3+4 for one-shot fold-2 feature extraction,
Earth-Remote-Sensing-Rapid-Response-,mars_dense_prithvi_folds01_excluding_adapter.json,3410,a435292b1eb52f2efb94ab543e0fb4ec0903767d601f5de7c77b08baa331f702,fit-only dense-Prithvi adapter on folds 3+4 for one-shot folds-0/1 feature extraction,
Earth-Remote-Sensing-Rapid-Response-,mars_dense_prithvi_mask_preservation.json,5617,b48f92c60f6419e6dba663f0486bac59df42b891cdf819c622441c2d1d7c46a5,development-only reproduction and preservation of the dense Prithvi mask branch,Preserve the mask adapter for independent full-development cross-fitting.
Earth-Remote-Sensing-Rapid-Response-,MARS_DENSE_PRITHVI_MASK_PRESERVATION.md,401,d13e26f1823b3c5adf83894ed096424c4f7d062abd6246706b81cdd98ac715b9,,
Earth-Remote-Sensing-Rapid-Response-,mars_dense_prithvi_teacher_pilot.json,18456,327d057af6f99cb2770f8701bbd83e2cdf52ee1de80a1499526a439380ffe995,dense frozen-Prithvi token fusion into the released MARS-S2L U-Net,Reject dense token fusion pilot before external scoring.
Earth-Remote-Sensing-Rapid-Response-,MARS_DENSE_PRITHVI_TEACHER_PILOT.md,469,a086217036b96855b938cbf9ab323ddbb4b36da294b3a8368de9b944b7983401,,
Earth-Remote-Sensing-Rapid-Response-,mars_dense_sparse_invariant_ensemble_exploration.json,7238,2e338ba18809c5e41525a98703db531e0defc14fee4a4277d0398ef54307d783,exploratory sparse invariant ensemble on honest dense-Prithvi development features,Retire this sparse invariant ensemble family before fold 2 or external access.
Earth-Remote-Sensing-Rapid-Response-,mars_dev_pixel_baselines.json,5304,695af5cb24c4335c373bd98b5b06488f34caaf21627a2dbf249e6cb171f2ba9f,predeclared_spatial_development_baselines_not_final_paper_claim,"Validation-selected spatial baseline: `pixel_logistic_13_features`. It does not clear the promotion gate. Local per-pixel spectra are insufficient; implement the predeclared multi-scale target/reference encoder with joint scene presence, segmentation, and observability heads."
Earth-Remote-Sensing-Rapid-Response-,MARS_DEV_PIXEL_BASELINES.md,1275,51362b599c748a894f7760bba4c4dd829948deb816707d072b222dbdb8aeef7f,,
Earth-Remote-Sensing-Rapid-Response-,mars_dev_scene_baselines.json,14804,8121ed9bd6826309758884c27c5fa3ae7546d787a311779fad0076f5d0be2bf1,group_disjoint_development_tranche_not_final_paper_claim,"Validation-selected development baseline: `raw_scene_logistic`. It does not clear the research promotion gate; proceed to a joint presence/segmentation model with hard-negative mining, not a larger backbone alone."
Earth-Remote-Sensing-Rapid-Response-,MARS_DEV_SCENE_BASELINES.md,1469,a589a56d1fa9298191a7eaca1cc50fb83f71d2d59e0bfec414326a33780c3451,,
Earth-Remote-Sensing-Rapid-Response-,mars_dinov3_methane_fusion_all_score_scene.json,41556,e43151c2ce8df8192a3acc1828204084615ef36b8ebf5df01b0a9ba94df1dc08,two-fold DINOv3 semantic-change and counterfactual-methane spatial fusion pilot,Reject this fixed DINOv3 fusion pilot without external scoring.
Earth-Remote-Sensing-Rapid-Response-,MARS_DINOV3_METHANE_FUSION_ALL_SCORE_SCENE.md,404,6a601a6ead0d0d8938355301304dd7ba8aef63622e50471f31bbe6aa46c0b76d,,
Earth-Remote-Sensing-Rapid-Response-,mars_dinov3_methane_fusion_dense_surrogate.json,41253,7f7f2fdb7aa80d35d0ec5fb7a08d1b579155efc82b05007c8d694b795343e72b,two-fold DINOv3 semantic-change and counterfactual-methane spatial fusion pilot,Reject this fixed DINOv3 fusion pilot without external scoring.
Earth-Remote-Sensing-Rapid-Response-,MARS_DINOV3_METHANE_FUSION_DENSE_SURROGATE.md,404,5ea7cf3de11f9cc2c99bbfd1d6489c6d3dcf147b6726796e2b2c29d1ed16e957,,
Earth-Remote-Sensing-Rapid-Response-,mars_dinov3_methane_fusion_gradient_fix.json,41369,e60c8bd49d3309ac8592958d295a3f633fe765b610a6adf79c1f4ba29b174949,two-fold DINOv3 semantic-change and counterfactual-methane spatial fusion pilot,Reject this fixed DINOv3 fusion pilot without external scoring.
Earth-Remote-Sensing-Rapid-Response-,MARS_DINOV3_METHANE_FUSION_GRADIENT_FIX.md,404,79891445a9e9ad16bf7c45c9a0b46b98e3cdd00e089bf5f910f0b23400920957,,
Earth-Remote-Sensing-Rapid-Response-,mars_dinov3_methane_fusion_pilot.json,39581,81da27897942b0f78f3234ca64892bb4dde83e78a1774956ed4446298b342149,two-fold DINOv3 semantic-change and counterfactual-methane spatial fusion pilot,Reject this fixed DINOv3 fusion pilot without external scoring.
Earth-Remote-Sensing-Rapid-Response-,MARS_DINOV3_METHANE_FUSION_PILOT.md,404,adea9823690f9cabcaf11dea23173b47480fc7ad84fd963d0c28c92069915fd2,,
Earth-Remote-Sensing-Rapid-Response-,mars_dinov3_multiseed_s2_confirmation.json,50689,38e0718c51fb6025fba6a733a3d7e86f11d9a329c39a956b2185dab6d07c098f,three-seed DINOv3 dense-evidence confirmation with Sentinel-2-only scene routing,"Reject this fixed confirmation without fold-2, external, or official-test scoring."
Earth-Remote-Sensing-Rapid-Response-,MARS_DINOV3_MULTISEED_S2_CONFIRMATION.md,423,fbe110cfcd9e76cceeab61a570c34e381c73389d168227f1558d467c68cfa8cb,,
Earth-Remote-Sensing-Rapid-Response-,mars_dofa_anchored_protected_ensemble_folds34.json,15218,85d5959061cc77d4b2a32f12609c7852af545ff8df6923273d6ae245d020eec1,fold-3/fold-4 protected ensemble of independently learned train-fitted DOFA-v2 and expanded-real-data anchored-U-Net scene residuals with fixed significant dense transport,Freeze the selected ensemble for a new fold-2 confirmation; folds 0/1 and official test remain closed.
Earth-Remote-Sensing-Rapid-Response-,MARS_DOFA_ANCHORED_PROTECTED_ENSEMBLE_FOLDS34.md,426,626e2fbae0129c0b2237aafc35f75b07b0a06db3c90e60a0e606af1c40425c59,,
Earth-Remote-Sensing-Rapid-Response-,mars_dofa_anchored_protected_fold2.json,5358,4a55afb2dad0306f56ebad82289a06157f3855be18a22a4a3e567395c60fa138,one-shot fold-2 confirmation of the exact protected DOFA plus expanded-UNEP anchored-U-Net ensemble selected on folds 3 and 4,"Reject the fixed ensemble before folds 0/1, external, or official-test evaluation."
Earth-Remote-Sensing-Rapid-Response-,MARS_DOFA_ANCHORED_PROTECTED_FOLD2.md,364,3934292a35d8554d4b63cf10f9bd386e8e399364740abb0c59b648d0cecbe450,,
Earth-Remote-Sensing-Rapid-Response-,mars_dofa_gaussian_champion_cache.json,914,11132fc140769e68dcbf743cfd0980617a92ae97ed22c0c973a2130528c005f7,deterministic cache of the already-selected Gaussian+DOFA folds-3/4 champion,
Earth-Remote-Sensing-Rapid-Response-,mars_dofa_gaussian_protected_ensemble.json,33985,9473bc039e43bfc15d97b8eca0228fce66b31dffc8c487f8b3a4351c3280e1b5,development-only folds-3/4 selection of an exact protected residual ensemble combining the fixed DOFA scene probe with a conservative Gaussian-synthetic ViT scene head,Authorize a separately frozen external/new-cohort confirmation; do not reopen fold 2 or official test.
Earth-Remote-Sensing-Rapid-Response-,MARS_DOFA_GAUSSIAN_PROTECTED_ENSEMBLE.md,343,0c4b28ab21fce301e8f52c86a2ce8644147c007e8f88818c47248238323f013e,,
Earth-Remote-Sensing-Rapid-Response-,mars_dofa_v2_external_deployment_state.json,1689,dab9cff63d5fe69d760c64658b6e033822123f61f2564ec5637825e550244680,development_only_dofa_v2_folds34_external_deployment_state,
Earth-Remote-Sensing-Rapid-Response-,mars_dofa_v2_fold2.json,7141,b6bd52fed2cf8444ac9fccb05011f8daddc285db706e791ee93f3fd9c5b505dd,one-shot fixed protected DOFA-v2 fold-2 confirmation,Retire the fixed DOFA-v2 fusion before external or official-test evaluation.
Earth-Remote-Sensing-Rapid-Response-,MARS_DOFA_V2_FOLD2.md,352,40db3edf3585452ce8e1e3cbe1089a0373c6f8ffbe1646f3740f7605fdaf510d,,
Earth-Remote-Sensing-Rapid-Response-,mars_dofa_v2_projection_ensemble_folds34.json,16511,540c5d509b1340ae0a07bd0b89a07bca70b3ce85b8d8e9d865066ab122efdb96,development-only DOFA-v2 projection-seed confirmation on folds 3/4,Reject the DOFA-v2 projection ensemble before fold-2 extraction.
Earth-Remote-Sensing-Rapid-Response-,MARS_DOFA_V2_PROJECTION_ENSEMBLE_FOLDS34.md,945,8915c292bb4837982f60a20d8075583abf8276d799e565e6bd3c4b463fa8eaad,,
Earth-Remote-Sensing-Rapid-Response-,mars_dofa_v2_protected_fusion_folds34.json,25151,95f292353d6f9e4d0d2416e78d46aaf3a7003e9c3d0ec23a2d499fbfa2b0a044,development-only recall-protected DOFA-v2 fusion on folds 3/4,Freeze the selected recall-protected DOFA-v2 fusion for one-shot fold-2 extraction.
Earth-Remote-Sensing-Rapid-Response-,MARS_DOFA_V2_PROTECTED_FUSION_FOLDS34.md,1202,dc42c1f599f581d15a0a3a1e9b3fade8852acfdd554763ecb81dc8564f3d9ec4,,
Earth-Remote-Sensing-Rapid-Response-,mars_dofa_v2_scene_probe_folds34.json,43601,0abb9b0915c580afbfdab3100d07b55e6a0a6072f6f21b92c91c24cbb15bdde1,development-only DOFA-v2 sensor-aware scene selection on folds 3/4,Reject the DOFA-v2 scene candidate before fold-2 extraction.
Earth-Remote-Sensing-Rapid-Response-,MARS_DOFA_V2_SCENE_PROBE_FOLDS34.md,648,b1867a1494f6f3f15e53908664fdc6f1d6eeda268b53825cd028f4cccd6bc897,,
Earth-Remote-Sensing-Rapid-Response-,mars_dofa_v2_train_fitted_normalization_folds34.json,15107,23e9124a5f0b5a9a788a46a6fd07753501a8b83c880b0a4e3f24e680c92074b2,development-only train-fitted DOFA-v2 normalization confirmation,Freeze the selected train-fitted DOFA-v2 fusion for one-shot fold-2 extraction.
Earth-Remote-Sensing-Rapid-Response-,MARS_DOFA_V2_TRAIN_FITTED_NORMALIZATION_FOLDS34.md,787,373798fba7af48169d8ea2cac36facc01a63affb1dc11de4872f063bfb406e1b,,
Earth-Remote-Sensing-Rapid-Response-,mars_dual_teacher_rescue_folds34.json,55607,e601b339c57841cdb6ecad4b1cfe0c5261494eee555f4f801ce78e9e1238303a,development-only deterministic dual-teacher recall rescue on MARS folds 3/4,reject_deterministic_dual_teacher_rescue
Earth-Remote-Sensing-Rapid-Response-,MARS_DUAL_TEACHER_RESCUE_FOLDS34.md,545,1a2e90353032291f357dddfc126c93bbb767c7ad5d942f770a6a8a85eb00e50a,,
Earth-Remote-Sensing-Rapid-Response-,mars_encoder_scene_probe.json,119024,5743ac691eb7926f9168665ec8bea9a9ddccc64df61ca316287dc44a6d4e1e9c,development only; paper-test labels and imagery are not loaded,Reject the encoder scene probe before paper-test feature extraction.
Earth-Remote-Sensing-Rapid-Response-,MARS_ENCODER_SCENE_PROBE.md,755,c0fe436f3af837c3360e669022348f3033909e3c77286e9ac0f34c5aeedcfe8f,,
Earth-Remote-Sensing-Rapid-Response-,mars_gated_temporal_spatial_boost.json,1515354,1416e17990eb02e4770b1bad28ac74fa685846c8c1852067c6cee1a28edd3db8,development-only gated temporal-spatial boost; exact paper cache not loaded,Reject gated temporal-spatial boost before fresh or paper evaluation.
Earth-Remote-Sensing-Rapid-Response-,MARS_GATED_TEMPORAL_SPATIAL_BOOST.md,397,727dcdf7081380d11398469b21c8f6e12c033cba2a47c8a88b2a6e8cd859eacd,,
Earth-Remote-Sensing-Rapid-Response-,mars_gaussian_contrast_crossfit.json,68167,728e9a1f69a608cf09816114ed50fc785953f6dc5937ddae370e87f990d85f55,fold-3/fold-4 cross-fit of the full-bank physics-contrast Gaussian ViT under the exact mixed-sensor MARS contract,"Reject without opening fold 2, folds 0/1, or the official test."
Earth-Remote-Sensing-Rapid-Response-,MARS_GAUSSIAN_CONTRAST_CROSSFIT.md,437,2d27109e538fc590797d534c03f7c1dd0cd153f26d810027d4ca8d421d1cc8e6,,
Earth-Remote-Sensing-Rapid-Response-,mars_gaussian_contrast_full_bank.json,10342,689b806228abda20e433af180f25a2e722bd71a1a2c213a9fb51c0f082f162f3,full 16000/2000-template Gaussian physics-contrast ViT dense pretraining and validation audit,Freeze the full-bank schedule for separately cross-fitted real MARS endpoints.
Earth-Remote-Sensing-Rapid-Response-,MARS_GAUSSIAN_CONTRAST_FULL_BANK.md,341,0f83094f822f6a58bce455997aaac202bf6527789524347e90718c8b6a0e5b8d,,
Earth-Remote-Sensing-Rapid-Response-,mars_gaussian_contrast_vit_dense_confirmation.json,17038,20c6b05f4cec5b17b516522bb4037c9eaaa4706d6e3c28b16534b4b3483c9667,new-bank dense-only synthetic transfer confirmation with paper-aligned validation checkpoint selection,Both gates pass; a separately frozen exposure-scaling experiment is justified.
Earth-Remote-Sensing-Rapid-Response-,MARS_GAUSSIAN_CONTRAST_VIT_DENSE_CONFIRMATION.md,502,68b460cde457d4fabc462d492969edb4712177708949c11335146b39eeea0e19,,
Earth-Remote-Sensing-Rapid-Response-,mars_gaussian_contrast_vit_dense_exposure_audit.json,13647,8dd879acac0411257363dfc905bb37aab726bb892be53a8a0ba8e60ca299a6cf,100-epoch dense-only synthetic exposure curve with index-disjoint transfer for the normalized temporal-contrast mixed-sensor ViT-U-Net,Stop: architecture/loss path cannot memorize the bounded synthetic bank.
Earth-Remote-Sensing-Rapid-Response-,MARS_GAUSSIAN_CONTRAST_VIT_DENSE_EXPOSURE_AUDIT.md,466,c1348aa92b0dadb65cdcd8b1015792543ae39d81c0745b78196ba4895fd88fa7,,
Earth-Remote-Sensing-Rapid-Response-,mars_gaussian_contrast_vit_learnability_audit.json,9044,b19f3e348105b4d1c681c0a06edb5208c1e3646c7c99120374ffbcaba8bdfb56,synthetic-only memorization and index-disjoint transfer audit for the normalized temporal-contrast mixed-sensor ViT-U-Net,Stop: architecture/loss path cannot memorize the bounded synthetic bank.
Earth-Remote-Sensing-Rapid-Response-,MARS_GAUSSIAN_CONTRAST_VIT_LEARNABILITY_AUDIT.md,373,bb13081b763389a385d8e46b92c320793dd8e816794542fd0de1ea237351fdd2,,
Earth-Remote-Sensing-Rapid-Response-,mars_gaussian_dofa_strict_spatial_one_shot.json,8250,01c117b69751d1ad59ff19f280b1de0d27bd6f262afbaeed4d80cad71cf3048d,,primary_superiority_gate_failed
Earth-Remote-Sensing-Rapid-Response-,MARS_GAUSSIAN_DOFA_STRICT_SPATIAL_ONE_SHOT.md,791,13662a10d4f0e4227c501447f037519db977e21f9049fbde5fb9c604977b3a1b,,
Earth-Remote-Sensing-Rapid-Response-,mars_gaussian_dofa_strict_spatial_pre_authorization_validation.json,2439,3cb7773038a74533e1a214ca6cb7e85d7adfba80383a802c9592503e8fb4b300,Gaussian+DOFA candidate-specific MARS strict-spatial input-only replay,
Earth-Remote-Sensing-Rapid-Response-,mars_gaussian_dofa_strict_spatial_pre_outcome_validation.json,1486,b4da81c20dc8b4b08d0b6b7e9e351fb9cfc759e53b88513984c9300b90f9ef38,Gaussian+DOFA candidate-specific MARS strict-spatial one-shot scene evaluation,
Earth-Remote-Sensing-Rapid-Response-,mars_gaussian_plume_bank_audit.json,7784,1e952cb7bf8906aa99b72b33300e3a1f5822a783c858edfec49f5f20481c3d25,fit-fold-only analytical Gaussian bank distribution audit before model scoring,
Earth-Remote-Sensing-Rapid-Response-,MARS_GAUSSIAN_PLUME_BANK_AUDIT.md,721,563398e195ab37f9e76d300b7fbe1ac85c7c3de29431363ce30a872a20e6f78c,,
Earth-Remote-Sensing-Rapid-Response-,mars_gaussian_plume_morphology_audit.json,7199,96e43dd8827f300e7c57642a6ca0ce8d2367d6ea1de8b6db97e91d700af01469,fit-fold-only MARS positive-mask morphology audit for Gaussian-plume parameterization,
Earth-Remote-Sensing-Rapid-Response-,MARS_GAUSSIAN_PLUME_MORPHOLOGY_AUDIT.md,1067,38f37746a4ee400aeeb416aed43571203c3a8a93adb54327dc428c5bd6ddd233,,
Earth-Remote-Sensing-Rapid-Response-,mars_gaussian_scene_aligned_cache_replay_failure.json,1570,c564a296853956d00cb65798ae6581f9c0e2519728339bf8547d38590b9c44a8,audit receipt for the frozen exact Gaussian scene-cache replay,
Earth-Remote-Sensing-Rapid-Response-,MARS_GAUSSIAN_SCENE_ALIGNED_CACHE_REPLAY_FAILURE.md,719,59f88a2719d95e21154006f74e8656e8bfefffe96f8d1d69e18524ccae2b8fa2,,
Earth-Remote-Sensing-Rapid-Response-,mars_gaussian_scene_aligned_crossfit.json,76977,6963e5ac8832011a4c39899d3097ff23afb3222ab6f1d2bbbc67cdc325190358,controlled fold-3/fold-4 cross-fit of the full-bank Gaussian ViT with synthetic scene supervision and an identity-protected scene residual,"Reject without opening fold 2, folds 0/1, or the official test."
Earth-Remote-Sensing-Rapid-Response-,MARS_GAUSSIAN_SCENE_ALIGNED_CROSSFIT.md,437,00e6fa55452731a8a5bf5ece99316efd72399e84f96841a0b7c1f727ed3f212b,,
Earth-Remote-Sensing-Rapid-Response-,mars_gaussian_scene_aligned_reproducibility.json,4466,0ad67fdf5d21e4d109b0fbec6e5f964a449f594812bfc872c752db84f32d0de1,"bounded stochastic reproducibility replicate of the Gaussian scene-aligned folds-3/4 cross-fit, retaining raw logits only with predeclared direction and magnitude checks",
Earth-Remote-Sensing-Rapid-Response-,MARS_GAUSSIAN_SCENE_ALIGNED_REPRODUCIBILITY.md,370,deeaf27e49fce7527d3a6a65b789ef8cda2119d7660431ab052d1ec08c2a644b,,
Earth-Remote-Sensing-Rapid-Response-,mars_gaussian_vit_learnability_audit.json,8889,9ac1ce127ad273f46caf100ff4f58bc02dae7baf234e2c5cdf465083110fcd7b,synthetic-only memorization and index-disjoint transfer audit for the exact Gaussian-pretrained mixed-sensor ViT-U-Net,Stop: architecture/loss path cannot memorize the bounded synthetic bank.
Earth-Remote-Sensing-Rapid-Response-,MARS_GAUSSIAN_VIT_LEARNABILITY_AUDIT.md,356,572650c564343ea88e76c2484888739f6ac6840a8e73ee40a61396675cd5e71c,,
Earth-Remote-Sensing-Rapid-Response-,mars_gaussian_vit_pilot.json,51003,cba9a42cf1c5b10bf8969cbf7f56cf3785cc6f9864947f7f05a6d1dfa8834ff0,fold-3/fold-4 cross-fit of an analytical-Gaussian-pretrained full-scene ViT-U-Net under the exact mixed-sensor MARS contract,"Reject without opening fold 2, folds 0/1, or the official test."
Earth-Remote-Sensing-Rapid-Response-,MARS_GAUSSIAN_VIT_PILOT.md,439,bfff4fd49e231019035afdfbf809961593f769b961430c4583495138627b9aac,,
Earth-Remote-Sensing-Rapid-Response-,mars_geospatial_site_prior.json,22915,f199c636653f471353c8455211b396d5b10e1f948505618dbbf7a1fa51dc024f,five-fold geographic neighboring-site prior; held-site labels excluded; paper cache not loaded,Reject the geospatial site prior before paper scoring.
Earth-Remote-Sensing-Rapid-Response-,MARS_GEOSPATIAL_SITE_PRIOR.md,263,82016cd57acbd299c882eea187c339e6eb2c8ced614942b7729bb8bad2ec7b06,,
Earth-Remote-Sensing-Rapid-Response-,mars_group_crc_crossfold.json,40394,aa717d6500efeddcecfb05c6db3ee4ec6d3875ec8c92c66b971a1e7a67cf449c,honest folds-3/4 geographic-transfer audit of group conformal risk control,
Earth-Remote-Sensing-Rapid-Response-,MARS_GROUP_CRC_CROSSFOLD.md,441,f73c0290644ad1ebf5cd85e18a698343a8a6407c2db7a5ac0ef9948ea82108a3,,
Earth-Remote-Sensing-Rapid-Response-,mars_hard_scene_ranker_inner_fold2.json,234690,e86e82fd8e9124d84f5b86fc91fcda7e02a66a8b61464956834cb91a0bb0d646,"hard-example inner selection: train folds 3-4, validate fold 2",Reject hard-example scene ranking before another fold-0 evaluation.
Earth-Remote-Sensing-Rapid-Response-,MARS_HARD_SCENE_RANKER_INNER_FOLD2.md,380,7b6a8917e8dd0405ec90604527f277e146818f3c336e949276904b25aa487169,,
Earth-Remote-Sensing-Rapid-Response-,mars_instance_guided_teacher_pilot.json,9824,0611aeb0f4f82e454605f00e75376c8c4bfcfc36346756e45439b8c18c190bd6,instance-aware physics-guided released-U-Net adapter pilot,Reject instance-aware adapter before full cross-fit or external scoring.
Earth-Remote-Sensing-Rapid-Response-,MARS_INSTANCE_GUIDED_TEACHER_PILOT.md,1924,5da05333bd82dcc3682f76c26f0c3318afe66ea3ad01735a38a1bd84c0f68fde,,
Earth-Remote-Sensing-Rapid-Response-,mars_instance_scene_ensemble_pilot.json,45279,6d9505cebc4085564a2ad7c258aecad48d4a815b54d5a069b2558cf5619d2555,conservative two-output instance-signal scene ensemble pilot,Reject instance-scene ensemble before external scoring.
Earth-Remote-Sensing-Rapid-Response-,MARS_INSTANCE_SCENE_ENSEMBLE_PILOT.md,1685,b0a842ab9a9329dc48069add0a3167a9e5317838e21e92d0a571d1ffa9e9aba7,,
Earth-Remote-Sensing-Rapid-Response-,mars_joint_calibration_aware_finalization.json,2424,c432cdd404aee488303de99d6d0f6968cff35319507f505d4aac27bea4283ae5,calibration-aware finalization; no fresh external or paper test loaded,Freeze the fixed joint head for fresh CloudSEN-test and exact-paper evaluation.
Earth-Remote-Sensing-Rapid-Response-,MARS_JOINT_CALIBRATION_AWARE_FINALIZATION.md,530,b07683b32ffb0a4120575b39ca07361de2a1c662d924ec3d94372141d1170a24,,
Earth-Remote-Sensing-Rapid-Response-,mars_joint_calibration_aware_paper_posttest.json,10566,20625e9362c2da0ea124be7ff0587475358d16620f6e4fa7b6fab5b5a901ea96,transparent post-test replay of the fresh-safety-passed fixed joint candidate on the exact MARS-S2L v3 comparator,At least one exact MARS-S2L v3 paper gate remains unresolved.
Earth-Remote-Sensing-Rapid-Response-,MARS_JOINT_CALIBRATION_AWARE_PAPER_POSTTEST.md,775,dc87f139cd9bd1395912c12c17724e22333d94680769a451109516012ba5a27e,,
Earth-Remote-Sensing-Rapid-Response-,mars_joint_development.json,10254,8b6ad4ccd8a04a3ee58781a43a390a7203064c4574d0393e20bad5f9e7b35aac,single_seed_joint_model_development_not_final_paper_claim,The joint model does not yet clear the promotion gate. Use validation-only error analysis and hard-negative mining before any backbone expansion; do not tune on the strict benchmark.
Earth-Remote-Sensing-Rapid-Response-,MARS_JOINT_DEVELOPMENT.md,1043,b08a726762c0a362b24572470cd4f463fd72fda5e4533ccb4cf14e50a82dad65,,
Earth-Remote-Sensing-Rapid-Response-,mars_joint_external_augmented_xgboost.json,25340,04c1b193465141c9350b66830a63fd483c0359b1d8d2b2c885ebc503cda2cba3,development-only joint external augmentation; paper test not loaded,Reject the joint external-data scene head before paper-cache replay.
Earth-Remote-Sensing-Rapid-Response-,MARS_JOINT_EXTERNAL_AUGMENTED_XGBOOST.md,562,8827ba57196ee2a19baeb5f1ce5434079a72f2e85c149e681fd629d24d451559,,
Earth-Remote-Sensing-Rapid-Response-,mars_joint_external_negative_calibrated_xgboost.json,24742,8ab3a91566e6ba0b60bceaa13c3ee7e36bc390e5ce69ab7486895883f35e779a,development-only joint external augmentation; paper test not loaded,Reject the joint external-data scene head before paper-cache replay.
Earth-Remote-Sensing-Rapid-Response-,MARS_JOINT_EXTERNAL_NEGATIVE_CALIBRATED_XGBOOST.md,562,8b6448bd291de5170060b3bb6b84b30efbbaa9d7a563420c31a45aae6d46cdc8,,
Earth-Remote-Sensing-Rapid-Response-,mars_joint_mil_development.json,16923,b49592cc0f9eeb607d324e76021f2e88515ee610763308f34bfeaf4a9420e787,validation_first_joint_mil_development,MIL v2 does not clear the strict-spatial gate. Freeze this result and use only validation/external data for the next decision.
Earth-Remote-Sensing-Rapid-Response-,MARS_JOINT_MIL_DEVELOPMENT.md,1255,772b708f827718deac094e9e146a33d4961bb7be8271ef21f5fe5171773d1fe1,,
Earth-Remote-Sensing-Rapid-Response-,mars_joint_mil_validation_audit.json,9611,07fb282d93fbe81e0dc1fd82e0e98225bb90b2d8d9ead5ea9c71b24841245e24,mil_v2_internal_validation_error_audit_only,Use these validation-only error strata to define the expanded hard-negative/positive sampling plan. Do not modify a threshold or architecture from strict-test behavior.
Earth-Remote-Sensing-Rapid-Response-,MARS_JOINT_MIL_VALIDATION_AUDIT.md,1010,91cf3c7cb6737cb3f1bc92dd06a671ab21213a2cdaa494f62c9d431673f1ecff,,
Earth-Remote-Sensing-Rapid-Response-,mars_large_history_temporal_prior.json,729280,0e84e59db537a8bab657bbed542b47f80d12f74ad5396b5c30ba352565ac9e43,development-only temporal site-prior selection; exact paper cache not loaded,Reject the temporal site prior before fresh or paper evaluation.
Earth-Remote-Sensing-Rapid-Response-,MARS_LARGE_HISTORY_TEMPORAL_PRIOR.md,401,ee48484c4875d5aaa7ac9517252fd67f09091dbe01db68fdba671ce90aa000f6,,
Earth-Remote-Sensing-Rapid-Response-,mars_low_prevalence_set_context_head.json,224597,bcd05f8bb4ce01d60c06f1606b4cb0ece5cc3a18aacebc42f2317157b9dc48f3,development-only low-prevalence set-context head; exact paper cache not loaded,Reject the set-context head before fresh or paper evaluation.
Earth-Remote-Sensing-Rapid-Response-,MARS_LOW_PREVALENCE_SET_CONTEXT_HEAD.md,384,0499f0a4dd313987c45c9dee93c48a52c7c792838f2da58efba7e3cd58e94461,,
Earth-Remote-Sensing-Rapid-Response-,mars_mask_routing_folds234.json,28122,068c6d33e43d112ca47b5a7daaadadfb64bec22f23ba4f0b1e390e58f0146a9e,development folds only; paper test not loaded,Reject routed masking; it lacks a positive paired group-bootstrap lower bound across development domains.
Earth-Remote-Sensing-Rapid-Response-,MARS_MASK_ROUTING_FOLDS234.md,1793,10cf6718470205fca5f9e92ab6d7e8e6702a8ca58333e8fb8d19858930815bc7,,
Earth-Remote-Sensing-Rapid-Response-,mars_mask_threshold_folds01_confirmation.json,3554,b3d77820ce1fc2a81c95e479f4412f545310ae8146cbd25f97f5c398b33fc7fe,development folds only; paper test not loaded,Mask threshold 0.70 passed the separate folds 0-1 development confirmation.
Earth-Remote-Sensing-Rapid-Response-,MARS_MASK_THRESHOLD_FOLDS01_CONFIRMATION.md,484,d0f96d423b384e3c0dbc992e0ab095e052abe37817b007e0b3670912c132ea02,,
Earth-Remote-Sensing-Rapid-Response-,mars_mask_threshold_folds01_extended.json,7440,143cfdf8692102f4be6bd55722e40b79992eb1a1c244815435c7d1add86301c8,development folds only; paper test not loaded,Do not advance this mask rule; at least one fold or sensor IoU gate failed.
Earth-Remote-Sensing-Rapid-Response-,MARS_MASK_THRESHOLD_FOLDS01_EXTENDED.md,646,a11644c5feeeac17fea594bff8bce119ad2494caa1cbeb7317a747571cf482a8,,
Earth-Remote-Sensing-Rapid-Response-,mars_mask_threshold_folds234.json,11755,9d4dd8140908489e48be849c0e89100a8f663c3368db9354c1b30ed8670865be,development folds only; paper test not loaded,Advance this mask threshold to a separate development-fold confirmation.
Earth-Remote-Sensing-Rapid-Response-,MARS_MASK_THRESHOLD_FOLDS234.md,751,c291f07ade1b61e68f25238a2f5b8f8ca11cf22fd0a1e11385bc6d66f495e5ef,,
Earth-Remote-Sensing-Rapid-Response-,mars_ndmi_bitemporal_fusion_pilot.json,40699,0c8bebeace840acbb0a27450919d47e852cb3166ea171d9344701e2ba90d3177,fold-3/fold-4 cross-fit of an NDMI-guided shared-weight bi-temporal branch with source-disjoint auxiliary training,"Reject this architecture before external development, fold 2, or official-test scoring."
Earth-Remote-Sensing-Rapid-Response-,MARS_NDMI_BITEMPORAL_FUSION_PILOT.md,453,97df8f59eb9d3b3761ef248df2bad10ccd08721a71b5ee757c115a6810311a3b,,
Earth-Remote-Sensing-Rapid-Response-,mars_ndmi_patch_mil_pilot.json,40573,ab76b2f66d6a3f96a23aff6b54e22653a566520b0cfd460b706d5f86d23d9b08,fold-3/fold-4 cross-fit of patch-local NDMI bi-temporal scene evidence with source-disjoint auxiliary training,"Reject this architecture before external development, fold 2, or official-test scoring."
Earth-Remote-Sensing-Rapid-Response-,MARS_NDMI_PATCH_MIL_PILOT.md,453,944eff55bc7c62e5d7df090361c586c34f954cacfe49ccebd3b202358265cb24,,
Earth-Remote-Sensing-Rapid-Response-,mars_offshore_finetune_diagnostic.json,18504,abcbb94a4e343f22d79d1469312b8879402ddbf6be32948317cd324f4889b71d,,
Earth-Remote-Sensing-Rapid-Response-,MARS_OFFSHORE_FINETUNE_DIAGNOSTIC.md,1655,5e826958e5f6ee00af52eb450edaa4dfc925cb764036af43b8012a91b6749626,,
Earth-Remote-Sensing-Rapid-Response-,mars_offshore_mask_threshold_confirmation.json,6637,a983069ced97114d31b3fe5714d20ca3e62e1b2ba3f86e9725f9014ceea85a62,post-test-diagnosed mask rule reverse-validated on all development folds,Reject the offshore 0.90 mask threshold because development reverse validation failed.
Earth-Remote-Sensing-Rapid-Response-,MARS_OFFSHORE_MASK_THRESHOLD_CONFIRMATION.md,685,974d8d1ea5d22843da5769be7fe7349192e55edcb2c6572a616fc5f8a06d96f9,,
Earth-Remote-Sensing-Rapid-Response-,mars_oof_context_minimum_blend.json,72842,8fc190bf4cac9d3abb24979cd20678930f09143302a69ddbfb944a7959951b0b,minimum-intervention OOF trust region on folds 2/3/4,Freeze the minimum stable blend for one fold-0 evaluation.
Earth-Remote-Sensing-Rapid-Response-,MARS_OOF_CONTEXT_MINIMUM_BLEND.md,337,343bfe662fef6700cc1e1c635d3a08e772908e6c353a5c515864c9d0b6863bd1,,
Earth-Remote-Sensing-Rapid-Response-,mars_oof_context_minimum_blend_fold0.json,4295,4eec74a60109e6ed48d10358bde3c077755cfb15fa166dbec20d655ec2c492ce,one-shot minimum-intervention OOF-context fold-0 evaluation,Advance the minimum-intervention OOF context architecture to fold-1 confirmation.
Earth-Remote-Sensing-Rapid-Response-,MARS_OOF_CONTEXT_MINIMUM_BLEND_FOLD0.md,443,b983d854f23a058209644953e56bca8b28000a8d68db16fc100116320350cbfb,,
Earth-Remote-Sensing-Rapid-Response-,mars_oof_context_ranker_fold0.json,4574,416e32dfc9a218fdcb3f30b952be158cda3cc51ef05a0354554f2e6243c16d65,one-shot OOF-stable context fold-0 evaluation; fold 1 and paper test not loaded,Reject the OOF-stable context architecture on fold 0.
Earth-Remote-Sensing-Rapid-Response-,MARS_OOF_CONTEXT_RANKER_FOLD0.md,419,233d4274ef400f18e1214799456ffcf14e842940683a9ebcd095a7c283f7c005,,
Earth-Remote-Sensing-Rapid-Response-,mars_oof_context_ranker_folds234.json,280662,a125830c41d1d592a7d3a52ee2343ad5faa883061869e4638113c9df09f421e0,three-fold OOF selection on folds 2/3/4; folds 0/1 and paper test not loaded,Refit the OOF-stable context head on folds 2-4 and freeze fold-0 evaluation.
Earth-Remote-Sensing-Rapid-Response-,MARS_OOF_CONTEXT_RANKER_FOLDS234.md,479,9bbd4f65104c25cdf5f4d1b0a1a7789e4da394169136723c5eb3aa82735dbb18,,
Earth-Remote-Sensing-Rapid-Response-,mars_oof_scene_ensemble_v2_all_development_refit.json,2567,64f23226441a8371e8bf675c3c91d62d49ab07ed96625e4bee3038b38d5f2503,fixed-spec all-development refit; paper test not loaded,Freeze this all-development refit for one transparent exact-paper cache evaluation.
Earth-Remote-Sensing-Rapid-Response-,MARS_OOF_SCENE_ENSEMBLE_V2_ALL_DEVELOPMENT_REFIT.md,749,83194c9223b1bfc771bd5d21b8ee8fb83b1387eb1da2e53a5117770f44dcfe91,,
Earth-Remote-Sensing-Rapid-Response-,mars_oof_scene_ensemble_v2_fold0.json,4840,4827c6a380010bb6a234d85298427e35ce2583051869300cbcabda3f4cb3bd06,frozen stronger OOF scene-head fold-0 evaluation; paper test not loaded,Advance the stronger OOF scene ensemble to the next confirmation stage.
Earth-Remote-Sensing-Rapid-Response-,MARS_OOF_SCENE_ENSEMBLE_V2_FOLD0.md,650,0f727d1e94ade2f3ee4928d433a598f1e8e9004a6c851aa81dc3119544c90493,,
Earth-Remote-Sensing-Rapid-Response-,mars_oof_scene_ensemble_v2_fold1.json,4851,8380d079039ca6c9513ca125934665351c49988429336c63287e28e4cd7d0d1c,frozen stronger OOF scene-head fold-1 evaluation; paper test not loaded,Advance the stronger OOF scene ensemble to the next confirmation stage.
Earth-Remote-Sensing-Rapid-Response-,MARS_OOF_SCENE_ENSEMBLE_V2_FOLD1.md,650,8412b006980ca0a5d41d18687356210541b3af5a1242d306ffbc60b9475c1469,,
Earth-Remote-Sensing-Rapid-Response-,mars_oof_scene_ensemble_v2_folds234.json,360358,b12f62e05d864739f8a278b414a415febaba0185c649b5dea901eaf4135ef157,three-fold OOF selection on folds 2/3/4; folds 0/1 and paper test not loaded,Refit the selected head on folds 2-4 and advance it to untouched fold-0 evaluation.
Earth-Remote-Sensing-Rapid-Response-,MARS_OOF_SCENE_ENSEMBLE_V2_FOLDS234.md,522,0c5a0f15bdf2e3f2a3d8678b9d867e09be00d161ff27155b653c6c5873481035,,
Earth-Remote-Sensing-Rapid-Response-,mars_paper_model_initialization_audit.json,2251,c419047c43e06d0f3611d53b9d5124920469024aaa9bb0bd0deb308fba370c85,independent released-checkpoint equivalence before successor training,
Earth-Remote-Sensing-Rapid-Response-,MARS_PAPER_MODEL_INITIALIZATION_AUDIT.md,594,5d9de8f5348f12e4f012a76d4910df9443cf6a3af1da8f2fd8ee7a607917b7c5,,
Earth-Remote-Sensing-Rapid-Response-,mars_paper_released_development.json,19009,4085d6e1e3683dfe4f73d25fd1bc0906a756b7433cc850ed64392db08f1f7935,frozen site-held development; sealed paper test not loaded,
Earth-Remote-Sensing-Rapid-Response-,MARS_PAPER_RELEASED_DEVELOPMENT.md,449,81535643bfb882fe885e2edb4d7bff5acf1796bbc64eee61e1ee3755f91f9de9,,
Earth-Remote-Sensing-Rapid-Response-,mars_paper_residual_fold0_seed606.json,130664,bdef783ed90209337426af1f300efe25b9d35109ced49f4fc81d6dec14d7517c,site-held architecture development; sealed paper test not loaded,Do not advance: at least one predeclared primary-fold point gate failed.
Earth-Remote-Sensing-Rapid-Response-,MARS_PAPER_RESIDUAL_FOLD0_SEED606.md,463,4d747bf8d4899f75b887e96b6c27197ac4c97d6ff1cea008fa331d6f393106c8,,
Earth-Remote-Sensing-Rapid-Response-,mars_paper_residual_fold0_trust_region.json,85309,bb9763a9bdbf0ddd14c3e1c718af9bceff47e0a1c6f04a4749833968368b79b5,fold-0 development architecture selection; fold 1 and paper test not loaded,Reject the trust-region blend on fold 0; proceed to source-aligned fitting.
Earth-Remote-Sensing-Rapid-Response-,MARS_PAPER_RESIDUAL_FOLD0_TRUST_REGION.md,845,ece235bc84aecae7b66be658060a8993ecdd264205db4cce0bfb80f97a9c26a1,,
Earth-Remote-Sensing-Rapid-Response-,mars_paper_residual_fold1_seed606_epoch7_training.json,7025,0dad5d136065ff425e020726b1e0bbc29199d16f7b100a342c406d8ed7888db3,site-held architecture development; sealed paper test not loaded,Fixed epoch-7 fold-1 residual trained without reading fold-1 labels; the frozen end-to-end confirmation remains sealed.
Earth-Remote-Sensing-Rapid-Response-,MARS_PAPER_RESIDUAL_FOLD1_SEED606_EPOCH7_TRAINING.md,239,fe15cd2a9a5ecf75b2e597404d588e5ff6ed31412326e4b8c97e5ac61d690e19,,
Earth-Remote-Sensing-Rapid-Response-,mars_paper_residual_fold1_trust_analysis.json,131612,6d06fde3790cc5e0cc1f0039f256ec5dd2acaeca86ae990bee5679b701f6efeb,fold-1 development architecture analysis; paper test not loaded,Reject the trust-region blend on development fold 1.
Earth-Remote-Sensing-Rapid-Response-,MARS_PAPER_RESIDUAL_FOLD1_TRUST_ANALYSIS.md,1096,c4c1aa561670272e26394a5fe657d9ce515af7afa6f2d169a0dce80cec61b337,,
Earth-Remote-Sensing-Rapid-Response-,mars_paper_residual_smoke.json,8813,eec55ac91bee95a9d92dd51e64cb2da7fb8a0b0cbfbccc1341d994e25d3f52ea,site-held architecture development; sealed paper test not loaded,Smoke execution only; this result cannot promote an architecture.
Earth-Remote-Sensing-Rapid-Response-,MARS_PAPER_RESIDUAL_SMOKE.md,431,d275e7e52d1b1915cff762ba00bf3fc4e003d9264e39ff3e7e9807c62698841b,,
Earth-Remote-Sensing-Rapid-Response-,mars_paper_residual_smoke_teacher_floor.json,20357,bb40571fc5085e97027e2f69c225bad82be2e41fec6a695ec5f9a4758837b25e,site-held architecture development; sealed paper test not loaded,Smoke execution only; this result cannot promote an architecture.
Earth-Remote-Sensing-Rapid-Response-,MARS_PAPER_RESIDUAL_SMOKE_TEACHER_FLOOR.md,431,6a0bc14c212cff9c53bfc20ee794946a5aab8961a1b65c725a01ca753d823b46,,
Earth-Remote-Sensing-Rapid-Response-,mars_paper_v3_development_protocol.json,53233,f2481b5a35c8b1a5dd096974e481cfea593fe7b831cfeb4428e6bad324077ab3,sealed-test-blind mixed-sensor successor development,
Earth-Remote-Sensing-Rapid-Response-,MARS_PAPER_V3_DEVELOPMENT_PROTOCOL.md,1045,63ebd4b7fca9c5577fc8ffb02ed52e454a2cc24ddc1728eaea45f421ea4fa514,,
Earth-Remote-Sensing-Rapid-Response-,mars_physical_patch_transfer_pilot.json,42023,4a0425da9c6186a7b803c3543bb94d1c3bdb286baedc874e7f9be1aa0888e117,fold-3/fold-4 cross-fit of a 640 m source-invariant local plume detector trained with MARS and MARS-test-disjoint MethaneS2CM data,"Reject this pilot without opening fold 2, external development, or the paper test."
Earth-Remote-Sensing-Rapid-Response-,MARS_PHYSICAL_PATCH_TRANSFER_PILOT.md,458,9bdf0a1baeb06b3c446639f83a776150b8bf36a17919753673d3f8f51ecaa481,,
Earth-Remote-Sensing-Rapid-Response-,mars_physics_guided_teacher_balanced_pilot.json,6832,fd6dcbb78239f37029f78b3169c7b87cec4c2cce272febe60d00b6ac7c9e65af,balanced-request physics-guided released-U-Net adapter v2 pilot,Reject balanced adapter pilot before full cross-fit or external scoring.
Earth-Remote-Sensing-Rapid-Response-,MARS_PHYSICS_GUIDED_TEACHER_BALANCED_PILOT.md,1751,0808285b2d5cda8ed48ee054bbe7234225b1b07b787dd35521f1e3e1a3bce671,,
Earth-Remote-Sensing-Rapid-Response-,mars_physics_guided_teacher_pilot.json,18676,aa98f3111ea45c072f300f201616985145920d242557086c8466135acfb8efc8,development fold-2 physics-guided released-U-Net adapter pilot,Reject adapter pilot before full cross-fit or external scoring.
Earth-Remote-Sensing-Rapid-Response-,MARS_PHYSICS_GUIDED_TEACHER_PILOT.md,1316,cec174421aed68477773de4874ba0621b9f0658845751af492906c9480b40279,,
Earth-Remote-Sensing-Rapid-Response-,mars_pilot_baselines.json,19422,59d732e2116e1ab384428acb39311feb8dc3864f0cbb2c937c564542617384e6,contract_smoke_test_not_accuracy_claim,
Earth-Remote-Sensing-Rapid-Response-,MARS_PILOT_BASELINES.md,1931,e1d72cf4399911579969cc61cd1a73a7fd978d8268715ac6ae4d0517cc5c1552,,
Earth-Remote-Sensing-Rapid-Response-,mars_prior_reference_complementarity_folds34.json,16461,528a45f70340867fceac98ba193ae478276b5e0d20883a9e952561e9ba6011d0,,FAIL: retire the prior-reference architecture before model fitting.
Earth-Remote-Sensing-Rapid-Response-,MARS_PRIOR_REFERENCE_COMPLEMENTARITY_FOLDS34.md,1092,a4266e033ade10e44d4a6ba12fe6111d40a78a33dcbefd4f5848726e41cb5297,,
Earth-Remote-Sensing-Rapid-Response-,mars_prithvi_100m_cls_probe.json,74653,d5cd5ad6457d0234f186ac42b638c61886df77c3c9003eb566a7f4e1897ad6e9,folds-3/4 cross-fit viability test of a frozen Prithvi-EO-2.0-100M-TL CLS probe fused with the Gaussian+DOFA champion,Reject Prithvi-100M CLS fusion before confirmation or external scoring.
Earth-Remote-Sensing-Rapid-Response-,MARS_PRITHVI_100M_CLS_PROBE.md,335,e7f5e1cf7170b5e0259addb847145a3b70d953b096d5fee3ba4df9230bf819b4,,
Earth-Remote-Sensing-Rapid-Response-,mars_prithvi_100m_cls_probe_smoke.json,185,bcf185a28d98db52bb8d56ba15b2c3352110086b9f5996f14fc80b8b697c9a58,finite Prithvi-100M probe smoke; no held metric,
Earth-Remote-Sensing-Rapid-Response-,mars_prithvi_domain_adaptive_v1_superseded.json,1580,18b8070d638dce61bdd51e2295ceac3d79cd9d93b27f2d432ac165c32ccc6b22,,
Earth-Remote-Sensing-Rapid-Response-,MARS_PRITHVI_DOMAIN_ADAPTIVE_V1_SUPERSEDED.md,820,86773a96492f4e6e3bc989854c936de195d75ed337834e8fa0c21c3d1efeecb9,,
Earth-Remote-Sensing-Rapid-Response-,mars_prithvi_domain_adaptive_v2.json,37712,2e3fd4d8ae0e4d01915e4c89ad5953f6d80ddae5dd27978b64ae789f82be5638,strict MARS folds3/4 cross-fit; no folds0/1/2 or official data,REJECT
Earth-Remote-Sensing-Rapid-Response-,MARS_PRITHVI_DOMAIN_ADAPTIVE_V2.md,2658,099579aff88c0b6b52cc0d2286e0cc68db79374a3a969608165c515647d6f595,,
Earth-Remote-Sensing-Rapid-Response-,mars_prithvi_lora_scene_model.json,53872,0a45863d3192d363550d1a16609fc39a595e1f61a0947460448efd4f60fd0dcd,development-only patch-supervised Prithvi LoRA pilot; no fresh or paper inputs,Reject LoRA pilot before external scoring.
Earth-Remote-Sensing-Rapid-Response-,MARS_PRITHVI_LORA_SCENE_MODEL.md,1356,9e5ffeb021f04e452a425e91ef1dcc32505613b01307e16ffbe181b009cb7c27,,
Earth-Remote-Sensing-Rapid-Response-,mars_prithvi_physical_scene_probe_folds34.json,11371,f12a36af99d6b399f2292d45d68cd93e446220388aedea0f9936315bf76e2bcd,development-only physical-radiometry Prithvi selection on folds 3/4,Reject the physical-radiometry Prithvi candidate before fold-2 extraction.
Earth-Remote-Sensing-Rapid-Response-,MARS_PRITHVI_PHYSICAL_SCENE_PROBE_FOLDS34.md,699,2f56f55fc771a499f97f82127044df819d27a19e6e90e63add3ed2a05cc596a4,,
Earth-Remote-Sensing-Rapid-Response-,mars_prithvi_scene_probe.json,43717,7b8c935bba06feaefd38559175f4e25474687490547eaa3340ec04b502d2750d,development-only Prithvi transfer probe; paper test not loaded,Freeze the Prithvi scene complement for one transparent paper benchmark.
Earth-Remote-Sensing-Rapid-Response-,MARS_PRITHVI_SCENE_PROBE.md,723,772d18de3eabe8f0febef6931465bb28c61cae02e33f6690a66ff3c677263b88,,
Earth-Remote-Sensing-Rapid-Response-,mars_prithvi_scene_probe_paper_posttest.json,7720,21f905944c24c119b5412fe6d2e626353f07381d3866811607d92492c25bcc89,transparent post-test Prithvi scene-probe replay on exact paper comparator,Reject the Prithvi complement as the final successor; at least one exact paper gate fails.
Earth-Remote-Sensing-Rapid-Response-,MARS_PRITHVI_SCENE_PROBE_PAPER_POSTTEST.md,723,a9023c67ac1853a627e5d621bacc2ea4929d3d17ed2b5417359fb99a3353a5c1,,
Earth-Remote-Sensing-Rapid-Response-,mars_prithvi_spatial_head.json,21376,77507f57de075a7b47adf36831d93830900db51062484ee48765094dea1a3f2f,two-seed five-fold spatial Prithvi development experiment; paper cache not loaded,Reject the spatial Prithvi head before paper scoring.
Earth-Remote-Sensing-Rapid-Response-,MARS_PRITHVI_SPATIAL_HEAD.md,215,3d72efa10803766bb9ae228f3bf37842e3f4f4198b0355ecde6b6f419ae1191c,,
Earth-Remote-Sensing-Rapid-Response-,mars_protected_bisensor_expanded_unep.json,49344,3e70513986192dda3b7aadc8feed6a5b12ce6e11eaaef2691e9deb7859efc96c,controlled fold-3/fold-4 repeat of recall-protected bi-sensor anchored adaptation with the expanded 160-row real UNEP auxiliary manifest,"Reject this architecture before external development, fold 2, or official-test scoring."
Earth-Remote-Sensing-Rapid-Response-,MARS_PROTECTED_BISENSOR_EXPANDED_UNEP.md,585,7d8b54228e69f402781fd5dd3cbdcf0fb6d6255020dc0e06cf8a3f93962ca623,,
Earth-Remote-Sensing-Rapid-Response-,mars_protected_bisensor_expanded_unep_cache_repeat.json,49986,08f5ed7dbf9c7085f9393b37fdb1fd34fcdb673e82ad41225544f00d373f54da,same-seed replication of the expanded-UNEP protected cross-fit with a compact identity-aligned scene-score cache for preregistered independent-signal fusion,"Reject this architecture before external development, fold 2, or official-test scoring."
Earth-Remote-Sensing-Rapid-Response-,MARS_PROTECTED_BISENSOR_EXPANDED_UNEP_CACHE_REPEAT.md,585,d0bcfcd387c188c98344d6950a54095f6060b0803de8170aee61e86ee2c08618,,
Earth-Remote-Sensing-Rapid-Response-,mars_protected_bisensor_expanded_unep_fold2_cache.json,23710,a801b317c3f7690cca5d1afad283c77a95700ade435738378fa859afb4ac5b26,single new-seed anchored-U-Net endpoint fit on folds 3+4 and scored once on fold 2 for the fixed protected ensemble confirmation,"Reject this architecture before external development, fold 2, or official-test scoring."
Earth-Remote-Sensing-Rapid-Response-,MARS_PROTECTED_BISENSOR_EXPANDED_UNEP_FOLD2_CACHE.md,585,cd5119ebf20fc18526935f8db8d2d1c1256df7075c770fa01d88239ace92da53,,
Earth-Remote-Sensing-Rapid-Response-,mars_protected_bisensor_finetune_pilot.json,49354,0c3e2f2253316c714f1b58f39092bf6cc9e5b445823a46be27a5b1e1ebd818af,fold-3/fold-4 cross-fit of recall-protected bi-sensor fusion over weight-anchored full released-U-Net adaptation,"Reject this architecture before external development, fold 2, or official-test scoring."
Earth-Remote-Sensing-Rapid-Response-,MARS_PROTECTED_BISENSOR_FINETUNE_PILOT.md,585,4c00de243b709141a2bfcd56df82ac8cd99b35ac1a64e223cd2f9305b818d279,,
Earth-Remote-Sensing-Rapid-Response-,mars_recall_anchor_diagnostic.json,9725,342844238687f122bbabb3e963c8d98d829f5fc6a91c95dd6087475b493824d9,development-only complementarity audit for a recall-anchored dual-expert successor,continue_to_recall_anchored_architecture
Earth-Remote-Sensing-Rapid-Response-,MARS_RECALL_ANCHOR_DIAGNOSTIC.md,1306,78fd32ab71c7d65f2e024a818bf62236c0e90e693ab290b07cdc8cf09291d125,,
Earth-Remote-Sensing-Rapid-Response-,mars_released_model_baseline.json,3528,4b0d59c3efb022e3fbee1c2c78b25dab9b1aff981b4720a3ae65c5cb16b83af1,released_marss2l_on_frozen_strict_spatial_development_cohort,
Earth-Remote-Sensing-Rapid-Response-,MARS_RELEASED_MODEL_BASELINE.md,872,904606c22a09d3428117e85de5216d0752c6a75d40be63bec03f110023558428,,
Earth-Remote-Sensing-Rapid-Response-,mars_released_model_full_strict_baseline.json,4047,433301db9591a10d6f702fb31b9fc34992f2704c1d074a8e897b71fe6c83c653,released_mars-s2l_on_frozen_full_strict_spatial_cohort,
Earth-Remote-Sensing-Rapid-Response-,MARS_RELEASED_MODEL_FULL_STRICT_BASELINE.md,880,c25d99cf0df5e249eb22b0fbbd32526b1d277f47c3454161fad6eefe2304a114,,
Earth-Remote-Sensing-Rapid-Response-,mars_residual_endpoint_blend_fold0.json,141735,bd5b6e6aa12bb683ab4431b4538014efb852875c4390c3a83bdf9f15951806eb,fold-0 development architecture selection; fold 1 and paper test not loaded,Reject the retained endpoint blend on fold 0.
Earth-Remote-Sensing-Rapid-Response-,MARS_RESIDUAL_ENDPOINT_BLEND_FOLD0.md,1087,b25b4e0d10e6ca4bbb4ced5c58d62698a325675543f544db26a30f27e604018b,,
Earth-Remote-Sensing-Rapid-Response-,mars_rex_spatial_classifier.json,20886,008df042388e601740f3c24088efda9356da38dea5eb542b8d7ce52409230d37,two-seed five-fold V-REx spatial development experiment; paper cache not loaded,Reject V-REx spatial model before paper scoring.
Earth-Remote-Sensing-Rapid-Response-,MARS_REX_SPATIAL_CLASSIFIER.md,239,c3d9cad68e4220846efce7e6c3f118314fe47063131c8a01c50c7702c69636db,,
Earth-Remote-Sensing-Rapid-Response-,mars_robust_prithvi_ranker.json,111849,160f042fde8662020fe5b3fd6ba02e04301aea36dc6a11df1ed86bfb282c0f3b,development-only worst-domain pairwise-AUC Prithvi ranker; no fresh or paper inputs,Reject robust Prithvi ranker before fresh or paper scoring.
Earth-Remote-Sensing-Rapid-Response-,MARS_ROBUST_PRITHVI_RANKER.md,365,c5d05971fc932f27ca90691416cee4437f6a94c16465043899052d32e8334a38,,
Earth-Remote-Sensing-Rapid-Response-,mars_robust_site_template_ranker.json,142719,16a3928c9ea7dcc3f25e2ba3c62fededc231655e0436c3d35d6eb2e4006e8a88,fold-3/fold-4 robust site-history crossfit; no other outcome partition loaded,Reject robust site-template ranking before fold-2 access.
Earth-Remote-Sensing-Rapid-Response-,MARS_ROBUST_SITE_TEMPLATE_RANKER.md,438,bfdc43ba547fdea08e336298961f2b656543c9a978753b34657ea7e93ae9e546,,
Earth-Remote-Sensing-Rapid-Response-,mars_scene_domain_routing_confirmation.json,20236,fd4548ce5691b505c7f67126ab60eb39f256ece669fbb1b224e785ff8cce2e14,post-test diagnosed rule reverse-validated on development folds; paper labels not loaded by this tool,Reject the post-test scene routing rule because development reverse validation failed.
Earth-Remote-Sensing-Rapid-Response-,MARS_SCENE_DOMAIN_ROUTING_CONFIRMATION.md,584,31ca084efa9a0bd58a28a820a34826bc05c9aaef385ecfaf43e4cb7676c2a684,,
Earth-Remote-Sensing-Rapid-Response-,mars_scene_gated_masks.json,67519,c1e5a1497abebba80d42898a8165b30fd255ff252478a0ee1fd90fd32456a51c,development-only cross-fitted scene-gated masks; paper test not loaded,Freeze the scene-gated mask rule for one transparent post-test paper-cache replay.
Earth-Remote-Sensing-Rapid-Response-,MARS_SCENE_GATED_MASKS.md,857,58b1fd4d38ab55a0aa430b789e86823e2262d3b9b0c82ff7436e7ddcfe61786c,,
Earth-Remote-Sensing-Rapid-Response-,mars_scene_gated_spatial_paper_posttest.json,8382,bc05836a18b1f1cd795a7bd3223849290d0b20a3d3f0fad7b1e30a53731fd5d0,transparent post-test scene-gated spatial successor on exact paper cache,"Dense segmentation now passes both exact paper views, but at least one scene-level superiority gate remains unresolved."
Earth-Remote-Sensing-Rapid-Response-,MARS_SCENE_GATED_SPATIAL_PAPER_POSTTEST.md,810,e34d607ad4ecc437c901eacf86e8584f34933673bcf9876f8d5a18649ef9dba7,,
Earth-Remote-Sensing-Rapid-Response-,mars_scene_ranker_fold0.json,4241,02e130c701c14c0739263e8e6a2b0c813711a5cdb5de91dd8792e74f92f0a043,one-shot fold-0 architecture selection; fold 1 and paper test not loaded,Reject the frozen scene-head architecture on fold 0.
Earth-Remote-Sensing-Rapid-Response-,MARS_SCENE_RANKER_FOLD0.md,421,f4ce6e85cea9918f3c20972adf048e4967c446710822ae7919b3b31c39b97880,,
Earth-Remote-Sensing-Rapid-Response-,mars_scene_ranker_inner_fold2.json,166583,20c82ea36024dbaa5f1fd56673a139a63945b07c1ade4a706acbd3cda2f5fcec,"inner selection: train folds 3-4, validate fold 2; folds 0/1 and paper test not loaded","Freeze this scene head, refit it on folds 2-4, then evaluate fold 0 once."
Earth-Remote-Sensing-Rapid-Response-,MARS_SCENE_RANKER_INNER_FOLD2.md,396,e2e9694ceab8ed1b93307366461783435ba22a1ba5190be771018f2e7df349da,,
Earth-Remote-Sensing-Rapid-Response-,mars_scene_stacker_v3.json,91225,2b999787c27e3a58fe5ba3b9be891b6ea0aaa43b46a0661e08151d3fa3dc4dff,development only; paper-test labels and scores are not loaded,Reject the stacker before any paper-test evaluation.
Earth-Remote-Sensing-Rapid-Response-,MARS_SCENE_STACKER_V3.md,671,e5b5ae4bbce66dac4bc145093d9ca0d2a757a6bbf837a418da51c399cf8a5478,,
Earth-Remote-Sensing-Rapid-Response-,mars_scene_stacker_v3_paper_posthoc.json,6505,1fffa2fc4cf5ab61ef4f6a1c64a7cb155f2a4c8f4adf3320e0257a0729f40d4d,post-test diagnosis of a development-rejected stacker; not confirmation evidence,Reject the stacker; it does not solve the exact paper scene gates.
Earth-Remote-Sensing-Rapid-Response-,MARS_SCENE_STACKER_V3_PAPER_POSTHOC.md,494,9c19e66a9aeeb1bbfe0e42adf65267c737dbbb491dd3359c45e21fe43113184c,,
Earth-Remote-Sensing-Rapid-Response-,mars_selective_proposal_transformer_folds34.json,18250,24467dc3069ce19f405a6e821b2f84089217a5fbd48d981ab0a3f2e3d5ef15f7,"two-fold, two-seed selective proposal-verifier transformer on authorized MARS folds 3/4",reject_selective_proposal_transformer
Earth-Remote-Sensing-Rapid-Response-,MARS_SELECTIVE_PROPOSAL_TRANSFORMER_FOLDS34.md,408,3a3343dc058613fd070f9f9f275440261f0b3969b3b8e25123a8f3990d076c00,,
Earth-Remote-Sensing-Rapid-Response-,mars_selective_proposal_transformer_smoke.json,381,7b05410056f4a5a5d08bf24f3a3ab266c3d78849870639b6416642a4669b8fbe,,
Earth-Remote-Sensing-Rapid-Response-,mars_sensor_mask_thresholds_confirmation.json,5641,a93a38d43eb37af661744ddebd38b5b7f62fa31d297fbea14e8606a84b1b8781,all development folds; paper test not loaded,Advance the frozen sensor-specific mask rule to a transparent post-test benchmark evaluation.
Earth-Remote-Sensing-Rapid-Response-,MARS_SENSOR_MASK_THRESHOLDS_CONFIRMATION.md,627,400e676c59aaba78ec598233f1ee8f8a774af2e0f955d6a6ae5946c2cf1483c4,,
Earth-Remote-Sensing-Rapid-Response-,mars_simulation_augmented_counterfactual_ranker_folds34.json,120926,2a3c5ade34816d88567bfe7c467e817fef7dff3ee33cbfb6fe38199290209b6f,fold-3/fold-4 honest cross-fit with fit-fold-only same-background simulation,Reject same-background simulation augmentation before fold-0/1/2 or external extraction.
Earth-Remote-Sensing-Rapid-Response-,MARS_SIMULATION_AUGMENTED_COUNTERFACTUAL_RANKER_FOLDS34.md,325,002dcfbc7c5d582e619266ad6d3eb85e6e08222fa6f0c6cbc48e6a75d6bce91b,,
Earth-Remote-Sensing-Rapid-Response-,mars_site_relative_spatial_classifier.json,38207,c2b6695dbe24f0b5bc097d89c6fa6332c2af93441079cd55bec99e77aeeb820f,"development only; paper-test labels, scores, and imagery are not loaded",Freeze the site-relative spatial model for one transparent exact-paper replay.
Earth-Remote-Sensing-Rapid-Response-,MARS_SITE_RELATIVE_SPATIAL_CLASSIFIER.md,787,2a479e1ef27dab474fd2761bee181e68c741766499c3d8a7edbe56d0fb9d7343,,
Earth-Remote-Sensing-Rapid-Response-,mars_site_relative_spatial_development_scores.json,2029,1e244406684d07fcbecf62c607d2721cb16e121b77d11eb01a1b9d1fdb338bb6,label-free score reproduction on authorized development folds only,
Earth-Remote-Sensing-Rapid-Response-,mars_site_relative_spatial_paper_posttest.json,8019,7d99569bb915baa456741055a1309aceb550313662a747612c1c65ce28b3d19e,transparent post-test site-relative spatial replay on exact paper comparator,Reject the site-relative spatial model as the final successor; at least one exact paper gate fails.
Earth-Remote-Sensing-Rapid-Response-,MARS_SITE_RELATIVE_SPATIAL_PAPER_POSTTEST.md,770,61379de4a19c3ff093136dfa7ee9b04372172dcc747a5a105bb895adae061b5a,,
Earth-Remote-Sensing-Rapid-Response-,mars_site_risk_prior.json,341264,108b853371b8e348de3b492d340359724fd1081b616c140f3e723d986c0c59b9,development-only cross-site risk prior; exact paper cache not loaded,Reject the cross-site risk prior before fresh or paper evaluation.
Earth-Remote-Sensing-Rapid-Response-,MARS_SITE_RISK_PRIOR.md,217,fce03d46c283af2208b2678fe0879f3efb088d5bdc6e4d1d18a1f14b08fe5a7a,,
Earth-Remote-Sensing-Rapid-Response-,mars_source_aligned_fold0_seed707.json,86260,29ac72c9c7f2a83c792571ea2c30026816c76242c5aa21904dcf05b36bfb5237,site-held development; fold 1 and paper test not loaded,Reject source-aligned residual on fold 0.
Earth-Remote-Sensing-Rapid-Response-,MARS_SOURCE_ALIGNED_FOLD0_SEED707.md,383,757372693ee120e79cd5389a601e6ecc9b83a67f25c63e04ffbd0f1eb38e28c6,,
Earth-Remote-Sensing-Rapid-Response-,mars_source_aligned_smoke_seed707.json,19503,380c4dd47b0eae96546d78282803081922d5ed70620766abf6f842b1a209b214,site-held development; fold 1 and paper test not loaded,Smoke only; no promotion.
Earth-Remote-Sensing-Rapid-Response-,MARS_SOURCE_ALIGNED_SMOKE_SEED707.md,349,e188946528932aff170bb79c5b64053b18dfd6f6aa34e652054958c51081185b,,
Earth-Remote-Sensing-Rapid-Response-,mars_spatial_hard_ranker.json,576732,55726830efa06f98339ecc5df662a124f7bc8a504c34d974589734b54842435e,development only; paper-test labels and imagery are not loaded,Freeze the hard ranker for a transparent post-test paper benchmark.
Earth-Remote-Sensing-Rapid-Response-,MARS_SPATIAL_HARD_RANKER.md,827,9b788a6df3727e25d644fa849e8db6418872c5abeacfe290ba144c775d8c6565,,
Earth-Remote-Sensing-Rapid-Response-,mars_spatial_hard_ranker_paper_posttest.json,7503,f9cbe235c7f05fa830001df264e8d1942c61ecc57aea2ace661855139aa9b577,transparent post-test development evaluation on exact paper rows and comparator,At least one exact paper superiority gate remains unresolved.
Earth-Remote-Sensing-Rapid-Response-,MARS_SPATIAL_HARD_RANKER_PAPER_POSTTEST.md,630,a34680fc50b4b2d4073b8e913ed7a5f417f19a1c18a5cd0aa964943fbaf8f1c3,,
Earth-Remote-Sensing-Rapid-Response-,mars_spatial_prithvi_calibration.json,3520,b92e60d900e511fa197a262ee5f24bcda9eff5524468357a43fbc0439c83a6df,development-only monotone negative-logit calibration,Reject calibration before fresh re-evaluation.
Earth-Remote-Sensing-Rapid-Response-,mars_spatial_prithvi_ensemble.json,103832,6cf8b8da7a63d8a124137def4fdc408f02f84a9858adfda206614c3cc2213ff1,development-only non-temporal representation ensemble; paper cache not loaded,Freeze the spatial-Prithvi ensemble for fresh safety evaluation.
Earth-Remote-Sensing-Rapid-Response-,MARS_SPATIAL_PRITHVI_ENSEMBLE.md,235,ae08a31399cd98fe19c43919b1267eabaadae16154c4990f07952b91dd2a8ec0,,
Earth-Remote-Sensing-Rapid-Response-,mars_spatial_prithvi_ensemble_paper_posttest.json,11496,c9ad10c0cb0ba6314b44935829187712d450c5bf74dca02de9d5f3005e4827f9,transparent post-test calibrated spatial-Prithvi ensemble replay on exact MARS-S2L v3 comparator,The frozen ensemble does not beat the exact MARS-S2L v3 comparator on every required gate.
Earth-Remote-Sensing-Rapid-Response-,MARS_SPATIAL_PRITHVI_ENSEMBLE_PAPER_POSTTEST.md,882,ebc469f11d568f3c47db55d86f416cd3793a74509f2dc5420b8a94cea653b89d,,
Earth-Remote-Sensing-Rapid-Response-,mars_spatial_prithvi_negative_cdf_calibration.json,5171,334feb1937edab7b6949c2bcb89ad68508f0c35a274081defe17da3c345dd1b6,development-only negative empirical-CDF dominance calibration,Freeze negative-CDF calibrated ensemble for transparent fresh replay.
Earth-Remote-Sensing-Rapid-Response-,mars_spatial_prithvi_tail_calibration.json,4617,30b81690ac4c28322e25496091391e6b2bb97e06446bcf3fcf28f3f95a2f263b,development-only monotone p95 and exact-tail calibration,Freeze tail-calibrated ensemble for transparent fresh safety replay.
Earth-Remote-Sensing-Rapid-Response-,mars_spatial_scene_classifier.json,462000,dfeba0d4e8dde28ae880077c0db2010ccda5c57f58d293f4d3f834b541605c22,development only; paper-test labels and imagery are not loaded,Freeze the spatial classifier for a transparent post-test paper benchmark.
Earth-Remote-Sensing-Rapid-Response-,MARS_SPATIAL_SCENE_CLASSIFIER.md,797,36a4987288f37d7987bd9db4d5fbac52fe5363d2902fc4499b102d12f83bbe07,,
Earth-Remote-Sensing-Rapid-Response-,mars_spatial_successor_paper_posttest.json,7515,77d6f3592571341c6b18b8f0a266c7696f5f6d0dbd5faedb7ce41a7b3430edf3,transparent post-test development evaluation on exact paper rows and comparator,At least one exact paper superiority gate remains unresolved.
Earth-Remote-Sensing-Rapid-Response-,MARS_SPATIAL_SUCCESSOR_PAPER_POSTTEST.md,630,8ec540241d616f4709f55c6a0d688c7479ba4066de8655e131993785d7cd7f13,,
Earth-Remote-Sensing-Rapid-Response-,mars_successor_fold1_confirmation.json,4503,eff2327aaf08b87ea54c6d7e0929c9ed6f3e5bc6a7c9e10d0dcb4e51e99ab5d0,single sealed independent fold-1 confirmation; paper test not loaded,Independent fold-1 confirmation failed; do not open the paper test.
Earth-Remote-Sensing-Rapid-Response-,MARS_SUCCESSOR_FOLD1_CONFIRMATION.md,433,a581bdfde6a0ff9d741c81721636e0c4395caf6ed1bd2bb2f572bb593d5bee5d,,
Earth-Remote-Sensing-Rapid-Response-,mars_successor_paper_test.json,13457,7e3bc6f45af2b116d654f6e3bbec82a78c3d54b1f1d9d1219e6d6201ac094a01,deterministic metric correction of the frozen official MARS-S2L paper-v3 test evaluation,Frozen ERSRR successor does not pass every preregistered paper-superiority gate.
Earth-Remote-Sensing-Rapid-Response-,MARS_SUCCESSOR_PAPER_TEST.md,549,e46cf04fd3b16f444dd8ac4e4618dd2465b9c3f83917cf463edd0b5bd6889b24,,
Earth-Remote-Sensing-Rapid-Response-,mars_successor_paper_test_v2_posttest_sensor_mask.json,13767,1986ad46fa3de4630d7676769df81e982d5a9b1e7a7cec83589ca5f9b314b9c0,transparent post-test architecture evaluation on the official MARS-S2L paper-v3 cohort,Frozen ERSRR successor does not pass every preregistered paper-superiority gate.
Earth-Remote-Sensing-Rapid-Response-,MARS_SUCCESSOR_PAPER_TEST_V2_POSTTEST_SENSOR_MASK.md,549,4ad374df70611ae7244408a46e2fb386babc78c8ed1bf285e14d9f7afd9bdbd6,,
Earth-Remote-Sensing-Rapid-Response-,mars_successor_paper_test_v3_posttest_scene_ensemble.json,13990,6086f09d9948fde846b83a01c4ce6bdba2080d43a2f4cb409fa2e1de470a065a,transparent post-test architecture evaluation on the official MARS-S2L paper-v3 cohort,Frozen ERSRR successor does not pass every preregistered paper-superiority gate.
Earth-Remote-Sensing-Rapid-Response-,MARS_SUCCESSOR_PAPER_TEST_V3_POSTTEST_SCENE_ENSEMBLE.md,549,0e9aa8b623ecfd45a7c9da91268b75561ed871516d0fa277ce7763b56c7ccb65,,
Earth-Remote-Sensing-Rapid-Response-,mars_target_mixture_temporal_spatial.json,168525,a6869be182769ffce4ce93466a3b056bddc2624f23a367b63198f8128668e0dc,development-only target-mixture transport simulation; exact paper cache not loaded,Reject target-mixture ensemble before fresh or paper evaluation.
Earth-Remote-Sensing-Rapid-Response-,MARS_TARGET_MIXTURE_TEMPORAL_SPATIAL.md,428,d8b7eb1a23f38f4654abcfcb848440c5277d9980c6fa35e1e56a7bbb196094c8,,
Earth-Remote-Sensing-Rapid-Response-,mars_target_weighted_scene_head.json,36144,1926e16e912e8e3aecc9df5fc1fc6b29d3b2b6af4e0d1d3e9ccd6252999af6a3,five-fold unsupervised target-weight simulation; paper cache not loaded,Reject unsupervised target weighting before paper adaptation.
Earth-Remote-Sensing-Rapid-Response-,MARS_TARGET_WEIGHTED_SCENE_HEAD.md,738,ae0bf2368550939ec0d170d249e8cf6124d18e91f111a2a43b4fb61649cc4bf3,,
Earth-Remote-Sensing-Rapid-Response-,mars_target_xgboost_consensus.json,26105,bdd8c1f0ccb7472b0ab3c7f54ab48d720cd39ece212e475438849c981f3a6212,five-fold development-only target/XGBoost consensus; paper cache not loaded,Reject consensus before paper adaptation.
Earth-Remote-Sensing-Rapid-Response-,MARS_TARGET_XGBOOST_CONSENSUS.md,576,1141905ed372f0f625e53f39e1a27d00003d09b56d35b5a135b6d025d02cae87,,
Earth-Remote-Sensing-Rapid-Response-,mars_temporal_site_prior.json,306846,e91261cceec69b69f2de24cb25889e630693d478ecaba4806f1767060fd6299b,development-only temporal site-prior selection; exact paper cache not loaded,Reject the temporal site prior before fresh or paper evaluation.
Earth-Remote-Sensing-Rapid-Response-,MARS_TEMPORAL_SITE_PRIOR.md,364,a802cc75431198bbe7262a940a749c84e96a460ebaa7fb9985fb66e02f5668be,,
Earth-Remote-Sensing-Rapid-Response-,mars_temporal_site_suppression.json,588979,913786dcf2243b44adaeafa011844f887116b8a45427c535dc68060fcb893199,development-only one-sided temporal suppression; exact paper cache not loaded,Reject one-sided temporal suppression before fresh or paper evaluation.
Earth-Remote-Sensing-Rapid-Response-,MARS_TEMPORAL_SITE_SUPPRESSION.md,356,d5a36ecf5e7c832b834ecd4a92d3982264ab301a314a952c58e920b986167215,,
Earth-Remote-Sensing-Rapid-Response-,mars_temporal_spatial_ensemble.json,782902,dc64b7aeba115456f8f7e290100d199beef8a43762607f24f5f0618553066eda,development-only temporal-spatial ensemble; exact paper cache not loaded,Reject the temporal-spatial ensemble before fresh or paper evaluation.
Earth-Remote-Sensing-Rapid-Response-,MARS_TEMPORAL_SPATIAL_ENSEMBLE.md,411,0da67e53f6995a79bc9be4a0fa20944dff1e22ae2f6ce72462c8f0032fc1b326,,
Earth-Remote-Sensing-Rapid-Response-,mars_unep_positive_augmented_paper_posttest.json,8030,b9083253abf7ef48d0c1e38907431edca923687cf0e39b2023c8436be2a82182,transparent post-test replay on the exact MARS-S2L v3 comparator,At least one exact MARS-S2L v3 paper gate remains unresolved.
Earth-Remote-Sensing-Rapid-Response-,MARS_UNEP_POSITIVE_AUGMENTED_PAPER_POSTTEST.md,770,496563243bf36293424ce91a3a52bb20ef7811e40f59e687e67a3d8c8056a8b9,,
Earth-Remote-Sensing-Rapid-Response-,mars_unep_positive_augmented_xgboost.json,15222,2f06bba39c42081747d1862b3e7eaedf8b7777de1acad728c3a1f9b8ecef3f47,development-only UNEP positive augmentation; paper test not loaded,Freeze the augmented scene head for exact paper-cache evaluation; dense masks remain unchanged.
Earth-Remote-Sensing-Rapid-Response-,MARS_UNEP_POSITIVE_AUGMENTED_XGBOOST.md,581,641e5ac84ced4da7f76eca4e4f2b0e282c1a0ac341c45779889597906ff4aff7,,
Earth-Remote-Sensing-Rapid-Response-,mars_unseen_low_prevalence_router.json,898305,d59decc1ebafa2dd4fff3253275e5de6b96a0650f56261f3d8b3685f2c7070bd,development-only unseen low-prevalence routing; exact paper cache not loaded,Reject unseen low-prevalence routing before fresh or paper evaluation.
Earth-Remote-Sensing-Rapid-Response-,MARS_UNSEEN_LOW_PREVALENCE_ROUTER.md,367,deed67d12177f485f5c98473f8be75a62b5c2030408362292d3d63fba23b13c8,,
Earth-Remote-Sensing-Rapid-Response-,mars_v3_proposal_validation.json,7670,5b2ad3e6af4d0b771a1020e882fb985be3664ea0aa41c19561f9aa6b818a3494,v3_connected_proposal_internal_validation,Freeze the calibrated component classifier with the v3 checkpoint before strict evaluation.
Earth-Remote-Sensing-Rapid-Response-,MARS_V3_PROPOSAL_VALIDATION.md,678,37c4f6ac1abee06917bf9de0fe419c06ae49101cabba4757c84e3244d78a70f9,,
Earth-Remote-Sensing-Rapid-Response-,mars_v3_seed101_proposal_validation.json,7675,793516ad1974e183d8325a88ff7ee78b09177735f9985acc1495a7ca09297d2e,v3_connected_proposal_internal_validation,Freeze the calibrated component classifier with the v3 checkpoint before strict evaluation.
Earth-Remote-Sensing-Rapid-Response-,MARS_V3_SEED101_PROPOSAL_VALIDATION.md,678,23067670f3bec098cb08265773e5038faff8e7c76b46bcc2484ee8c94bafed89,,
Earth-Remote-Sensing-Rapid-Response-,mars_v3_seed101_strict_evaluation.json,12785,2b78525bcab2b46a7e8497a0343aa75299731830efa61cd922fe4e801f218633,frozen_v3_full_strict_spatial_evaluation,V3 does not clear the frozen full-MARS gate. Preserve this result; do not retune from strict-test behavior.
Earth-Remote-Sensing-Rapid-Response-,MARS_V3_SEED101_STRICT_EVALUATION.md,617,fc9a46e51e2d9df9685e0ff476b8652a64e85523aa3e0ada9bf15f4543e06c9e,,
Earth-Remote-Sensing-Rapid-Response-,mars_v3_seed101_validation.json,19207,9b352945bf4c86560c6a1d0579e413a3b8ca24c1fc18b1c77e7806ab0dbe1220,v3_internal_validation_selection,Freeze this validation-selected checkpoint before any strict-spatial evaluation.
Earth-Remote-Sensing-Rapid-Response-,MARS_V3_SEED101_VALIDATION.md,563,32e449ea3dcb207e87520d7523bd5201ef9bd781473cf608ffd64804cfacaad5,,
Earth-Remote-Sensing-Rapid-Response-,mars_v3_seed202_proposal_validation.json,7684,be38d290042de36d218563e229ae62af596b9b9c446198292f5483aad91425da,v3_connected_proposal_internal_validation,Freeze the calibrated component classifier with the v3 checkpoint before strict evaluation.
Earth-Remote-Sensing-Rapid-Response-,MARS_V3_SEED202_PROPOSAL_VALIDATION.md,678,22a6a79b7834e0bdfa6421277141d9d10ac0ed8dc7e009ff8da347d8449ccd2f,,
Earth-Remote-Sensing-Rapid-Response-,mars_v3_seed202_strict_evaluation.json,13644,ee222dc99a979acae01c737df6c331898795e99d07208e949f8345e4668263a0,frozen_v3_full_strict_spatial_evaluation,V3 does not clear the frozen full-MARS gate. Preserve this result; do not retune from strict-test behavior.
Earth-Remote-Sensing-Rapid-Response-,MARS_V3_SEED202_STRICT_EVALUATION.md,617,dd42bc534e5313c51f98e91423e2a7962cf789a91b4d078d4dc47c21c1549cd7,,
Earth-Remote-Sensing-Rapid-Response-,mars_v3_seed202_validation.json,27107,e8caa6c59ec776bd28e81329f0cf171a0006b1212be5c876be9c8231da4459fc,v3_internal_validation_selection,Freeze this validation-selected checkpoint before any strict-spatial evaluation.
Earth-Remote-Sensing-Rapid-Response-,MARS_V3_SEED202_VALIDATION.md,563,873ba2ac28285c8f2cbeffef9b50b9d84a44d1d5218549013a6d4f69550b3241,,
Earth-Remote-Sensing-Rapid-Response-,mars_v3_seed303_strict_evaluation.json,13894,1b7223558c61d142f5ca7f4dd94ae99e8f684ba7f5bf95dd0642ab043a0a777b,frozen_v3_full_strict_spatial_evaluation,V3 does not clear the frozen full-MARS gate. Preserve this result; do not retune from strict-test behavior.
Earth-Remote-Sensing-Rapid-Response-,MARS_V3_SEED303_STRICT_EVALUATION.md,617,5cf4c0ffc965692543bd938132064c9cf81a5afb7aafe5752425fa49d6f42c83,,
Earth-Remote-Sensing-Rapid-Response-,mars_v3_seed404_proposal_validation.json,7677,124eed939b66c699a0f04db9deb07fcec3b6439438c530fb08abdf76cb26618b,v3_connected_proposal_internal_validation,Freeze the calibrated component classifier with the v3 checkpoint before strict evaluation.
Earth-Remote-Sensing-Rapid-Response-,MARS_V3_SEED404_PROPOSAL_VALIDATION.md,678,ab02f61f49ab8bce6a7e4d84b7b387edacc6a24f0cd7074511ac3ef4d4e79802,,
Earth-Remote-Sensing-Rapid-Response-,mars_v3_seed404_strict_evaluation.json,13857,275df5dd22bd309fc94184b64e513fa445d302df0fb26b9dc724f28dbb089a68,frozen_v3_full_strict_spatial_evaluation,V3 does not clear the frozen full-MARS gate. Preserve this result; do not retune from strict-test behavior.
Earth-Remote-Sensing-Rapid-Response-,MARS_V3_SEED404_STRICT_EVALUATION.md,617,9b6a5fe3e03ddbf8f3bd8afa6fbe79c0fbd46f5ace5095b624f8c3aa476b1aaf,,
Earth-Remote-Sensing-Rapid-Response-,mars_v3_seed404_validation.json,24924,c9a1aeb65df8f7d5f9a79e207b9c48ea81f0c6e149ea4b04874eb78535d7ec2a,v3_internal_validation_selection,Freeze this validation-selected checkpoint before any strict-spatial evaluation.
Earth-Remote-Sensing-Rapid-Response-,MARS_V3_SEED404_VALIDATION.md,563,e83adff78d1e01aed0edbd8eac0aea7dc229d4f121f2c5429f4b7adfe3171db0,,
Earth-Remote-Sensing-Rapid-Response-,mars_v3_seed505_proposal_validation.json,7667,1f8fb6c344f1861952e9953ccf95272737a6c7a2ccdfc6f2b574b49595d55aa7,v3_connected_proposal_internal_validation,Freeze the calibrated component classifier with the v3 checkpoint before strict evaluation.
Earth-Remote-Sensing-Rapid-Response-,MARS_V3_SEED505_PROPOSAL_VALIDATION.md,678,fb16cedae8cabd68f05c599b963bceba4f42de21e92cc8e4fd877b8e77c46923,,
Earth-Remote-Sensing-Rapid-Response-,mars_v3_seed505_strict_evaluation.json,13740,d35e8ccf2dc16beb3a94bf29bf629798220205cc9f89ee9ed02478a3b4e364b3,frozen_v3_full_strict_spatial_evaluation,V3 does not clear the frozen full-MARS gate. Preserve this result; do not retune from strict-test behavior.
Earth-Remote-Sensing-Rapid-Response-,MARS_V3_SEED505_STRICT_EVALUATION.md,617,6897570a52015ee55dafdf0f34994d399ba142481a923d0eaba454f53281842c,,
Earth-Remote-Sensing-Rapid-Response-,mars_v3_seed505_validation.json,28416,000db71e4369d9c56b2729fe52bacf4117081478eb72cbb554ae9dd66fce6214,v3_internal_validation_selection,Freeze this validation-selected checkpoint before any strict-spatial evaluation.
Earth-Remote-Sensing-Rapid-Response-,MARS_V3_SEED505_VALIDATION.md,563,afdd140e269b0598a69e0d494296ae427dc6286a63f9bbdf56f0d83a977a5a4f,,
Earth-Remote-Sensing-Rapid-Response-,mars_v3_smoke.json,4848,323eb84c788259012f5cdad6631cc36b7853cac1e3213c2eeee6743a5d0df5d1,v3_pipeline_smoke,Pipeline contract passes. Do not interpret smoke metrics; acquire the frozen full fit/validation corpus before architecture selection.
Earth-Remote-Sensing-Rapid-Response-,MARS_V3_SMOKE.md,571,6d450d8e9ff9e26da77d99e774d2817242168e3ad3b383435bee86b83d10c9b1,,
Earth-Remote-Sensing-Rapid-Response-,mars_v3_strict_campaign.json,13689,2d6d722696d95c3d033df5c780df0a6981454831f76de26fa41d2f5a24d50aac,frozen_v3_five_seed_full_strict_campaign,ERSRR v3 does not clear every frozen same-cohort MARS-S2L promotion criterion; preserve the result and do not retune from strict-test behavior.
Earth-Remote-Sensing-Rapid-Response-,MARS_V3_STRICT_CAMPAIGN.md,602,a448af4d9f5220bc61da6a24bf7ff411ed37da0b8228f5b9fd233d977775662f,,
Earth-Remote-Sensing-Rapid-Response-,mars_v3_strict_posthoc_diagnostic.json,46555,b9ebcfaa08a857ed5b5623fcf38ddbccd4da88bdb436985955c3b6f388fcfab6,posthoc_v3_strict_diagnostic_no_tuning,"Exploratory description after the once-only strict campaign. Do not retune v3 from these strata or examples. Use them only to preregister v4 hypotheses and acquisition strata, then evaluate v4 on a newly untouched cohort."
Earth-Remote-Sensing-Rapid-Response-,MARS_V3_STRICT_POSTHOC_DIAGNOSTIC.md,2309,b9f7dd2776322a6abaa780750514d241b40e5c146751cefe0a841afe062a1792,,
Earth-Remote-Sensing-Rapid-Response-,mars_v3_validation.json,25662,f3e9c182c0c239801d96d4f4ac520d846b3031a0bb4153c25116d369a294d2e2,v3_internal_validation_selection,Freeze this validation-selected checkpoint before any strict-spatial evaluation.
Earth-Remote-Sensing-Rapid-Response-,MARS_V3_VALIDATION.md,563,971a0b185a771cf04aea4a3450f7db685ae816fcc0ced22a644ac56dec4a36c4,,
Earth-Remote-Sensing-Rapid-Response-,MARS_V4_1_EPOCH20_PROTOCOL.md,1770,32e8209c3d9a7ddcdb421e19aa6329ee60cebbb6f2f899baf2d455072e36a43a,,
Earth-Remote-Sensing-Rapid-Response-,mars_v4_1_seed606_epoch10_validation.json,16029,8e07a14f1a445b5417922a0045da597fcf51740d536270fc40938ca9617bdf91,v4_internal_validation_selection,Reject this v4 pilot before strict-cohort evaluation because it does not match the five-seed v3 internal reference on every gate. Preserve the negative result and revise the objective; do not spend the opened strict cohort on this checkpoint.
Earth-Remote-Sensing-Rapid-Response-,MARS_V4_1_SEED606_EPOCH10_VALIDATION.md,827,759ee62021a669e2f29a62c22be4eb081c01da8b044781ea5971fa7c312bcf48,,
Earth-Remote-Sensing-Rapid-Response-,mars_v4_1_seed606_epoch20_validation.json,25331,4dad9fa79c9b7163eb55f23e11a3f461e9c9e846ea6fc3080a4137a6e7e1ab51,v4_internal_validation_selection,Reject this v4 pilot before strict-cohort evaluation because it does not match the five-seed v3 internal reference on every gate. Preserve the negative result and revise the objective; do not spend the opened strict cohort on this checkpoint.
Earth-Remote-Sensing-Rapid-Response-,MARS_V4_1_SEED606_EPOCH20_VALIDATION.md,827,558f69f6330f3c665df08e83a59eafd105ac9c22336301bc9f50f665f8b9c0a9,,
Earth-Remote-Sensing-Rapid-Response-,mars_v4_1_smoke.json,6279,1f3398a73893cfb414177e12692bf224cb1ad302dac0ddbcb50aac6d78f75239,v4_pipeline_smoke,Pipeline contract passes. Do not interpret smoke metrics.
Earth-Remote-Sensing-Rapid-Response-,MARS_V4_1_SMOKE.md,455,58b6f02ee8000940bb0039c58bef2ba857539d7c8b630380159f0d7d1f70a1c9,,
Earth-Remote-Sensing-Rapid-Response-,MARS_V4_2_MULTISEED_PROTOCOL.md,2395,23b2eb0ab80cba48acd69f8a906ed30454a75eb4ef4f3bd993bfc10d8892128d,,
Earth-Remote-Sensing-Rapid-Response-,mars_v4_2_nested_scoring.json,30578,b6d7911e541409ef773ee3767c628fee334ceadcdfb9c4348f3c981d7ad24d3c,v4_2_internal_group_held_scene_score_selection,Reject the v4.2 morphology ranker before strict evaluation because its group-held estimate does not clear every v3 development gate. Preserve the result and do not select a formula from strict behavior.
Earth-Remote-Sensing-Rapid-Response-,MARS_V4_2_NESTED_SCORING.md,752,b082192aab1c0f0b4a17106ff838279365a73537e1461a5ef8f7ae80eca0fbaa,,
Earth-Remote-Sensing-Rapid-Response-,mars_v4_2_seed606_validation.json,25327,36661657477a40d3791e800bd0aa61ef6f793e5a76f171c3213f88fedada4fc7,v4_internal_validation_selection,Reject this v4 pilot before strict-cohort evaluation because it does not match the five-seed v3 internal reference on every gate. Preserve the negative result and revise the objective; do not spend the opened strict cohort on this checkpoint.
Earth-Remote-Sensing-Rapid-Response-,MARS_V4_2_SEED606_VALIDATION.md,827,f582a35ae4f634c56ac721b6fa392e00865191c2047a054e9f75834efdcc0322,,
Earth-Remote-Sensing-Rapid-Response-,mars_v4_2_seed707_validation.json,25316,2ea899f3b63c1ccb8c8efb7c00a9e03e1a92addb3dafdca9c9d6e43c5c1cead0,v4_internal_validation_selection,Reject this v4 pilot before strict-cohort evaluation because it does not match the five-seed v3 internal reference on every gate. Preserve the negative result and revise the objective; do not spend the opened strict cohort on this checkpoint.
Earth-Remote-Sensing-Rapid-Response-,MARS_V4_2_SEED707_VALIDATION.md,827,279a05e39b8c628148f9fd1019087876e5fbedce35c8cdd8093c2153ac0e91b0,,
Earth-Remote-Sensing-Rapid-Response-,mars_v4_2_seed808_validation.json,25486,c7400fc89459dc5d4293bda45152d4be83ba2907250771699a63c892bb2065a8,v4_internal_validation_selection,Reject this v4 pilot before strict-cohort evaluation because it does not match the five-seed v3 internal reference on every gate. Preserve the negative result and revise the objective; do not spend the opened strict cohort on this checkpoint.
Earth-Remote-Sensing-Rapid-Response-,MARS_V4_2_SEED808_VALIDATION.md,827,f8ce56fadb8c7cd466ab6ef4824ef72afb121eb12f459d3a2750c90564d0607b,,
Earth-Remote-Sensing-Rapid-Response-,mars_v4_2_smoke.json,6394,7bba755fde50c3f7dc856644bc0585b6f2ceba0f5c1714b9a076f89e291b64a6,v4_pipeline_smoke,Pipeline contract passes. Do not interpret smoke metrics.
Earth-Remote-Sensing-Rapid-Response-,MARS_V4_2_SMOKE.md,455,1692e218ab576b49e49875db1b07c97048c420474ef980f7905bd72eba82e67c,,
Earth-Remote-Sensing-Rapid-Response-,mars_v4_2_validation_campaign.json,10439,d1c0fd5c101b9c7e994c78493533c5fc5e78cc41d32b1d13521c8cd37eac447b,v4_2_three_seed_internal_validation_campaign,"Do not load the strict MARS cohort for v4.2. The frozen three-seed campaign failed the predeclared internal promotion rule on: ap_not_below_v3_mean, recall_at_fpr5_not_below_v3_mean. Preserve this result and revise the research hypothesis before another strict comparison."
Earth-Remote-Sensing-Rapid-Response-,MARS_V4_2_VALIDATION_CAMPAIGN.md,1236,d5230482299371e4bcfbb2d8f5fbf6d4ae9ea90daaed5c0053808bea09a56007,,
Earth-Remote-Sensing-Rapid-Response-,MARS_V4_3_ENSEMBLE_PROTOCOL.md,2328,6284a595725095a1852d19745fff151a8baf7c1ade2823a9dcdf06448cd4035f,,
Earth-Remote-Sensing-Rapid-Response-,mars_v4_3_ensemble_validation.json,19592,2499aff4b949e1499b0378141d4bf12541de3b6814b5b35b79d685308bbf105b,v4_3_predeclared_internal_validation_ensemble,"Promote the frozen v4.3 ensemble to one evaluation on the already-opened strict MARS cohort using only these validation calibrators, scene thresholds, and pixel threshold. Treat the comparison as development evidence, not a new untouched paper test."
Earth-Remote-Sensing-Rapid-Response-,MARS_V4_3_ENSEMBLE_VALIDATION.md,875,dc3fd1edf989823a7cb5adc237d1570cfa453662fd47aa906075b971c422575b,,
Earth-Remote-Sensing-Rapid-Response-,mars_v4_3_strict_comparison.json,10353,6a0390aa4dd94e32b50e95b2f847ddaf82f68cd1bca4bdd99a342ea47759a2dc,frozen_v4_3_ensemble_on_opened_full_strict_spatial_cohort,"ERSRR v4.3 does not outperform the released MARS-S2L checkpoint on every same-cohort point metric; failed comparisons: recall_higher, pixel_iou_higher, pixel_dice_higher. Preserve this result and do not retune from strict behavior."
Earth-Remote-Sensing-Rapid-Response-,MARS_V4_3_STRICT_COMPARISON.md,1169,01d1bfbd0ef69a2df2b98144b499e4d1af5723d980bc33b83bb568d40e8658ca,,
Earth-Remote-Sensing-Rapid-Response-,mars_v4_nested_development.json,22898,179703eac25dd27ca34cc34d4e61638de10f3ce63437254f45deef8ca9250f82,ersrr_v4_group_nested_cascade_development_not_final_test,"Reject the score/physics cascade as the v4 architecture because it did not exceed released MARS-S2L on every development gate. Do not carry its fitted artifact into confirmatory evaluation. Redirect v4 toward simulation-trained segmentation, explicit hard negatives, and domain-aware sampling; keep this result as a documented negative experiment."
Earth-Remote-Sensing-Rapid-Response-,MARS_V4_NESTED_DEVELOPMENT.md,2091,6d8f36c57d1321c1aa49953149c3b7c973accc96415423f63dd8042e0655172b,,
Earth-Remote-Sensing-Rapid-Response-,mars_v4_seed606_validation.json,10756,1086cd3add0d9f6be90c7f8f32c1520759e94093161fb257ff909e7a76625401,v4_internal_validation_selection,Reject this v4 pilot before strict-cohort evaluation because it does not match the five-seed v3 internal reference on every gate. Preserve the negative result and revise the objective; do not spend the opened strict cohort on this checkpoint.
Earth-Remote-Sensing-Rapid-Response-,MARS_V4_SEED606_VALIDATION.md,823,d8c2262fb553669094592c65f9ec88b3a4928c1739981a3fface9cfdd73b65ec,,
Earth-Remote-Sensing-Rapid-Response-,mars_v4_smoke.json,6231,88c0cfb544a3daf6c6a6a998fd98ca609b2ae94762b9fff5683785be3dff8781,v4_pipeline_smoke,Pipeline contract passes. Do not interpret smoke metrics.
Earth-Remote-Sensing-Rapid-Response-,MARS_V4_SMOKE.md,453,b5c5d8c1e86cbf0118b6d208546e4aad4ef06e040d4385f832df0d49e0363322,,
Earth-Remote-Sensing-Rapid-Response-,mars_v5_transfer_pilot.json,5010,2c08a97c91923d6522fdef10371170b821cf3839396625baebdc5071e995a226,"MethaneS2CM-v5.1 end-to-end MARS transfer pilot; fit folds 3/4, held fold 2; paper cache not loaded",Reject end-to-end v5.1 transfer before a full campaign.
Earth-Remote-Sensing-Rapid-Response-,MARS_V5_TRANSFER_PILOT.md,233,80fc40e3e63a03052a672f7c634e91e5456cd94015cdf16a8b194e3f8a8c497d,,
Earth-Remote-Sensing-Rapid-Response-,mars_v6_error_correcting_pilot.json,33316,1da707289767e9a4f840f86629770089406813dd2819a86ad6b2d1be35c4672a,one-seed folds-3/4 cross-fit viability test of unconstrained v6 error correction followed by protected inference,Reject the unconstrained v6.1 residual schedule before external confirmation.
Earth-Remote-Sensing-Rapid-Response-,MARS_V6_ERROR_CORRECTING_PILOT.md,359,ab8b147a484351320eb86c48b1f4eae7e5959db46a1197347f62b3140e60e277,,
Earth-Remote-Sensing-Rapid-Response-,mars_v6_error_correcting_pilot_smoke.json,473,8e02681d3215f56fb5ef232f17cb4ff8d42622619ea18fabb2c8a98d60c5e93b,v6.1 unconstrained residual mixed-source optimization smoke,
Earth-Remote-Sensing-Rapid-Response-,mars_v6_scene_pilot.json,26450,dcb5fd3610cf468011dae5c2ee2d661aa7cbbbe8aade86e7bb80da4fe6a6e444,one-seed folds-3/4 cross-fit viability test of the product-aware v6 scene adapter against the frozen Gaussian+DOFA champion,Reject this v6 scene schedule before dense or external confirmation work.
Earth-Remote-Sensing-Rapid-Response-,MARS_V6_SCENE_PILOT.md,338,77e0cec3e35c0aa73143792fa5f7abfeb0d195320813755c12f1f571882f0d54,,
Earth-Remote-Sensing-Rapid-Response-,mars_v6_scene_pilot_smoke.json,437,46228c6a0adc239a478260ffb1d25227ddf75479aac6c75547d9074ae06cd958,v6 scene-pilot mixed-source optimization smoke; no held-fold score,
Earth-Remote-Sensing-Rapid-Response-,mars_v6_unified_smoke.json,1504,ac1e424590c202bae691c57a8aac6a7d9ccf818f2b1b5ed0f8685d7e73cd2623,real mixed-source v6 finite-optimization smoke; no held-fold outcome scoring,
Earth-Remote-Sensing-Rapid-Response-,mars_xgboost_scene_head.json,30530,f79fb3c8b0a0ff2832d6d7c9d1ae945b6bf6fc6d795e661e49bcaba0910da1db,five-fold development-only XGBoost scene-head selection; paper cache not loaded,Freeze the XGBoost head and its artifact for one exact-paper replay.
Earth-Remote-Sensing-Rapid-Response-,MARS_XGBOOST_SCENE_HEAD.md,629,9fc000e899adf357816dc514754386fdfca179259cc2d00f0eca855f33e54325,,
Earth-Remote-Sensing-Rapid-Response-,mars_xgboost_scene_head_paper_posttest.json,7948,4d1b802fe6f322e738aca2e74f396bb6f771c773c4ddb7e5ef39242004ba9e3d,transparent post-test XGBoost replay on exact MARS-S2L paper comparator,Reject the XGBoost complement as the final successor; at least one exact paper gate fails.
Earth-Remote-Sensing-Rapid-Response-,MARS_XGBOOST_SCENE_HEAD_PAPER_POSTTEST.md,780,ddc1fc2dce9adfbdc5f1f39f6e67f8698f04f3f9346ec8e4dcc39b323296c196,,
Earth-Remote-Sensing-Rapid-Response-,methanes2cm_v5_1_campaign_protocol.json,3551,295f04e00e2d6762920dcd7162daa7fe6b34566fdf82fc09c6b6cfa952553a1f,methanes2cm_v5_1_three_seed_confirmation_and_test_freeze,
Earth-Remote-Sensing-Rapid-Response-,METHANES2CM_V5_1_CAMPAIGN_PROTOCOL.md,1074,9d20c352d97b7e48633a03060f0ee9eedc6beb7b48ca36e5262daa21a8a35d7a,,
Earth-Remote-Sensing-Rapid-Response-,methanes2cm_v5_1_ensemble_validation.json,21240,03691437f3ce2c384aece9f00c7dc4462eebe5e0b580ca340a7db043dc0cdeca,methanes2cm_v5_1_three_seed_internal_development_ensemble,
Earth-Remote-Sensing-Rapid-Response-,METHANES2CM_V5_1_ENSEMBLE_VALIDATION.md,763,2fa4df9852b026a88c9350ba52b4da4085d16b6a03b417047c11e4c8699a7ee5,,
Earth-Remote-Sensing-Rapid-Response-,methanes2cm_v5_1_group_crc_transport.json,2955,da0beabff47c329afd307fa5b5afa0ffdc50fd0f383cb12568cc95d58860761a,development-only fixed-24-group confirmation of v5.1 group-CRC threshold transport,Reject group-CRC transport as operationally useful under this fixed split; do not search secondary alpha values on evaluation outcomes.
Earth-Remote-Sensing-Rapid-Response-,METHANES2CM_V5_1_GROUP_CRC_TRANSPORT.md,705,bc9d3523e94c5461f720fd28de1da3065d1566b3ba09ffbe2111b7bf65ac68b1,,
Earth-Remote-Sensing-Rapid-Response-,methanes2cm_v5_1_group_crc_transport_pre_fit_validation.json,1495,77d7d08586a98f5a4a780be5471f4394518849e9e2fcc7399ca3d92b5129784d,MethaneS2CM v5.1 fixed 24/24-group CRC calibration transport,
Earth-Remote-Sensing-Rapid-Response-,methanes2cm_v5_1_location_test.json,23083,415b71ec53353d791381ed8d9f4e60f80f3120771d721d071cea1b347abcd543,methanes2cm_v5_1_once_only_location_test_comparison,ERSRR v5.1 does not establish across-the-board superiority over released MARS-S2L on the frozen MethaneS2CM location test. Preserve the partial result and do not retune from this test.
Earth-Remote-Sensing-Rapid-Response-,METHANES2CM_V5_1_LOCATION_TEST.md,1295,338f93fb4d69069af5a7821adc4ad5eb5aa88d67d35de00300df51de895cdf2b,,
Earth-Remote-Sensing-Rapid-Response-,methanes2cm_v5_1_location_test_posthoc.json,4945,a7e9dd92b363ae1d6b0409da1c3d9a481d8c410842e38b1ef0bd0e676834f126,methanes2cm_v5_1_frozen_location_test_posthoc_calibration_transfer,
Earth-Remote-Sensing-Rapid-Response-,METHANES2CM_V5_1_LOCATION_TEST_POSTHOC.md,1093,9d231be58b28c871244f4a4b89f6b5259444892842f7f63ababb88795d8bb7f3,,
Earth-Remote-Sensing-Rapid-Response-,methanes2cm_v5_1_seed1101_validation.json,96019,a4a830619d217859c586b78d23d06ca6c54a91800a7d6497e1ed70ff9628997c,methanes2cm_v5_internal_development,Internal development candidate only. Keep the location-test imagery sealed until the multi-seed rule is frozen.
Earth-Remote-Sensing-Rapid-Response-,METHANES2CM_V5_1_SEED1101_VALIDATION.md,489,79f7f156809cf28503401ccc3b0b3a299c26809ada22974fa92872fbff3293f7,,
Earth-Remote-Sensing-Rapid-Response-,methanes2cm_v5_1_seed2202_validation.json,81811,ad4b1577cd811dbea129aee3098af9ac6b23483a408ffb0edf560081f785565d,methanes2cm_v5_internal_development,Internal development candidate only. Keep the location-test imagery sealed until the multi-seed rule is frozen.
Earth-Remote-Sensing-Rapid-Response-,METHANES2CM_V5_1_SEED2202_VALIDATION.md,488,95aea1e84bf2870ff633fe2962e05256bbfcdef41e90207e5c3d60269e2b406f,,
Earth-Remote-Sensing-Rapid-Response-,methanes2cm_v5_1_seed3303_validation.json,95930,2469ddc4a36ca06df81e386113a40e0f4f1fb3b32fb1c591c54ca5351ee36a30,methanes2cm_v5_internal_development,Internal development candidate only. Keep the location-test imagery sealed until the multi-seed rule is frozen.
Earth-Remote-Sensing-Rapid-Response-,METHANES2CM_V5_1_SEED3303_VALIDATION.md,489,c4531c07c1559b45028560472bf0f047711a3939a7d870f25970ecbbf01e8f18,,
Earth-Remote-Sensing-Rapid-Response-,methanes2cm_v5_1_smoke.json,17533,a522d543584cecf2e3fae98846f96aef3f0cc95cc40194d7f7b10a69ccf480d4,methanes2cm_v5_internal_development,Smoke contract passes; do not interpret metrics.
Earth-Remote-Sensing-Rapid-Response-,METHANES2CM_V5_1_SMOKE.md,428,c28d2a91aad458d3cd79a6d6c627475c3a22302df44b1e97e6c789e0cad7498b,,
Earth-Remote-Sensing-Rapid-Response-,methanes2cm_v5_location_test_acquisition.json,3428,1aaf2c6a425a75bd9f5179f84ea7c1de765963ef6a381aaeb7b7b73405441ccb,methanes2cm_v5_once_authorized_location_test_acquisition,
Earth-Remote-Sensing-Rapid-Response-,methanes2cm_v5_protocol.json,6632,aa7b41070acc26e80ff7a640a98bcaa31d5285af290289013949783e4891fffa,methanes2cm_v5_development_and_sealed_location_test_protocol,
Earth-Remote-Sensing-Rapid-Response-,METHANES2CM_V5_PROTOCOL.md,1977,0ed0354eeb9a190f14210530ce5531d721a46b5769a093add2ed650d575b48dc,,
Earth-Remote-Sensing-Rapid-Response-,methanes2cm_v5_seed1101_validation.json,60603,dd23389a96c99407f80cc20327be605b85ab446bfae849fb84a7ed9dc5228d45,methanes2cm_v5_internal_development,Internal development candidate only. Keep the location-test imagery sealed until the multi-seed rule is frozen.
Earth-Remote-Sensing-Rapid-Response-,METHANES2CM_V5_SEED1101_VALIDATION.md,477,fcff317d79950ed75a6f7db39c5c947f57cedff0915ab67632380517b9f12594,,
Earth-Remote-Sensing-Rapid-Response-,methanes2cm_v5_signal_audit.json,5966,e0352dc99ecda84466b2fe06c563690fc6388914c42901d79f20336b0887bcf0,methanes2cm_v5_internal_development_signal_audit,
Earth-Remote-Sensing-Rapid-Response-,METHANES2CM_V5_SIGNAL_AUDIT.md,1016,a40dce4f7b12e4d8d38d647ea0ebdba8c7c458c85863ea7fb654a5dd63c364e8,,
Earth-Remote-Sensing-Rapid-Response-,methanes2cm_v5_smoke.json,17156,4bab37b26300066377392f8ea94b4b8de7182f603b225041faa27b6f59669406,methanes2cm_v5_internal_development,Smoke contract passes; do not interpret metrics.
Earth-Remote-Sensing-Rapid-Response-,METHANES2CM_V5_SMOKE.md,418,b8eba2881ebf87242f48ab4266c7f5c3dc8ba2e3cc92e0d61773eb789caecfa7,,
Earth-Remote-Sensing-Rapid-Response-,methanes2cm_v5_train_acquisition.json,2492,c5401f5dc614d568a30e0af865eb879e10a830612252a5f69d43b1d2a3194b8e,methanes2cm_v5_location_training_acquisition,
Earth-Remote-Sensing-Rapid-Response-,stanford_evanston_one_shot.json,8806,372e963fa335b9e0506770352480db25a224518a67ca220b3bca6f45368b5917,One-shot outcome evaluation of nine immutable Stanford Evanston/Rawhide Sentinel-2 label-free scores.,
Earth-Remote-Sensing-Rapid-Response-,STANFORD_EVANSTON_ONE_SHOT.md,1993,27074412525a04300f9cdbc60429e203b13c03d5a2e02f9983c5e7af58e372b0,,
Earth-Remote-Sensing-Rapid-Response-,stanford_evanston_pre_authorization_validation.json,2841,2cf1a269ba8946adba109ab43168427433c1d25a3243a356e864780dd93b37ad,Outcome-blind Stanford Evanston label-free scorer validation before first detector inference.,
Earth-Remote-Sensing-Rapid-Response-,stanford_evanston_pre_outcome_validation.json,1493,05451d398a1ca181b08318e6778cfb8891fab6903468e573b8c2ce569454b15a,Stanford Evanston one-shot outcome evaluator validation before first summary-CSV access.,
Earth-Remote-Sensing-Rapid-Response-,stanford_large_controlled_release_one_shot.json,7515,6b148e85a9d25ef9627a169ef2c7c2d89c963418a6c693aeb16a35a90a7e53b0,one-site temporal controlled-release operating-point stress test,
Earth-Remote-Sensing-Rapid-Response-,STANFORD_LARGE_CONTROLLED_RELEASE_ONE_SHOT.md,710,d15782e55d7951b5a52f0b31e83c3f9fe38eb1e92fd03e2c0efe53ccebc04373,,
Earth-Remote-Sensing-Rapid-Response-,stanford_large_controlled_release_synthetic_model_smoke.json,2097,b349eefb460c028edf876fc3f039f6a21c139cf5577f140a92d6b7cb72ad1c2a,All-model generated-data smoke before first Stanford inference,
Earth-Remote-Sensing-Rapid-Response-,unep_mars_post2024_positive_baseline.json,4856,86447372cd4170051da047e611b8be24c7df7d516e23ca25c52f8addb1891245,positive-only nonsealed UNEP MARS post-2024 exact Sentinel-2 cohort,
Earth-Remote-Sensing-Rapid-Response-,UNEP_MARS_POST2024_POSITIVE_BASELINE.md,898,85ba975ecedc2214bf23cdc5932e08e9a296862b0f6429cf165b61d1db539451,,
Earth-Remote-Sensing-Rapid-Response-,unet_high_enhancement_results.json,72619,773bcc9e95adc27f179de706311c40cb5765cb54094144f4f6f4df15b5613f9f,,
Earth-Remote-Sensing-Rapid-Response-,UNET_HIGH_ENHANCEMENT_RESULTS.md,673,38de8a2ca7f28a0533a7eefebd41f55029d477abe72906828cfabe0edc373c43,,
Earth-Remote-Sensing-Rapid-Response-,unet_unweighted_300_results.json,72220,71f0023233b36f82aab4fba67837a9aba7b5d81e92d74d5a55dabb8043c08c5a,,
Earth-Remote-Sensing-Rapid-Response-,UNET_UNWEIGHTED_300_RESULTS.md,674,5874f7ef9a78b0c615b9c299797f1db1b846c99dd7c66251d29d591c7d1977f5,,
ersrr-publish-2026-09-04,baseline_results.json,145294,307d51578378c0aacc5480dcb0f8bb02b0740daea57c431179b8d5379b4934fd,,
ersrr-publish-2026-09-04,BASELINE_RESULTS.md,1879,362b2b8686ea90d4e57022e4ce1bfd74c16ca3d5b9674743d78a3d7c540ba534,,
ersrr-publish-2026-09-04,ch4net_released_model_baseline.json,3560,8b2daae7f3e102a58475a763d2a37ebdd1c1cd1de9428328ed98d2fe854c7a36,released_ch4net_on_frozen_strict_spatial_development_cohort,
ersrr-publish-2026-09-04,CH4NET_RELEASED_MODEL_BASELINE.md,875,14431f001ef841b28205c4a451c6cee7e13b0628008cdd90f27d2b4185b96041,,
ersrr-publish-2026-09-04,cloudsen12_fresh_negative_cdf_spatial_prithvi.json,6525,ef401d27120b7986af2bdc8dc71734d53c64db4d0466880090face82e09dbf8a,post-test fresh external-negative safety replay for tail-calibrated spatial-Prithvi ensemble,Authorize frozen exact MARS paper evaluation.
ersrr-publish-2026-09-04,CLOUDSEN12_FRESH_NEGATIVE_CDF_SPATIAL_PRITHVI.md,430,269cf60a0d7fa06f13c355035de747394040409ab9a51fe827a429e0dcf69583,,
ersrr-publish-2026-09-04,cloudsen12_fresh_spatial_prithvi_evaluation.json,6044,0bc514eec21e40bb194734e9b196e0e9d4b1fd1d243df2996a153933b1cfcd2e,one-shot fresh external-negative safety evaluation for spatial-Prithvi ensemble,Reject ensemble before exact MARS paper evaluation.
ersrr-publish-2026-09-04,CLOUDSEN12_FRESH_SPATIAL_PRITHVI_EVALUATION.md,289,aa72d6a9784093a06570a35ef791937b566498f1fc6452f13d8443c362870b29,,
ersrr-publish-2026-09-04,cloudsen12_fresh_tail_calibrated_spatial_prithvi.json,6533,439dc04d5dfa9deb7cf8921290f644c105e551fc5b486ab7e6d0ee7b4bdd9727,post-test fresh external-negative safety replay for tail-calibrated spatial-Prithvi ensemble,Reject calibrated ensemble before exact MARS paper evaluation.
ersrr-publish-2026-09-04,CLOUDSEN12_FRESH_TAIL_CALIBRATED_SPATIAL_PRITHVI.md,431,ac7f61626371308b1637f1076421b5a59008c25c202bd21951d02e0c13493a1d,,
ersrr-publish-2026-09-04,cloudsen12_fresh_test_scene_head_evaluation.json,6600,2777cc0b4b4929ed68301f6b13a691d0e8d8c91aecba8a83cc639a1d950e21bc,one-shot fresh external-negative safety evaluation; exact MARS paper cache unopened,Authorize the fixed candidate for exact MARS paper evaluation.
ersrr-publish-2026-09-04,CLOUDSEN12_FRESH_TEST_SCENE_HEAD_EVALUATION.md,518,aae82d3384e5b19b842168e7b3d6a761ff7312ba9fc96438f83540df59dc1a05,,
ersrr-publish-2026-09-04,emit_v002_external_confirmation.json,70318,9754c91b8ec54e8e137191195cb28d05f4d1fa8c5ef87d8dfdd8163f289d2c27,once_only_emit_v002_external_positive_confirmation,
ersrr-publish-2026-09-04,EMIT_V002_EXTERNAL_CONFIRMATION.md,1073,73100740d0efb00cd7a7ff452ee14bebb8fcd06057a2c24a40417c04b6bcbe6a,,
ersrr-publish-2026-09-04,emit_v002_external_posthoc_diagnostic.json,378283,c87a9c01aed9a13b245d2ffca4f68a1fcf758b032a380fec7e0bc8c4c669949c,frozen_emit_v002_external_posthoc_diagnostic_no_tuning,
ersrr-publish-2026-09-04,EMIT_V002_EXTERNAL_POSTHOC_DIAGNOSTIC.md,2693,1000fbb2752c1c8c2f579828cc1fbb0b556f37baccd1fa07e07f676d1d01c98e,,
ersrr-publish-2026-09-04,mars_adaptive_prithvi_development_scores.json,989,6fbf152fe2030d8aa8f8367580a68fff0f09d2b510c02fe891ba9a0eb45d6458,deterministic adaptive Prithvi development score reproduction; paper cache not loaded,
ersrr-publish-2026-09-04,mars_adaptive_prithvi_paper_posttest.json,7675,9a37b84e410943953f3959a4ca8ae2c3d79db5cd90cb494bd1e695db30aca5f6,transparent post-test adaptive Prithvi replay on exact MARS-S2L comparator,Reject adaptive Prithvi as final successor; at least one exact paper gate fails.
ersrr-publish-2026-09-04,MARS_ADAPTIVE_PRITHVI_PAPER_POSTTEST.md,700,1eb684565aa885ebed788a6cd09edbb9bbf3729d6f40a8f2174e55f522e165f3,,
ersrr-publish-2026-09-04,mars_adaptive_prithvi_probe.json,20955,3a0478d9abdb94a76815744cefcf7ac181765c20e2969a7a40f310f272a03a8b,five-fold unlabeled-target adaptive Prithvi probe; paper cache not loaded,Freeze adaptive Prithvi probe for one label-free paper adaptation.
ersrr-publish-2026-09-04,MARS_ADAPTIVE_PRITHVI_PROBE.md,378,d02929e8d5b6b240e5661a2ac89cb8a436b561220d800aa8029ece912c329149,,
ersrr-publish-2026-09-04,mars_all_development_scene_refit_paper_posttest.json,7052,d101752cd3764da055746e5738ed58a9bfa28366575690bc5a66a8d8cd648b71,transparent post-test replay of fixed all-development refit on exact paper rows,Reject the all-development refit; at least one exact paper scene gate fails.
ersrr-publish-2026-09-04,MARS_ALL_DEVELOPMENT_SCENE_REFIT_PAPER_POSTTEST.md,578,9df76d871faeb0e9cd15221bbb2d99b023e4ddc5cc711193b5fa6eccd63eabbb,,
ersrr-publish-2026-09-04,mars_anchored_full_finetune_pilot.json,49704,1d870c08e27111859e03d10c0479bf15297e19203c4837f687027dd4b7f0cba1,fold-3/fold-4 cross-fit of weight-space-anchored full released-U-Net adaptation with source-disjoint exact-L1C auxiliary supervision,"Reject this architecture before external development, fold 2, or official-test scoring."
ersrr-publish-2026-09-04,MARS_ANCHORED_FULL_FINETUNE_PILOT.md,474,8fdcf31147e5806cb7591f227c2debfef0230bb1b715036c43bcc3e527b87bf7,,
ersrr-publish-2026-09-04,mars_causal_residual_ranker_folds34.json,69640,8c816b02401f234f4b3b30cc15ee94383daa9acc92d1fe7ff3dbc0cdf93e74d2,folds-3/4 baseline-preserving causal residual cross-fit,Reject baseline-preserving causal residual ranking before fold-0/1/2 or external access.
ersrr-publish-2026-09-04,MARS_CAUSAL_RESIDUAL_RANKER_FOLDS34.md,1217,bccb4d872f8273a9ad4fcc2a8fb33298671af4bae5e3ad5c2fb8549b58974eed,,
ersrr-publish-2026-09-04,mars_cloudsen12_negative_augmented_xgboost.json,14793,0255a3202b47ab7f038f87832d51ca0bfa32ba2dab2b07375beb3131903712c9,development-only CloudSEN12-negative scene complement; no paper or CloudSEN12 test outcomes loaded,Reject the CloudSEN12-negative branch before any sealed-negative or paper replay.
ersrr-publish-2026-09-04,MARS_CLOUDSEN12_NEGATIVE_AUGMENTED_XGBOOST.md,612,fc5eeb70f5983c47badfc8b4d03c5291888ee4e986c18399c63f0a938ea0b4b2,,
ersrr-publish-2026-09-04,mars_cloudsen12_spatial_augmented_xgboost.json,26657,824e6694138f95dbaf1616f79a0d711eee94bc140df3e5c0cf5bc9b367c1cf1c,development-only CloudSEN12+ spatial-negative augmentation; paper test not loaded,Reject the spatial-negative scene complement before paper-cache replay.
ersrr-publish-2026-09-04,MARS_CLOUDSEN12_SPATIAL_AUGMENTED_XGBOOST.md,586,e390b7e2636ee2bad3114c5dce4f3d8994e40842f364f8aec65816765f5522bf,,
ersrr-publish-2026-09-04,mars_context_scene_ranker_fold0.json,4717,a08ab9bd0bf550e132277aced17f01410fa5f0a5a532188bc21be40189647c58,one-shot site-context fold-0 architecture selection; fold 1 and paper test not loaded,Reject the frozen site-context architecture on fold 0.
ersrr-publish-2026-09-04,MARS_CONTEXT_SCENE_RANKER_FOLD0.md,420,edcf206212ac42c0917646f28a28f2b2046e4c392f1df634ab11b5f3c11d86f5,,
ersrr-publish-2026-09-04,mars_context_scene_ranker_inner_fold2.json,75047,c247c1326bbd621d0148d4fffb2045f1fe4f132c134b449f9c9238f4bec23bfa,"site-context inner selection: train folds 3-4, validate fold 2",Refit the context head on folds 2-4 and freeze its fold-0 evaluation.
ersrr-publish-2026-09-04,MARS_CONTEXT_SCENE_RANKER_INNER_FOLD2.md,413,267d1d57b6706eb659d8605488ff07fae3da3d9b47fc04857258b30f11be7574,,
ersrr-publish-2026-09-04,mars_counterfactual_scene_ranker_folds34.json,180305,faae5ec16a0caa740564073ca5f7cdbbe8d65a1692dec552662e95c5cfa3b76f,"development folds 3/4 honest cross-fit; no folds 0/1/2, exact-paper, or fresh-external access",Reject this counterfactual ranker family before any fold-0/1/2 or external extraction.
ersrr-publish-2026-09-04,MARS_COUNTERFACTUAL_SCENE_RANKER_FOLDS34.md,330,8b651fed25172317e751a317e39d5a88b58ba0cb6a27d813588dcc77c799c1e3,,
ersrr-publish-2026-09-04,mars_crossfold_bagged_scene_head.json,26776,d9d8da26df1912ac62ae71c32ba8bab108d28f5367feed59656fb8a0d118760e,five-fold nested OOF development selection; paper cache not loaded,Reject crossfold bagging before paper-cache scoring.
ersrr-publish-2026-09-04,MARS_CROSSFOLD_BAGGED_SCENE_HEAD.md,611,87d1fa101f065b8ba73f84bba6997175bf7741f6ca72a9552097dac275f95087,,
ersrr-publish-2026-09-04,mars_crossfold_bagged_trust_region.json,30805,e52b74527eba291c9ac0e94be7a4efe483d5c4714738dce062bc8a41627e12d2,five-fold nested OOF trust-region selection; paper cache not loaded,Reject the bagged trust region before paper-cache scoring.
ersrr-publish-2026-09-04,MARS_CROSSFOLD_BAGGED_TRUST_REGION.md,591,a44872fe7688ffc101d3f3a64840c90e695d2dc5b698da2f455df47869552f65,,
ersrr-publish-2026-09-04,mars_crossfold_hard_positive_bagging.json,67550,f3a67223b3d0012f3be14ab8ba21df1910662822313c64a876e09f9c5e8535f7,five-fold nested OOF hard-positive bagging; paper cache not loaded,Reject hard-positive crossfold bagging before paper-cache scoring.
ersrr-publish-2026-09-04,MARS_CROSSFOLD_HARD_POSITIVE_BAGGING.md,666,8b889a5af8f2ffb1f602a888ebafb2a1c7c1cf01cad42f4e544548eed2088755,,
ersrr-publish-2026-09-04,mars_dense_ap_honest_crossfit_ranker_internal_rejection.json,4566,b137fe9e244d794ec406b20a3d16f666aa3f5ecfba3a6e8f058aeb96aba59b5e,internal-only AP residual ranker selection on honest fold-3/4 dense-Prithvi features,"Retire this dense scene-ranker branch. Do not evaluate fold 2, write an artifact, start five-fold refitting, or access external inputs."
ersrr-publish-2026-09-04,mars_dense_ap_residual_ranker.json,24743,21388fa3e45730bfef7b1c2f7abe4b02a83ce2d62a3a69e14b8f0da2a459c017,AP-focused residual ranker on frozen dense-Prithvi development features,Reject the dense AP residual before full cross-fit or external scoring.
ersrr-publish-2026-09-04,MARS_DENSE_AP_RESIDUAL_RANKER.md,374,dbeea72794c1aa9818b13b4cc37234c443cbdb14c12f19b7eef62be386fe82fe,,
ersrr-publish-2026-09-04,mars_dense_invariant_complementary_pair.json,64380,997642cf21c5957d97760d76d6674526b6615882f55d93b44884fce617bf2a9a,exploratory complementary invariant anchor and rare-site booster on honest dense-Prithvi development features,Freeze the selected complementary pair for fold-2 confirmation.
ersrr-publish-2026-09-04,mars_dense_invariant_global_shrinkage.json,37664,f3228425fe595c2363d5b3d17831aee103b022f775088bfd8ac0c4d96075b57f,post-fold2-failure uniform shrinkage of the fixed invariant pair using folds 3+4 only,Freeze the selected global shrinkage for folds-0/1 confirmation.
ersrr-publish-2026-09-04,mars_dense_invariant_nonlinear_residuals.json,103090,d9b1b9b31e1945518887e4f8f5d0d1e5b32c0928a36d804b3b8320c74ee7af8e,exploratory label-free nonlinear gates over direction-stable honest dense-Prithvi development residuals,Retire invariant nonlinear residual gates before fold 2 or external access.
ersrr-publish-2026-09-04,mars_dense_invariant_pair_fold2.json,9732,f3554d9675c0415ebfc90029d1faaf8d7cb90163b0b92fbd35938c916be067bb,one-shot fixed-candidate fold-2 confirmation,Retire the fixed pair before fresh or exact-paper evaluation; resume development research without reusing fold 2.
ersrr-publish-2026-09-04,mars_dense_invariant_shrinkage_folds01.json,11090,7e921fa2f7134bd5bd82477ab76c345eefbccc4053eadf2815b265f3754a63eb,one-shot fixed-shrinkage folds-0/1 confirmation,Retire this shrinkage before fresh or exact-paper access and resume research without reusing folds 0/1/2.
ersrr-publish-2026-09-04,mars_dense_invariant_site_linear_ranker.json,163304,a2324364e2e0961a70ec75b40484a18759909d8b1fac388f082e1d227b12588d,exploratory cross-fitted invariant site-balanced sparse linear ranker on honest dense-Prithvi development features,Retire this invariant site-linear ranker family before fold 2 or external access.
ersrr-publish-2026-09-04,mars_dense_invariant_smooth_site_trust.json,32692,9a96633535c1608638917bd5fb7d134484caca02459629f27eccd3ded88747ec,post-fold2-failure smooth label-free site trust on the fixed invariant pair using folds 3+4 only,Retire smooth site-trust routing before folds 0/1 or external access.
ersrr-publish-2026-09-04,mars_dense_invariant_univariate_exploration.json,16749,217bc3484bcc75a826b2630186b7ead271d7115cb4577dbd7f979a20826d2ef1,exploratory invariant-univariate audit on honest dense-Prithvi development features,Freeze the selected sparse signal in a separate protocol before fold 2.
ersrr-publish-2026-09-04,mars_dense_invariant_unseen_site_router.json,89617,6564bd0ff88b0b2df3f58f2b03bcee4eb56773421620055e59cf7f82005f8185,post-fold2-failure development-only label-free unseen-site routing on folds 3+4,Freeze the selected router for independent folds-0/1 confirmation.
ersrr-publish-2026-09-04,mars_dense_invariant_unseen_site_router_adjudication.json,1257,5656e4df41309d14ebed06404cadbf54c8089341b0ea4d66517de5e9ee822ee1,cross-experiment promotion adjudication for the label-free unseen-site router,Reject the router family: its only development passer routes every unseen site and is exactly the fixed pair already rejected on independent fold 2.
ersrr-publish-2026-09-04,mars_dense_prithvi_crossfit_representations.json,10540,101b96ed361bd322a1951e40c6e24ed6cb255ddbc5972f721b295fd5e3048055,honest fold-3/4 crossfit dense-Prithvi representation endpoints,
ersrr-publish-2026-09-04,mars_dense_prithvi_fold2_excluding_adapter.json,3287,f060d8fdb8b012100ba55a48f25a905f4cb76c381e0cf6de53f40e2a8103d350,fit-only dense-Prithvi adapter on folds 3+4 for one-shot fold-2 feature extraction,
ersrr-publish-2026-09-04,mars_dense_prithvi_folds01_excluding_adapter.json,3410,a435292b1eb52f2efb94ab543e0fb4ec0903767d601f5de7c77b08baa331f702,fit-only dense-Prithvi adapter on folds 3+4 for one-shot folds-0/1 feature extraction,
ersrr-publish-2026-09-04,mars_dense_prithvi_mask_preservation.json,5617,b48f92c60f6419e6dba663f0486bac59df42b891cdf819c622441c2d1d7c46a5,development-only reproduction and preservation of the dense Prithvi mask branch,Preserve the mask adapter for independent full-development cross-fitting.
ersrr-publish-2026-09-04,MARS_DENSE_PRITHVI_MASK_PRESERVATION.md,401,d13e26f1823b3c5adf83894ed096424c4f7d062abd6246706b81cdd98ac715b9,,
ersrr-publish-2026-09-04,mars_dense_prithvi_teacher_pilot.json,18456,327d057af6f99cb2770f8701bbd83e2cdf52ee1de80a1499526a439380ffe995,dense frozen-Prithvi token fusion into the released MARS-S2L U-Net,Reject dense token fusion pilot before external scoring.
ersrr-publish-2026-09-04,MARS_DENSE_PRITHVI_TEACHER_PILOT.md,469,a086217036b96855b938cbf9ab323ddbb4b36da294b3a8368de9b944b7983401,,
ersrr-publish-2026-09-04,mars_dense_sparse_invariant_ensemble_exploration.json,7238,2e338ba18809c5e41525a98703db531e0defc14fee4a4277d0398ef54307d783,exploratory sparse invariant ensemble on honest dense-Prithvi development features,Retire this sparse invariant ensemble family before fold 2 or external access.
ersrr-publish-2026-09-04,mars_dev_pixel_baselines.json,5304,695af5cb24c4335c373bd98b5b06488f34caaf21627a2dbf249e6cb171f2ba9f,predeclared_spatial_development_baselines_not_final_paper_claim,"Validation-selected spatial baseline: `pixel_logistic_13_features`. It does not clear the promotion gate. Local per-pixel spectra are insufficient; implement the predeclared multi-scale target/reference encoder with joint scene presence, segmentation, and observability heads."
ersrr-publish-2026-09-04,MARS_DEV_PIXEL_BASELINES.md,1275,51362b599c748a894f7760bba4c4dd829948deb816707d072b222dbdb8aeef7f,,
ersrr-publish-2026-09-04,mars_dev_scene_baselines.json,14804,8121ed9bd6826309758884c27c5fa3ae7546d787a311779fad0076f5d0be2bf1,group_disjoint_development_tranche_not_final_paper_claim,"Validation-selected development baseline: `raw_scene_logistic`. It does not clear the research promotion gate; proceed to a joint presence/segmentation model with hard-negative mining, not a larger backbone alone."
ersrr-publish-2026-09-04,MARS_DEV_SCENE_BASELINES.md,1469,a589a56d1fa9298191a7eaca1cc50fb83f71d2d59e0bfec414326a33780c3451,,
ersrr-publish-2026-09-04,mars_dinov3_methane_fusion_all_score_scene.json,41556,e43151c2ce8df8192a3acc1828204084615ef36b8ebf5df01b0a9ba94df1dc08,two-fold DINOv3 semantic-change and counterfactual-methane spatial fusion pilot,Reject this fixed DINOv3 fusion pilot without external scoring.
ersrr-publish-2026-09-04,MARS_DINOV3_METHANE_FUSION_ALL_SCORE_SCENE.md,404,6a601a6ead0d0d8938355301304dd7ba8aef63622e50471f31bbe6aa46c0b76d,,
ersrr-publish-2026-09-04,mars_dinov3_methane_fusion_dense_surrogate.json,41253,7f7f2fdb7aa80d35d0ec5fb7a08d1b579155efc82b05007c8d694b795343e72b,two-fold DINOv3 semantic-change and counterfactual-methane spatial fusion pilot,Reject this fixed DINOv3 fusion pilot without external scoring.
ersrr-publish-2026-09-04,MARS_DINOV3_METHANE_FUSION_DENSE_SURROGATE.md,404,5ea7cf3de11f9cc2c99bbfd1d6489c6d3dcf147b6726796e2b2c29d1ed16e957,,
ersrr-publish-2026-09-04,mars_dinov3_methane_fusion_gradient_fix.json,41369,e60c8bd49d3309ac8592958d295a3f633fe765b610a6adf79c1f4ba29b174949,two-fold DINOv3 semantic-change and counterfactual-methane spatial fusion pilot,Reject this fixed DINOv3 fusion pilot without external scoring.
ersrr-publish-2026-09-04,MARS_DINOV3_METHANE_FUSION_GRADIENT_FIX.md,404,79891445a9e9ad16bf7c45c9a0b46b98e3cdd00e089bf5f910f0b23400920957,,
ersrr-publish-2026-09-04,mars_dinov3_methane_fusion_pilot.json,39581,81da27897942b0f78f3234ca64892bb4dde83e78a1774956ed4446298b342149,two-fold DINOv3 semantic-change and counterfactual-methane spatial fusion pilot,Reject this fixed DINOv3 fusion pilot without external scoring.
ersrr-publish-2026-09-04,MARS_DINOV3_METHANE_FUSION_PILOT.md,404,adea9823690f9cabcaf11dea23173b47480fc7ad84fd963d0c28c92069915fd2,,
ersrr-publish-2026-09-04,mars_dinov3_multiseed_s2_confirmation.json,50689,38e0718c51fb6025fba6a733a3d7e86f11d9a329c39a956b2185dab6d07c098f,three-seed DINOv3 dense-evidence confirmation with Sentinel-2-only scene routing,"Reject this fixed confirmation without fold-2, external, or official-test scoring."
ersrr-publish-2026-09-04,MARS_DINOV3_MULTISEED_S2_CONFIRMATION.md,423,fbe110cfcd9e76cceeab61a570c34e381c73389d168227f1558d467c68cfa8cb,,
ersrr-publish-2026-09-04,mars_dofa_anchored_protected_ensemble_folds34.json,15218,85d5959061cc77d4b2a32f12609c7852af545ff8df6923273d6ae245d020eec1,fold-3/fold-4 protected ensemble of independently learned train-fitted DOFA-v2 and expanded-real-data anchored-U-Net scene residuals with fixed significant dense transport,Freeze the selected ensemble for a new fold-2 confirmation; folds 0/1 and official test remain closed.
ersrr-publish-2026-09-04,MARS_DOFA_ANCHORED_PROTECTED_ENSEMBLE_FOLDS34.md,426,626e2fbae0129c0b2237aafc35f75b07b0a06db3c90e60a0e606af1c40425c59,,
ersrr-publish-2026-09-04,mars_dofa_anchored_protected_fold2.json,5358,4a55afb2dad0306f56ebad82289a06157f3855be18a22a4a3e567395c60fa138,one-shot fold-2 confirmation of the exact protected DOFA plus expanded-UNEP anchored-U-Net ensemble selected on folds 3 and 4,"Reject the fixed ensemble before folds 0/1, external, or official-test evaluation."
ersrr-publish-2026-09-04,MARS_DOFA_ANCHORED_PROTECTED_FOLD2.md,364,3934292a35d8554d4b63cf10f9bd386e8e399364740abb0c59b648d0cecbe450,,
ersrr-publish-2026-09-04,mars_dofa_gaussian_champion_cache.json,914,11132fc140769e68dcbf743cfd0980617a92ae97ed22c0c973a2130528c005f7,deterministic cache of the already-selected Gaussian+DOFA folds-3/4 champion,
ersrr-publish-2026-09-04,mars_dofa_gaussian_protected_ensemble.json,33985,9473bc039e43bfc15d97b8eca0228fce66b31dffc8c487f8b3a4351c3280e1b5,development-only folds-3/4 selection of an exact protected residual ensemble combining the fixed DOFA scene probe with a conservative Gaussian-synthetic ViT scene head,Authorize a separately frozen external/new-cohort confirmation; do not reopen fold 2 or official test.
ersrr-publish-2026-09-04,MARS_DOFA_GAUSSIAN_PROTECTED_ENSEMBLE.md,343,0c4b28ab21fce301e8f52c86a2ce8644147c007e8f88818c47248238323f013e,,
ersrr-publish-2026-09-04,mars_dofa_v2_external_deployment_state.json,1689,dab9cff63d5fe69d760c64658b6e033822123f61f2564ec5637825e550244680,development_only_dofa_v2_folds34_external_deployment_state,
ersrr-publish-2026-09-04,mars_dofa_v2_fold2.json,7141,b6bd52fed2cf8444ac9fccb05011f8daddc285db706e791ee93f3fd9c5b505dd,one-shot fixed protected DOFA-v2 fold-2 confirmation,Retire the fixed DOFA-v2 fusion before external or official-test evaluation.
ersrr-publish-2026-09-04,MARS_DOFA_V2_FOLD2.md,352,40db3edf3585452ce8e1e3cbe1089a0373c6f8ffbe1646f3740f7605fdaf510d,,
ersrr-publish-2026-09-04,mars_dofa_v2_projection_ensemble_folds34.json,16511,540c5d509b1340ae0a07bd0b89a07bca70b3ce85b8d8e9d865066ab122efdb96,development-only DOFA-v2 projection-seed confirmation on folds 3/4,Reject the DOFA-v2 projection ensemble before fold-2 extraction.
ersrr-publish-2026-09-04,MARS_DOFA_V2_PROJECTION_ENSEMBLE_FOLDS34.md,945,8915c292bb4837982f60a20d8075583abf8276d799e565e6bd3c4b463fa8eaad,,
ersrr-publish-2026-09-04,mars_dofa_v2_protected_fusion_folds34.json,25151,95f292353d6f9e4d0d2416e78d46aaf3a7003e9c3d0ec23a2d499fbfa2b0a044,development-only recall-protected DOFA-v2 fusion on folds 3/4,Freeze the selected recall-protected DOFA-v2 fusion for one-shot fold-2 extraction.
ersrr-publish-2026-09-04,MARS_DOFA_V2_PROTECTED_FUSION_FOLDS34.md,1202,dc42c1f599f581d15a0a3a1e9b3fade8852acfdd554763ecb81dc8564f3d9ec4,,
ersrr-publish-2026-09-04,mars_dofa_v2_scene_probe_folds34.json,43601,0abb9b0915c580afbfdab3100d07b55e6a0a6072f6f21b92c91c24cbb15bdde1,development-only DOFA-v2 sensor-aware scene selection on folds 3/4,Reject the DOFA-v2 scene candidate before fold-2 extraction.
ersrr-publish-2026-09-04,MARS_DOFA_V2_SCENE_PROBE_FOLDS34.md,648,b1867a1494f6f3f15e53908664fdc6f1d6eeda268b53825cd028f4cccd6bc897,,
ersrr-publish-2026-09-04,mars_dofa_v2_train_fitted_normalization_folds34.json,15107,23e9124a5f0b5a9a788a46a6fd07753501a8b83c880b0a4e3f24e680c92074b2,development-only train-fitted DOFA-v2 normalization confirmation,Freeze the selected train-fitted DOFA-v2 fusion for one-shot fold-2 extraction.
ersrr-publish-2026-09-04,MARS_DOFA_V2_TRAIN_FITTED_NORMALIZATION_FOLDS34.md,787,373798fba7af48169d8ea2cac36facc01a63affb1dc11de4872f063bfb406e1b,,
ersrr-publish-2026-09-04,mars_dual_teacher_rescue_folds34.json,55607,e601b339c57841cdb6ecad4b1cfe0c5261494eee555f4f801ce78e9e1238303a,development-only deterministic dual-teacher recall rescue on MARS folds 3/4,reject_deterministic_dual_teacher_rescue
ersrr-publish-2026-09-04,MARS_DUAL_TEACHER_RESCUE_FOLDS34.md,545,1a2e90353032291f357dddfc126c93bbb767c7ad5d942f770a6a8a85eb00e50a,,
ersrr-publish-2026-09-04,mars_encoder_scene_probe.json,119024,5743ac691eb7926f9168665ec8bea9a9ddccc64df61ca316287dc44a6d4e1e9c,development only; paper-test labels and imagery are not loaded,Reject the encoder scene probe before paper-test feature extraction.
ersrr-publish-2026-09-04,MARS_ENCODER_SCENE_PROBE.md,755,c0fe436f3af837c3360e669022348f3033909e3c77286e9ac0f34c5aeedcfe8f,,
ersrr-publish-2026-09-04,mars_gated_temporal_spatial_boost.json,1515354,1416e17990eb02e4770b1bad28ac74fa685846c8c1852067c6cee1a28edd3db8,development-only gated temporal-spatial boost; exact paper cache not loaded,Reject gated temporal-spatial boost before fresh or paper evaluation.
ersrr-publish-2026-09-04,MARS_GATED_TEMPORAL_SPATIAL_BOOST.md,397,727dcdf7081380d11398469b21c8f6e12c033cba2a47c8a88b2a6e8cd859eacd,,
ersrr-publish-2026-09-04,mars_gaussian_contrast_crossfit.json,68167,728e9a1f69a608cf09816114ed50fc785953f6dc5937ddae370e87f990d85f55,fold-3/fold-4 cross-fit of the full-bank physics-contrast Gaussian ViT under the exact mixed-sensor MARS contract,"Reject without opening fold 2, folds 0/1, or the official test."
ersrr-publish-2026-09-04,MARS_GAUSSIAN_CONTRAST_CROSSFIT.md,437,2d27109e538fc590797d534c03f7c1dd0cd153f26d810027d4ca8d421d1cc8e6,,
ersrr-publish-2026-09-04,mars_gaussian_contrast_full_bank.json,10342,689b806228abda20e433af180f25a2e722bd71a1a2c213a9fb51c0f082f162f3,full 16000/2000-template Gaussian physics-contrast ViT dense pretraining and validation audit,Freeze the full-bank schedule for separately cross-fitted real MARS endpoints.
ersrr-publish-2026-09-04,MARS_GAUSSIAN_CONTRAST_FULL_BANK.md,341,0f83094f822f6a58bce455997aaac202bf6527789524347e90718c8b6a0e5b8d,,
ersrr-publish-2026-09-04,mars_gaussian_contrast_vit_dense_confirmation.json,17038,20c6b05f4cec5b17b516522bb4037c9eaaa4706d6e3c28b16534b4b3483c9667,new-bank dense-only synthetic transfer confirmation with paper-aligned validation checkpoint selection,Both gates pass; a separately frozen exposure-scaling experiment is justified.
ersrr-publish-2026-09-04,MARS_GAUSSIAN_CONTRAST_VIT_DENSE_CONFIRMATION.md,502,68b460cde457d4fabc462d492969edb4712177708949c11335146b39eeea0e19,,
ersrr-publish-2026-09-04,mars_gaussian_contrast_vit_dense_exposure_audit.json,13647,8dd879acac0411257363dfc905bb37aab726bb892be53a8a0ba8e60ca299a6cf,100-epoch dense-only synthetic exposure curve with index-disjoint transfer for the normalized temporal-contrast mixed-sensor ViT-U-Net,Stop: architecture/loss path cannot memorize the bounded synthetic bank.
ersrr-publish-2026-09-04,MARS_GAUSSIAN_CONTRAST_VIT_DENSE_EXPOSURE_AUDIT.md,466,c1348aa92b0dadb65cdcd8b1015792543ae39d81c0745b78196ba4895fd88fa7,,
ersrr-publish-2026-09-04,mars_gaussian_contrast_vit_learnability_audit.json,9044,b19f3e348105b4d1c681c0a06edb5208c1e3646c7c99120374ffbcaba8bdfb56,synthetic-only memorization and index-disjoint transfer audit for the normalized temporal-contrast mixed-sensor ViT-U-Net,Stop: architecture/loss path cannot memorize the bounded synthetic bank.
ersrr-publish-2026-09-04,MARS_GAUSSIAN_CONTRAST_VIT_LEARNABILITY_AUDIT.md,373,bb13081b763389a385d8e46b92c320793dd8e816794542fd0de1ea237351fdd2,,
ersrr-publish-2026-09-04,mars_gaussian_dofa_strict_spatial_one_shot.json,8250,01c117b69751d1ad59ff19f280b1de0d27bd6f262afbaeed4d80cad71cf3048d,,primary_superiority_gate_failed
ersrr-publish-2026-09-04,MARS_GAUSSIAN_DOFA_STRICT_SPATIAL_ONE_SHOT.md,791,13662a10d4f0e4227c501447f037519db977e21f9049fbde5fb9c604977b3a1b,,
ersrr-publish-2026-09-04,mars_gaussian_dofa_strict_spatial_pre_authorization_validation.json,2439,3cb7773038a74533e1a214ca6cb7e85d7adfba80383a802c9592503e8fb4b300,Gaussian+DOFA candidate-specific MARS strict-spatial input-only replay,
ersrr-publish-2026-09-04,mars_gaussian_dofa_strict_spatial_pre_outcome_validation.json,1486,b4da81c20dc8b4b08d0b6b7e9e351fb9cfc759e53b88513984c9300b90f9ef38,Gaussian+DOFA candidate-specific MARS strict-spatial one-shot scene evaluation,
ersrr-publish-2026-09-04,mars_gaussian_plume_bank_audit.json,7784,1e952cb7bf8906aa99b72b33300e3a1f5822a783c858edfec49f5f20481c3d25,fit-fold-only analytical Gaussian bank distribution audit before model scoring,
ersrr-publish-2026-09-04,MARS_GAUSSIAN_PLUME_BANK_AUDIT.md,721,563398e195ab37f9e76d300b7fbe1ac85c7c3de29431363ce30a872a20e6f78c,,
ersrr-publish-2026-09-04,mars_gaussian_plume_morphology_audit.json,7199,96e43dd8827f300e7c57642a6ca0ce8d2367d6ea1de8b6db97e91d700af01469,fit-fold-only MARS positive-mask morphology audit for Gaussian-plume parameterization,
ersrr-publish-2026-09-04,MARS_GAUSSIAN_PLUME_MORPHOLOGY_AUDIT.md,1067,38f37746a4ee400aeeb416aed43571203c3a8a93adb54327dc428c5bd6ddd233,,
ersrr-publish-2026-09-04,mars_gaussian_scene_aligned_cache_replay_failure.json,1570,c564a296853956d00cb65798ae6581f9c0e2519728339bf8547d38590b9c44a8,audit receipt for the frozen exact Gaussian scene-cache replay,
ersrr-publish-2026-09-04,MARS_GAUSSIAN_SCENE_ALIGNED_CACHE_REPLAY_FAILURE.md,719,59f88a2719d95e21154006f74e8656e8bfefffe96f8d1d69e18524ccae2b8fa2,,
ersrr-publish-2026-09-04,mars_gaussian_scene_aligned_crossfit.json,76977,6963e5ac8832011a4c39899d3097ff23afb3222ab6f1d2bbbc67cdc325190358,controlled fold-3/fold-4 cross-fit of the full-bank Gaussian ViT with synthetic scene supervision and an identity-protected scene residual,"Reject without opening fold 2, folds 0/1, or the official test."
ersrr-publish-2026-09-04,MARS_GAUSSIAN_SCENE_ALIGNED_CROSSFIT.md,437,00e6fa55452731a8a5bf5ece99316efd72399e84f96841a0b7c1f727ed3f212b,,
ersrr-publish-2026-09-04,mars_gaussian_scene_aligned_reproducibility.json,4466,0ad67fdf5d21e4d109b0fbec6e5f964a449f594812bfc872c752db84f32d0de1,"bounded stochastic reproducibility replicate of the Gaussian scene-aligned folds-3/4 cross-fit, retaining raw logits only with predeclared direction and magnitude checks",
ersrr-publish-2026-09-04,MARS_GAUSSIAN_SCENE_ALIGNED_REPRODUCIBILITY.md,370,deeaf27e49fce7527d3a6a65b789ef8cda2119d7660431ab052d1ec08c2a644b,,
ersrr-publish-2026-09-04,mars_gaussian_vit_learnability_audit.json,8889,9ac1ce127ad273f46caf100ff4f58bc02dae7baf234e2c5cdf465083110fcd7b,synthetic-only memorization and index-disjoint transfer audit for the exact Gaussian-pretrained mixed-sensor ViT-U-Net,Stop: architecture/loss path cannot memorize the bounded synthetic bank.
ersrr-publish-2026-09-04,MARS_GAUSSIAN_VIT_LEARNABILITY_AUDIT.md,356,572650c564343ea88e76c2484888739f6ac6840a8e73ee40a61396675cd5e71c,,
ersrr-publish-2026-09-04,mars_gaussian_vit_pilot.json,51003,cba9a42cf1c5b10bf8969cbf7f56cf3785cc6f9864947f7f05a6d1dfa8834ff0,fold-3/fold-4 cross-fit of an analytical-Gaussian-pretrained full-scene ViT-U-Net under the exact mixed-sensor MARS contract,"Reject without opening fold 2, folds 0/1, or the official test."
ersrr-publish-2026-09-04,MARS_GAUSSIAN_VIT_PILOT.md,439,bfff4fd49e231019035afdfbf809961593f769b961430c4583495138627b9aac,,
ersrr-publish-2026-09-04,mars_geospatial_site_prior.json,22915,f199c636653f471353c8455211b396d5b10e1f948505618dbbf7a1fa51dc024f,five-fold geographic neighboring-site prior; held-site labels excluded; paper cache not loaded,Reject the geospatial site prior before paper scoring.
ersrr-publish-2026-09-04,MARS_GEOSPATIAL_SITE_PRIOR.md,263,82016cd57acbd299c882eea187c339e6eb2c8ced614942b7729bb8bad2ec7b06,,
ersrr-publish-2026-09-04,mars_group_crc_crossfold.json,40394,aa717d6500efeddcecfb05c6db3ee4ec6d3875ec8c92c66b971a1e7a67cf449c,honest folds-3/4 geographic-transfer audit of group conformal risk control,
ersrr-publish-2026-09-04,MARS_GROUP_CRC_CROSSFOLD.md,441,f73c0290644ad1ebf5cd85e18a698343a8a6407c2db7a5ac0ef9948ea82108a3,,
ersrr-publish-2026-09-04,mars_hard_scene_ranker_inner_fold2.json,234690,e86e82fd8e9124d84f5b86fc91fcda7e02a66a8b61464956834cb91a0bb0d646,"hard-example inner selection: train folds 3-4, validate fold 2",Reject hard-example scene ranking before another fold-0 evaluation.
ersrr-publish-2026-09-04,MARS_HARD_SCENE_RANKER_INNER_FOLD2.md,380,7b6a8917e8dd0405ec90604527f277e146818f3c336e949276904b25aa487169,,
ersrr-publish-2026-09-04,mars_instance_guided_teacher_pilot.json,9824,0611aeb0f4f82e454605f00e75376c8c4bfcfc36346756e45439b8c18c190bd6,instance-aware physics-guided released-U-Net adapter pilot,Reject instance-aware adapter before full cross-fit or external scoring.
ersrr-publish-2026-09-04,MARS_INSTANCE_GUIDED_TEACHER_PILOT.md,1924,5da05333bd82dcc3682f76c26f0c3318afe66ea3ad01735a38a1bd84c0f68fde,,
ersrr-publish-2026-09-04,mars_instance_scene_ensemble_pilot.json,45279,6d9505cebc4085564a2ad7c258aecad48d4a815b54d5a069b2558cf5619d2555,conservative two-output instance-signal scene ensemble pilot,Reject instance-scene ensemble before external scoring.
ersrr-publish-2026-09-04,MARS_INSTANCE_SCENE_ENSEMBLE_PILOT.md,1685,b0a842ab9a9329dc48069add0a3167a9e5317838e21e92d0a571d1ffa9e9aba7,,
ersrr-publish-2026-09-04,mars_joint_calibration_aware_finalization.json,2424,c432cdd404aee488303de99d6d0f6968cff35319507f505d4aac27bea4283ae5,calibration-aware finalization; no fresh external or paper test loaded,Freeze the fixed joint head for fresh CloudSEN-test and exact-paper evaluation.
ersrr-publish-2026-09-04,MARS_JOINT_CALIBRATION_AWARE_FINALIZATION.md,530,b07683b32ffb0a4120575b39ca07361de2a1c662d924ec3d94372141d1170a24,,
ersrr-publish-2026-09-04,mars_joint_calibration_aware_paper_posttest.json,10566,20625e9362c2da0ea124be7ff0587475358d16620f6e4fa7b6fab5b5a901ea96,transparent post-test replay of the fresh-safety-passed fixed joint candidate on the exact MARS-S2L v3 comparator,At least one exact MARS-S2L v3 paper gate remains unresolved.
ersrr-publish-2026-09-04,MARS_JOINT_CALIBRATION_AWARE_PAPER_POSTTEST.md,775,dc87f139cd9bd1395912c12c17724e22333d94680769a451109516012ba5a27e,,
ersrr-publish-2026-09-04,mars_joint_development.json,10254,8b6ad4ccd8a04a3ee58781a43a390a7203064c4574d0393e20bad5f9e7b35aac,single_seed_joint_model_development_not_final_paper_claim,The joint model does not yet clear the promotion gate. Use validation-only error analysis and hard-negative mining before any backbone expansion; do not tune on the strict benchmark.
ersrr-publish-2026-09-04,MARS_JOINT_DEVELOPMENT.md,1043,b08a726762c0a362b24572470cd4f463fd72fda5e4533ccb4cf14e50a82dad65,,
ersrr-publish-2026-09-04,mars_joint_external_augmented_xgboost.json,25340,04c1b193465141c9350b66830a63fd483c0359b1d8d2b2c885ebc503cda2cba3,development-only joint external augmentation; paper test not loaded,Reject the joint external-data scene head before paper-cache replay.
ersrr-publish-2026-09-04,MARS_JOINT_EXTERNAL_AUGMENTED_XGBOOST.md,562,8827ba57196ee2a19baeb5f1ce5434079a72f2e85c149e681fd629d24d451559,,
ersrr-publish-2026-09-04,mars_joint_external_negative_calibrated_xgboost.json,24742,8ab3a91566e6ba0b60bceaa13c3ee7e36bc390e5ce69ab7486895883f35e779a,development-only joint external augmentation; paper test not loaded,Reject the joint external-data scene head before paper-cache replay.
ersrr-publish-2026-09-04,MARS_JOINT_EXTERNAL_NEGATIVE_CALIBRATED_XGBOOST.md,562,8b6448bd291de5170060b3bb6b84b30efbbaa9d7a563420c31a45aae6d46cdc8,,
ersrr-publish-2026-09-04,mars_joint_mil_development.json,16923,b49592cc0f9eeb607d324e76021f2e88515ee610763308f34bfeaf4a9420e787,validation_first_joint_mil_development,MIL v2 does not clear the strict-spatial gate. Freeze this result and use only validation/external data for the next decision.
ersrr-publish-2026-09-04,MARS_JOINT_MIL_DEVELOPMENT.md,1255,772b708f827718deac094e9e146a33d4961bb7be8271ef21f5fe5171773d1fe1,,
ersrr-publish-2026-09-04,mars_joint_mil_validation_audit.json,9611,07fb282d93fbe81e0dc1fd82e0e98225bb90b2d8d9ead5ea9c71b24841245e24,mil_v2_internal_validation_error_audit_only,Use these validation-only error strata to define the expanded hard-negative/positive sampling plan. Do not modify a threshold or architecture from strict-test behavior.
ersrr-publish-2026-09-04,MARS_JOINT_MIL_VALIDATION_AUDIT.md,1010,91cf3c7cb6737cb3f1bc92dd06a671ab21213a2cdaa494f62c9d431673f1ecff,,
ersrr-publish-2026-09-04,mars_large_history_temporal_prior.json,729280,0e84e59db537a8bab657bbed542b47f80d12f74ad5396b5c30ba352565ac9e43,development-only temporal site-prior selection; exact paper cache not loaded,Reject the temporal site prior before fresh or paper evaluation.
ersrr-publish-2026-09-04,MARS_LARGE_HISTORY_TEMPORAL_PRIOR.md,401,ee48484c4875d5aaa7ac9517252fd67f09091dbe01db68fdba671ce90aa000f6,,
ersrr-publish-2026-09-04,mars_low_prevalence_set_context_head.json,224597,bcd05f8bb4ce01d60c06f1606b4cb0ece5cc3a18aacebc42f2317157b9dc48f3,development-only low-prevalence set-context head; exact paper cache not loaded,Reject the set-context head before fresh or paper evaluation.
ersrr-publish-2026-09-04,MARS_LOW_PREVALENCE_SET_CONTEXT_HEAD.md,384,0499f0a4dd313987c45c9dee93c48a52c7c792838f2da58efba7e3cd58e94461,,
ersrr-publish-2026-09-04,mars_mask_routing_folds234.json,28122,068c6d33e43d112ca47b5a7daaadadfb64bec22f23ba4f0b1e390e58f0146a9e,development folds only; paper test not loaded,Reject routed masking; it lacks a positive paired group-bootstrap lower bound across development domains.
ersrr-publish-2026-09-04,MARS_MASK_ROUTING_FOLDS234.md,1793,10cf6718470205fca5f9e92ab6d7e8e6702a8ca58333e8fb8d19858930815bc7,,
ersrr-publish-2026-09-04,mars_mask_threshold_folds01_confirmation.json,3554,b3d77820ce1fc2a81c95e479f4412f545310ae8146cbd25f97f5c398b33fc7fe,development folds only; paper test not loaded,Mask threshold 0.70 passed the separate folds 0-1 development confirmation.
ersrr-publish-2026-09-04,MARS_MASK_THRESHOLD_FOLDS01_CONFIRMATION.md,484,d0f96d423b384e3c0dbc992e0ab095e052abe37817b007e0b3670912c132ea02,,
ersrr-publish-2026-09-04,mars_mask_threshold_folds01_extended.json,7440,143cfdf8692102f4be6bd55722e40b79992eb1a1c244815435c7d1add86301c8,development folds only; paper test not loaded,Do not advance this mask rule; at least one fold or sensor IoU gate failed.
ersrr-publish-2026-09-04,MARS_MASK_THRESHOLD_FOLDS01_EXTENDED.md,646,a11644c5feeeac17fea594bff8bce119ad2494caa1cbeb7317a747571cf482a8,,
ersrr-publish-2026-09-04,mars_mask_threshold_folds234.json,11755,9d4dd8140908489e48be849c0e89100a8f663c3368db9354c1b30ed8670865be,development folds only; paper test not loaded,Advance this mask threshold to a separate development-fold confirmation.
ersrr-publish-2026-09-04,MARS_MASK_THRESHOLD_FOLDS234.md,751,c291f07ade1b61e68f25238a2f5b8f8ca11cf22fd0a1e11385bc6d66f495e5ef,,
ersrr-publish-2026-09-04,mars_ndmi_bitemporal_fusion_pilot.json,40699,0c8bebeace840acbb0a27450919d47e852cb3166ea171d9344701e2ba90d3177,fold-3/fold-4 cross-fit of an NDMI-guided shared-weight bi-temporal branch with source-disjoint auxiliary training,"Reject this architecture before external development, fold 2, or official-test scoring."
ersrr-publish-2026-09-04,MARS_NDMI_BITEMPORAL_FUSION_PILOT.md,453,97df8f59eb9d3b3761ef248df2bad10ccd08721a71b5ee757c115a6810311a3b,,
ersrr-publish-2026-09-04,mars_ndmi_patch_mil_pilot.json,40573,ab76b2f66d6a3f96a23aff6b54e22653a566520b0cfd460b706d5f86d23d9b08,fold-3/fold-4 cross-fit of patch-local NDMI bi-temporal scene evidence with source-disjoint auxiliary training,"Reject this architecture before external development, fold 2, or official-test scoring."
ersrr-publish-2026-09-04,MARS_NDMI_PATCH_MIL_PILOT.md,453,944eff55bc7c62e5d7df090361c586c34f954cacfe49ccebd3b202358265cb24,,
ersrr-publish-2026-09-04,mars_offshore_finetune_diagnostic.json,18504,abcbb94a4e343f22d79d1469312b8879402ddbf6be32948317cd324f4889b71d,,
ersrr-publish-2026-09-04,MARS_OFFSHORE_FINETUNE_DIAGNOSTIC.md,1655,5e826958e5f6ee00af52eb450edaa4dfc925cb764036af43b8012a91b6749626,,
ersrr-publish-2026-09-04,mars_offshore_mask_threshold_confirmation.json,6637,a983069ced97114d31b3fe5714d20ca3e62e1b2ba3f86e9725f9014ceea85a62,post-test-diagnosed mask rule reverse-validated on all development folds,Reject the offshore 0.90 mask threshold because development reverse validation failed.
ersrr-publish-2026-09-04,MARS_OFFSHORE_MASK_THRESHOLD_CONFIRMATION.md,685,974d8d1ea5d22843da5769be7fe7349192e55edcb2c6572a616fc5f8a06d96f9,,
ersrr-publish-2026-09-04,mars_oof_context_minimum_blend.json,72842,8fc190bf4cac9d3abb24979cd20678930f09143302a69ddbfb944a7959951b0b,minimum-intervention OOF trust region on folds 2/3/4,Freeze the minimum stable blend for one fold-0 evaluation.
ersrr-publish-2026-09-04,MARS_OOF_CONTEXT_MINIMUM_BLEND.md,337,343bfe662fef6700cc1e1c635d3a08e772908e6c353a5c515864c9d0b6863bd1,,
ersrr-publish-2026-09-04,mars_oof_context_minimum_blend_fold0.json,4295,4eec74a60109e6ed48d10358bde3c077755cfb15fa166dbec20d655ec2c492ce,one-shot minimum-intervention OOF-context fold-0 evaluation,Advance the minimum-intervention OOF context architecture to fold-1 confirmation.
ersrr-publish-2026-09-04,MARS_OOF_CONTEXT_MINIMUM_BLEND_FOLD0.md,443,b983d854f23a058209644953e56bca8b28000a8d68db16fc100116320350cbfb,,
ersrr-publish-2026-09-04,mars_oof_context_ranker_fold0.json,4574,416e32dfc9a218fdcb3f30b952be158cda3cc51ef05a0354554f2e6243c16d65,one-shot OOF-stable context fold-0 evaluation; fold 1 and paper test not loaded,Reject the OOF-stable context architecture on fold 0.
ersrr-publish-2026-09-04,MARS_OOF_CONTEXT_RANKER_FOLD0.md,419,233d4274ef400f18e1214799456ffcf14e842940683a9ebcd095a7c283f7c005,,
ersrr-publish-2026-09-04,mars_oof_context_ranker_folds234.json,280662,a125830c41d1d592a7d3a52ee2343ad5faa883061869e4638113c9df09f421e0,three-fold OOF selection on folds 2/3/4; folds 0/1 and paper test not loaded,Refit the OOF-stable context head on folds 2-4 and freeze fold-0 evaluation.
ersrr-publish-2026-09-04,MARS_OOF_CONTEXT_RANKER_FOLDS234.md,479,9bbd4f65104c25cdf5f4d1b0a1a7789e4da394169136723c5eb3aa82735dbb18,,
ersrr-publish-2026-09-04,mars_oof_scene_ensemble_v2_all_development_refit.json,2567,64f23226441a8371e8bf675c3c91d62d49ab07ed96625e4bee3038b38d5f2503,fixed-spec all-development refit; paper test not loaded,Freeze this all-development refit for one transparent exact-paper cache evaluation.
ersrr-publish-2026-09-04,MARS_OOF_SCENE_ENSEMBLE_V2_ALL_DEVELOPMENT_REFIT.md,749,83194c9223b1bfc771bd5d21b8ee8fb83b1387eb1da2e53a5117770f44dcfe91,,
ersrr-publish-2026-09-04,mars_oof_scene_ensemble_v2_fold0.json,4840,4827c6a380010bb6a234d85298427e35ce2583051869300cbcabda3f4cb3bd06,frozen stronger OOF scene-head fold-0 evaluation; paper test not loaded,Advance the stronger OOF scene ensemble to the next confirmation stage.
ersrr-publish-2026-09-04,MARS_OOF_SCENE_ENSEMBLE_V2_FOLD0.md,650,0f727d1e94ade2f3ee4928d433a598f1e8e9004a6c851aa81dc3119544c90493,,
ersrr-publish-2026-09-04,mars_oof_scene_ensemble_v2_fold1.json,4851,8380d079039ca6c9513ca125934665351c49988429336c63287e28e4cd7d0d1c,frozen stronger OOF scene-head fold-1 evaluation; paper test not loaded,Advance the stronger OOF scene ensemble to the next confirmation stage.
ersrr-publish-2026-09-04,MARS_OOF_SCENE_ENSEMBLE_V2_FOLD1.md,650,8412b006980ca0a5d41d18687356210541b3af5a1242d306ffbc60b9475c1469,,
ersrr-publish-2026-09-04,mars_oof_scene_ensemble_v2_folds234.json,360358,b12f62e05d864739f8a278b414a415febaba0185c649b5dea901eaf4135ef157,three-fold OOF selection on folds 2/3/4; folds 0/1 and paper test not loaded,Refit the selected head on folds 2-4 and advance it to untouched fold-0 evaluation.
ersrr-publish-2026-09-04,MARS_OOF_SCENE_ENSEMBLE_V2_FOLDS234.md,522,0c5a0f15bdf2e3f2a3d8678b9d867e09be00d161ff27155b653c6c5873481035,,
ersrr-publish-2026-09-04,mars_paper_model_initialization_audit.json,2251,c419047c43e06d0f3611d53b9d5124920469024aaa9bb0bd0deb308fba370c85,independent released-checkpoint equivalence before successor training,
ersrr-publish-2026-09-04,MARS_PAPER_MODEL_INITIALIZATION_AUDIT.md,594,5d9de8f5348f12e4f012a76d4910df9443cf6a3af1da8f2fd8ee7a607917b7c5,,
ersrr-publish-2026-09-04,mars_paper_released_development.json,19009,4085d6e1e3683dfe4f73d25fd1bc0906a756b7433cc850ed64392db08f1f7935,frozen site-held development; sealed paper test not loaded,
ersrr-publish-2026-09-04,MARS_PAPER_RELEASED_DEVELOPMENT.md,449,81535643bfb882fe885e2edb4d7bff5acf1796bbc64eee61e1ee3755f91f9de9,,
ersrr-publish-2026-09-04,mars_paper_residual_fold0_seed606.json,130664,bdef783ed90209337426af1f300efe25b9d35109ced49f4fc81d6dec14d7517c,site-held architecture development; sealed paper test not loaded,Do not advance: at least one predeclared primary-fold point gate failed.
ersrr-publish-2026-09-04,MARS_PAPER_RESIDUAL_FOLD0_SEED606.md,463,4d747bf8d4899f75b887e96b6c27197ac4c97d6ff1cea008fa331d6f393106c8,,
ersrr-publish-2026-09-04,mars_paper_residual_fold0_trust_region.json,85309,bb9763a9bdbf0ddd14c3e1c718af9bceff47e0a1c6f04a4749833968368b79b5,fold-0 development architecture selection; fold 1 and paper test not loaded,Reject the trust-region blend on fold 0; proceed to source-aligned fitting.
ersrr-publish-2026-09-04,MARS_PAPER_RESIDUAL_FOLD0_TRUST_REGION.md,845,ece235bc84aecae7b66be658060a8993ecdd264205db4cce0bfb80f97a9c26a1,,
ersrr-publish-2026-09-04,mars_paper_residual_fold1_seed606_epoch7_training.json,7025,0dad5d136065ff425e020726b1e0bbc29199d16f7b100a342c406d8ed7888db3,site-held architecture development; sealed paper test not loaded,Fixed epoch-7 fold-1 residual trained without reading fold-1 labels; the frozen end-to-end confirmation remains sealed.
ersrr-publish-2026-09-04,MARS_PAPER_RESIDUAL_FOLD1_SEED606_EPOCH7_TRAINING.md,239,fe15cd2a9a5ecf75b2e597404d588e5ff6ed31412326e4b8c97e5ac61d690e19,,
ersrr-publish-2026-09-04,mars_paper_residual_fold1_trust_analysis.json,131612,6d06fde3790cc5e0cc1f0039f256ec5dd2acaeca86ae990bee5679b701f6efeb,fold-1 development architecture analysis; paper test not loaded,Reject the trust-region blend on development fold 1.
ersrr-publish-2026-09-04,MARS_PAPER_RESIDUAL_FOLD1_TRUST_ANALYSIS.md,1096,c4c1aa561670272e26394a5fe657d9ce515af7afa6f2d169a0dce80cec61b337,,
ersrr-publish-2026-09-04,mars_paper_residual_smoke.json,8813,eec55ac91bee95a9d92dd51e64cb2da7fb8a0b0cbfbccc1341d994e25d3f52ea,site-held architecture development; sealed paper test not loaded,Smoke execution only; this result cannot promote an architecture.
ersrr-publish-2026-09-04,MARS_PAPER_RESIDUAL_SMOKE.md,431,d275e7e52d1b1915cff762ba00bf3fc4e003d9264e39ff3e7e9807c62698841b,,
ersrr-publish-2026-09-04,mars_paper_residual_smoke_teacher_floor.json,20357,bb40571fc5085e97027e2f69c225bad82be2e41fec6a695ec5f9a4758837b25e,site-held architecture development; sealed paper test not loaded,Smoke execution only; this result cannot promote an architecture.
ersrr-publish-2026-09-04,MARS_PAPER_RESIDUAL_SMOKE_TEACHER_FLOOR.md,431,6a0bc14c212cff9c53bfc20ee794946a5aab8961a1b65c725a01ca753d823b46,,
ersrr-publish-2026-09-04,mars_paper_v3_development_protocol.json,53233,f2481b5a35c8b1a5dd096974e481cfea593fe7b831cfeb4428e6bad324077ab3,sealed-test-blind mixed-sensor successor development,
ersrr-publish-2026-09-04,MARS_PAPER_V3_DEVELOPMENT_PROTOCOL.md,1045,63ebd4b7fca9c5577fc8ffb02ed52e454a2cc24ddc1728eaea45f421ea4fa514,,
ersrr-publish-2026-09-04,mars_physical_patch_transfer_pilot.json,42023,4a0425da9c6186a7b803c3543bb94d1c3bdb286baedc874e7f9be1aa0888e117,fold-3/fold-4 cross-fit of a 640 m source-invariant local plume detector trained with MARS and MARS-test-disjoint MethaneS2CM data,"Reject this pilot without opening fold 2, external development, or the paper test."
ersrr-publish-2026-09-04,MARS_PHYSICAL_PATCH_TRANSFER_PILOT.md,458,9bdf0a1baeb06b3c446639f83a776150b8bf36a17919753673d3f8f51ecaa481,,
ersrr-publish-2026-09-04,mars_physics_guided_teacher_balanced_pilot.json,6832,fd6dcbb78239f37029f78b3169c7b87cec4c2cce272febe60d00b6ac7c9e65af,balanced-request physics-guided released-U-Net adapter v2 pilot,Reject balanced adapter pilot before full cross-fit or external scoring.
ersrr-publish-2026-09-04,MARS_PHYSICS_GUIDED_TEACHER_BALANCED_PILOT.md,1751,0808285b2d5cda8ed48ee054bbe7234225b1b07b787dd35521f1e3e1a3bce671,,
ersrr-publish-2026-09-04,mars_physics_guided_teacher_pilot.json,18676,aa98f3111ea45c072f300f201616985145920d242557086c8466135acfb8efc8,development fold-2 physics-guided released-U-Net adapter pilot,Reject adapter pilot before full cross-fit or external scoring.
ersrr-publish-2026-09-04,MARS_PHYSICS_GUIDED_TEACHER_PILOT.md,1316,cec174421aed68477773de4874ba0621b9f0658845751af492906c9480b40279,,
ersrr-publish-2026-09-04,mars_pilot_baselines.json,19422,59d732e2116e1ab384428acb39311feb8dc3864f0cbb2c937c564542617384e6,contract_smoke_test_not_accuracy_claim,
ersrr-publish-2026-09-04,MARS_PILOT_BASELINES.md,1931,e1d72cf4399911579969cc61cd1a73a7fd978d8268715ac6ae4d0517cc5c1552,,
ersrr-publish-2026-09-04,mars_prior_reference_complementarity_folds34.json,16461,528a45f70340867fceac98ba193ae478276b5e0d20883a9e952561e9ba6011d0,,FAIL: retire the prior-reference architecture before model fitting.
ersrr-publish-2026-09-04,MARS_PRIOR_REFERENCE_COMPLEMENTARITY_FOLDS34.md,1092,a4266e033ade10e44d4a6ba12fe6111d40a78a33dcbefd4f5848726e41cb5297,,
ersrr-publish-2026-09-04,mars_prithvi_100m_cls_probe.json,74653,d5cd5ad6457d0234f186ac42b638c61886df77c3c9003eb566a7f4e1897ad6e9,folds-3/4 cross-fit viability test of a frozen Prithvi-EO-2.0-100M-TL CLS probe fused with the Gaussian+DOFA champion,Reject Prithvi-100M CLS fusion before confirmation or external scoring.
ersrr-publish-2026-09-04,MARS_PRITHVI_100M_CLS_PROBE.md,335,e7f5e1cf7170b5e0259addb847145a3b70d953b096d5fee3ba4df9230bf819b4,,
ersrr-publish-2026-09-04,mars_prithvi_100m_cls_probe_smoke.json,185,bcf185a28d98db52bb8d56ba15b2c3352110086b9f5996f14fc80b8b697c9a58,finite Prithvi-100M probe smoke; no held metric,
ersrr-publish-2026-09-04,mars_prithvi_domain_adaptive_v1_superseded.json,1580,18b8070d638dce61bdd51e2295ceac3d79cd9d93b27f2d432ac165c32ccc6b22,,
ersrr-publish-2026-09-04,MARS_PRITHVI_DOMAIN_ADAPTIVE_V1_SUPERSEDED.md,820,86773a96492f4e6e3bc989854c936de195d75ed337834e8fa0c21c3d1efeecb9,,
ersrr-publish-2026-09-04,mars_prithvi_domain_adaptive_v2.json,37712,2e3fd4d8ae0e4d01915e4c89ad5953f6d80ddae5dd27978b64ae789f82be5638,strict MARS folds3/4 cross-fit; no folds0/1/2 or official data,REJECT
ersrr-publish-2026-09-04,MARS_PRITHVI_DOMAIN_ADAPTIVE_V2.md,2658,099579aff88c0b6b52cc0d2286e0cc68db79374a3a969608165c515647d6f595,,
ersrr-publish-2026-09-04,mars_prithvi_lora_scene_model.json,53872,0a45863d3192d363550d1a16609fc39a595e1f61a0947460448efd4f60fd0dcd,development-only patch-supervised Prithvi LoRA pilot; no fresh or paper inputs,Reject LoRA pilot before external scoring.
ersrr-publish-2026-09-04,MARS_PRITHVI_LORA_SCENE_MODEL.md,1356,9e5ffeb021f04e452a425e91ef1dcc32505613b01307e16ffbe181b009cb7c27,,
ersrr-publish-2026-09-04,mars_prithvi_physical_scene_probe_folds34.json,11371,f12a36af99d6b399f2292d45d68cd93e446220388aedea0f9936315bf76e2bcd,development-only physical-radiometry Prithvi selection on folds 3/4,Reject the physical-radiometry Prithvi candidate before fold-2 extraction.
ersrr-publish-2026-09-04,MARS_PRITHVI_PHYSICAL_SCENE_PROBE_FOLDS34.md,699,2f56f55fc771a499f97f82127044df819d27a19e6e90e63add3ed2a05cc596a4,,
ersrr-publish-2026-09-04,mars_prithvi_scene_probe.json,43717,7b8c935bba06feaefd38559175f4e25474687490547eaa3340ec04b502d2750d,development-only Prithvi transfer probe; paper test not loaded,Freeze the Prithvi scene complement for one transparent paper benchmark.
ersrr-publish-2026-09-04,MARS_PRITHVI_SCENE_PROBE.md,723,772d18de3eabe8f0febef6931465bb28c61cae02e33f6690a66ff3c677263b88,,
ersrr-publish-2026-09-04,mars_prithvi_scene_probe_paper_posttest.json,7720,21f905944c24c119b5412fe6d2e626353f07381d3866811607d92492c25bcc89,transparent post-test Prithvi scene-probe replay on exact paper comparator,Reject the Prithvi complement as the final successor; at least one exact paper gate fails.
ersrr-publish-2026-09-04,MARS_PRITHVI_SCENE_PROBE_PAPER_POSTTEST.md,723,a9023c67ac1853a627e5d621bacc2ea4929d3d17ed2b5417359fb99a3353a5c1,,
ersrr-publish-2026-09-04,mars_prithvi_spatial_head.json,21376,77507f57de075a7b47adf36831d93830900db51062484ee48765094dea1a3f2f,two-seed five-fold spatial Prithvi development experiment; paper cache not loaded,Reject the spatial Prithvi head before paper scoring.
ersrr-publish-2026-09-04,MARS_PRITHVI_SPATIAL_HEAD.md,215,3d72efa10803766bb9ae228f3bf37842e3f4f4198b0355ecde6b6f419ae1191c,,
ersrr-publish-2026-09-04,mars_protected_bisensor_expanded_unep.json,49344,3e70513986192dda3b7aadc8feed6a5b12ce6e11eaaef2691e9deb7859efc96c,controlled fold-3/fold-4 repeat of recall-protected bi-sensor anchored adaptation with the expanded 160-row real UNEP auxiliary manifest,"Reject this architecture before external development, fold 2, or official-test scoring."
ersrr-publish-2026-09-04,MARS_PROTECTED_BISENSOR_EXPANDED_UNEP.md,585,7d8b54228e69f402781fd5dd3cbdcf0fb6d6255020dc0e06cf8a3f93962ca623,,
ersrr-publish-2026-09-04,mars_protected_bisensor_expanded_unep_cache_repeat.json,49986,08f5ed7dbf9c7085f9393b37fdb1fd34fcdb673e82ad41225544f00d373f54da,same-seed replication of the expanded-UNEP protected cross-fit with a compact identity-aligned scene-score cache for preregistered independent-signal fusion,"Reject this architecture before external development, fold 2, or official-test scoring."
ersrr-publish-2026-09-04,MARS_PROTECTED_BISENSOR_EXPANDED_UNEP_CACHE_REPEAT.md,585,d0bcfcd387c188c98344d6950a54095f6060b0803de8170aee61e86ee2c08618,,
ersrr-publish-2026-09-04,mars_protected_bisensor_expanded_unep_fold2_cache.json,23710,a801b317c3f7690cca5d1afad283c77a95700ade435738378fa859afb4ac5b26,single new-seed anchored-U-Net endpoint fit on folds 3+4 and scored once on fold 2 for the fixed protected ensemble confirmation,"Reject this architecture before external development, fold 2, or official-test scoring."
ersrr-publish-2026-09-04,MARS_PROTECTED_BISENSOR_EXPANDED_UNEP_FOLD2_CACHE.md,585,cd5119ebf20fc18526935f8db8d2d1c1256df7075c770fa01d88239ace92da53,,
ersrr-publish-2026-09-04,mars_protected_bisensor_finetune_pilot.json,49354,0c3e2f2253316c714f1b58f39092bf6cc9e5b445823a46be27a5b1e1ebd818af,fold-3/fold-4 cross-fit of recall-protected bi-sensor fusion over weight-anchored full released-U-Net adaptation,"Reject this architecture before external development, fold 2, or official-test scoring."
ersrr-publish-2026-09-04,MARS_PROTECTED_BISENSOR_FINETUNE_PILOT.md,585,4c00de243b709141a2bfcd56df82ac8cd99b35ac1a64e223cd2f9305b818d279,,
ersrr-publish-2026-09-04,mars_recall_anchor_diagnostic.json,9725,342844238687f122bbabb3e963c8d98d829f5fc6a91c95dd6087475b493824d9,development-only complementarity audit for a recall-anchored dual-expert successor,continue_to_recall_anchored_architecture
ersrr-publish-2026-09-04,MARS_RECALL_ANCHOR_DIAGNOSTIC.md,1306,78fd32ab71c7d65f2e024a818bf62236c0e90e693ab290b07cdc8cf09291d125,,
ersrr-publish-2026-09-04,mars_released_model_baseline.json,3528,4b0d59c3efb022e3fbee1c2c78b25dab9b1aff981b4720a3ae65c5cb16b83af1,released_marss2l_on_frozen_strict_spatial_development_cohort,
ersrr-publish-2026-09-04,MARS_RELEASED_MODEL_BASELINE.md,872,904606c22a09d3428117e85de5216d0752c6a75d40be63bec03f110023558428,,
ersrr-publish-2026-09-04,mars_released_model_full_strict_baseline.json,4047,433301db9591a10d6f702fb31b9fc34992f2704c1d074a8e897b71fe6c83c653,released_mars-s2l_on_frozen_full_strict_spatial_cohort,
ersrr-publish-2026-09-04,MARS_RELEASED_MODEL_FULL_STRICT_BASELINE.md,880,c25d99cf0df5e249eb22b0fbbd32526b1d277f47c3454161fad6eefe2304a114,,
ersrr-publish-2026-09-04,mars_residual_endpoint_blend_fold0.json,141735,bd5b6e6aa12bb683ab4431b4538014efb852875c4390c3a83bdf9f15951806eb,fold-0 development architecture selection; fold 1 and paper test not loaded,Reject the retained endpoint blend on fold 0.
ersrr-publish-2026-09-04,MARS_RESIDUAL_ENDPOINT_BLEND_FOLD0.md,1087,b25b4e0d10e6ca4bbb4ced5c58d62698a325675543f544db26a30f27e604018b,,
ersrr-publish-2026-09-04,mars_rex_spatial_classifier.json,20886,008df042388e601740f3c24088efda9356da38dea5eb542b8d7ce52409230d37,two-seed five-fold V-REx spatial development experiment; paper cache not loaded,Reject V-REx spatial model before paper scoring.
ersrr-publish-2026-09-04,MARS_REX_SPATIAL_CLASSIFIER.md,239,c3d9cad68e4220846efce7e6c3f118314fe47063131c8a01c50c7702c69636db,,
ersrr-publish-2026-09-04,mars_robust_prithvi_ranker.json,111849,160f042fde8662020fe5b3fd6ba02e04301aea36dc6a11df1ed86bfb282c0f3b,development-only worst-domain pairwise-AUC Prithvi ranker; no fresh or paper inputs,Reject robust Prithvi ranker before fresh or paper scoring.
ersrr-publish-2026-09-04,MARS_ROBUST_PRITHVI_RANKER.md,365,c5d05971fc932f27ca90691416cee4437f6a94c16465043899052d32e8334a38,,
ersrr-publish-2026-09-04,mars_robust_site_template_ranker.json,142719,16a3928c9ea7dcc3f25e2ba3c62fededc231655e0436c3d35d6eb2e4006e8a88,fold-3/fold-4 robust site-history crossfit; no other outcome partition loaded,Reject robust site-template ranking before fold-2 access.
ersrr-publish-2026-09-04,MARS_ROBUST_SITE_TEMPLATE_RANKER.md,438,bfdc43ba547fdea08e336298961f2b656543c9a978753b34657ea7e93ae9e546,,
ersrr-publish-2026-09-04,mars_scene_domain_routing_confirmation.json,20236,fd4548ce5691b505c7f67126ab60eb39f256ece669fbb1b224e785ff8cce2e14,post-test diagnosed rule reverse-validated on development folds; paper labels not loaded by this tool,Reject the post-test scene routing rule because development reverse validation failed.
ersrr-publish-2026-09-04,MARS_SCENE_DOMAIN_ROUTING_CONFIRMATION.md,584,31ca084efa9a0bd58a28a820a34826bc05c9aaef385ecfaf43e4cb7676c2a684,,
ersrr-publish-2026-09-04,mars_scene_gated_masks.json,65510,08d6e8f38e357d0191245dadc3295cef4252a933e99b7a58ad49751ef58fd178,development-only cross-fitted scene-gated masks; paper test not loaded,Freeze the scene-gated mask rule for one transparent post-test paper-cache replay.
ersrr-publish-2026-09-04,MARS_SCENE_GATED_MASKS.md,846,123ee809e21ba7b4db61978f6772c186a48487c0e965e4b0fdca3a089e9cbe87,,
ersrr-publish-2026-09-04,mars_scene_gated_spatial_paper_posttest.json,8142,b943dce218f6308b31e681412a84f7abeb05119ae9c43a1a4ca9203b25db7fe4,transparent post-test scene-gated spatial successor on exact paper cache,"Dense segmentation now passes both exact paper views, but at least one scene-level superiority gate remains unresolved."
ersrr-publish-2026-09-04,MARS_SCENE_GATED_SPATIAL_PAPER_POSTTEST.md,800,b25cf1c3a6f63d5abb6bd1a19b19bc44395795d8b4308e8c82ae5e55c7df3fe5,,
ersrr-publish-2026-09-04,mars_scene_ranker_fold0.json,4241,02e130c701c14c0739263e8e6a2b0c813711a5cdb5de91dd8792e74f92f0a043,one-shot fold-0 architecture selection; fold 1 and paper test not loaded,Reject the frozen scene-head architecture on fold 0.
ersrr-publish-2026-09-04,MARS_SCENE_RANKER_FOLD0.md,421,f4ce6e85cea9918f3c20972adf048e4967c446710822ae7919b3b31c39b97880,,
ersrr-publish-2026-09-04,mars_scene_ranker_inner_fold2.json,166583,20c82ea36024dbaa5f1fd56673a139a63945b07c1ade4a706acbd3cda2f5fcec,"inner selection: train folds 3-4, validate fold 2; folds 0/1 and paper test not loaded","Freeze this scene head, refit it on folds 2-4, then evaluate fold 0 once."
ersrr-publish-2026-09-04,MARS_SCENE_RANKER_INNER_FOLD2.md,396,e2e9694ceab8ed1b93307366461783435ba22a1ba5190be771018f2e7df349da,,
ersrr-publish-2026-09-04,mars_scene_stacker_v3.json,91225,2b999787c27e3a58fe5ba3b9be891b6ea0aaa43b46a0661e08151d3fa3dc4dff,development only; paper-test labels and scores are not loaded,Reject the stacker before any paper-test evaluation.
ersrr-publish-2026-09-04,MARS_SCENE_STACKER_V3.md,671,e5b5ae4bbce66dac4bc145093d9ca0d2a757a6bbf837a418da51c399cf8a5478,,
ersrr-publish-2026-09-04,mars_scene_stacker_v3_paper_posthoc.json,6505,1fffa2fc4cf5ab61ef4f6a1c64a7cb155f2a4c8f4adf3320e0257a0729f40d4d,post-test diagnosis of a development-rejected stacker; not confirmation evidence,Reject the stacker; it does not solve the exact paper scene gates.
ersrr-publish-2026-09-04,MARS_SCENE_STACKER_V3_PAPER_POSTHOC.md,494,9c19e66a9aeeb1bbfe0e42adf65267c737dbbb491dd3359c45e21fe43113184c,,
ersrr-publish-2026-09-04,mars_selective_proposal_transformer_folds34.json,18250,24467dc3069ce19f405a6e821b2f84089217a5fbd48d981ab0a3f2e3d5ef15f7,"two-fold, two-seed selective proposal-verifier transformer on authorized MARS folds 3/4",reject_selective_proposal_transformer
ersrr-publish-2026-09-04,MARS_SELECTIVE_PROPOSAL_TRANSFORMER_FOLDS34.md,408,3a3343dc058613fd070f9f9f275440261f0b3969b3b8e25123a8f3990d076c00,,
ersrr-publish-2026-09-04,mars_selective_proposal_transformer_smoke.json,381,7b05410056f4a5a5d08bf24f3a3ab266c3d78849870639b6416642a4669b8fbe,,
ersrr-publish-2026-09-04,mars_sensor_mask_thresholds_confirmation.json,5641,a93a38d43eb37af661744ddebd38b5b7f62fa31d297fbea14e8606a84b1b8781,all development folds; paper test not loaded,Advance the frozen sensor-specific mask rule to a transparent post-test benchmark evaluation.
ersrr-publish-2026-09-04,MARS_SENSOR_MASK_THRESHOLDS_CONFIRMATION.md,627,400e676c59aaba78ec598233f1ee8f8a774af2e0f955d6a6ae5946c2cf1483c4,,
ersrr-publish-2026-09-04,mars_sensor_ordinal_folds34.json,24334,11495a4af8125cc521d64260667b5ac872bbb6eb5e9b097e41c4201b6e870d02,development folds 3/4 only,stop_no_second_seed
ersrr-publish-2026-09-04,MARS_SENSOR_ORDINAL_FOLDS34.md,925,c52f859f837ccfa08964be2d074a8546a3b8d3c821bca7f54a8aaec756e6b3db,,
ersrr-publish-2026-09-04,mars_sensor_ordinal_held_attempt_failure.json,9340,2c05b60945a7f9d7c50864efd55639e122ac32d12926ab1b33d183cd3336352e,,infrastructure_failure_not_scientific_rejection
ersrr-publish-2026-09-04,mars_simulation_augmented_counterfactual_ranker_folds34.json,120926,2a3c5ade34816d88567bfe7c467e817fef7dff3ee33cbfb6fe38199290209b6f,fold-3/fold-4 honest cross-fit with fit-fold-only same-background simulation,Reject same-background simulation augmentation before fold-0/1/2 or external extraction.
ersrr-publish-2026-09-04,MARS_SIMULATION_AUGMENTED_COUNTERFACTUAL_RANKER_FOLDS34.md,325,002dcfbc7c5d582e619266ad6d3eb85e6e08222fa6f0c6cbc48e6a75d6bce91b,,
ersrr-publish-2026-09-04,mars_site_relative_spatial_classifier.json,38207,c2b6695dbe24f0b5bc097d89c6fa6332c2af93441079cd55bec99e77aeeb820f,"development only; paper-test labels, scores, and imagery are not loaded",Freeze the site-relative spatial model for one transparent exact-paper replay.
ersrr-publish-2026-09-04,MARS_SITE_RELATIVE_SPATIAL_CLASSIFIER.md,787,2a479e1ef27dab474fd2761bee181e68c741766499c3d8a7edbe56d0fb9d7343,,
ersrr-publish-2026-09-04,mars_site_relative_spatial_development_scores.json,2029,1e244406684d07fcbecf62c607d2721cb16e121b77d11eb01a1b9d1fdb338bb6,label-free score reproduction on authorized development folds only,
ersrr-publish-2026-09-04,mars_site_relative_spatial_paper_posttest.json,8019,7d99569bb915baa456741055a1309aceb550313662a747612c1c65ce28b3d19e,transparent post-test site-relative spatial replay on exact paper comparator,Reject the site-relative spatial model as the final successor; at least one exact paper gate fails.
ersrr-publish-2026-09-04,MARS_SITE_RELATIVE_SPATIAL_PAPER_POSTTEST.md,770,61379de4a19c3ff093136dfa7ee9b04372172dcc747a5a105bb895adae061b5a,,
ersrr-publish-2026-09-04,mars_site_risk_prior.json,341264,108b853371b8e348de3b492d340359724fd1081b616c140f3e723d986c0c59b9,development-only cross-site risk prior; exact paper cache not loaded,Reject the cross-site risk prior before fresh or paper evaluation.
ersrr-publish-2026-09-04,MARS_SITE_RISK_PRIOR.md,217,fce03d46c283af2208b2678fe0879f3efb088d5bdc6e4d1d18a1f14b08fe5a7a,,
ersrr-publish-2026-09-04,mars_source_aligned_fold0_seed707.json,86260,29ac72c9c7f2a83c792571ea2c30026816c76242c5aa21904dcf05b36bfb5237,site-held development; fold 1 and paper test not loaded,Reject source-aligned residual on fold 0.
ersrr-publish-2026-09-04,MARS_SOURCE_ALIGNED_FOLD0_SEED707.md,383,757372693ee120e79cd5389a601e6ecc9b83a67f25c63e04ffbd0f1eb38e28c6,,
ersrr-publish-2026-09-04,mars_source_aligned_smoke_seed707.json,19503,380c4dd47b0eae96546d78282803081922d5ed70620766abf6f842b1a209b214,site-held development; fold 1 and paper test not loaded,Smoke only; no promotion.
ersrr-publish-2026-09-04,MARS_SOURCE_ALIGNED_SMOKE_SEED707.md,349,e188946528932aff170bb79c5b64053b18dfd6f6aa34e652054958c51081185b,,
ersrr-publish-2026-09-04,mars_spatial_hard_ranker.json,576732,55726830efa06f98339ecc5df662a124f7bc8a504c34d974589734b54842435e,development only; paper-test labels and imagery are not loaded,Freeze the hard ranker for a transparent post-test paper benchmark.
ersrr-publish-2026-09-04,MARS_SPATIAL_HARD_RANKER.md,827,9b788a6df3727e25d644fa849e8db6418872c5abeacfe290ba144c775d8c6565,,
ersrr-publish-2026-09-04,mars_spatial_hard_ranker_paper_posttest.json,7503,f9cbe235c7f05fa830001df264e8d1942c61ecc57aea2ace661855139aa9b577,transparent post-test development evaluation on exact paper rows and comparator,At least one exact paper superiority gate remains unresolved.
ersrr-publish-2026-09-04,MARS_SPATIAL_HARD_RANKER_PAPER_POSTTEST.md,630,a34680fc50b4b2d4073b8e913ed7a5f417f19a1c18a5cd0aa964943fbaf8f1c3,,
ersrr-publish-2026-09-04,mars_spatial_prithvi_calibration.json,3520,b92e60d900e511fa197a262ee5f24bcda9eff5524468357a43fbc0439c83a6df,development-only monotone negative-logit calibration,Reject calibration before fresh re-evaluation.
ersrr-publish-2026-09-04,mars_spatial_prithvi_ensemble.json,103832,6cf8b8da7a63d8a124137def4fdc408f02f84a9858adfda206614c3cc2213ff1,development-only non-temporal representation ensemble; paper cache not loaded,Freeze the spatial-Prithvi ensemble for fresh safety evaluation.
ersrr-publish-2026-09-04,MARS_SPATIAL_PRITHVI_ENSEMBLE.md,235,ae08a31399cd98fe19c43919b1267eabaadae16154c4990f07952b91dd2a8ec0,,
ersrr-publish-2026-09-04,mars_spatial_prithvi_ensemble_paper_posttest.json,11496,c9ad10c0cb0ba6314b44935829187712d450c5bf74dca02de9d5f3005e4827f9,transparent post-test calibrated spatial-Prithvi ensemble replay on exact MARS-S2L v3 comparator,The frozen ensemble does not beat the exact MARS-S2L v3 comparator on every required gate.
ersrr-publish-2026-09-04,MARS_SPATIAL_PRITHVI_ENSEMBLE_PAPER_POSTTEST.md,882,ebc469f11d568f3c47db55d86f416cd3793a74509f2dc5420b8a94cea653b89d,,
ersrr-publish-2026-09-04,mars_spatial_prithvi_negative_cdf_calibration.json,5171,334feb1937edab7b6949c2bcb89ad68508f0c35a274081defe17da3c345dd1b6,development-only negative empirical-CDF dominance calibration,Freeze negative-CDF calibrated ensemble for transparent fresh replay.
ersrr-publish-2026-09-04,mars_spatial_prithvi_tail_calibration.json,4617,30b81690ac4c28322e25496091391e6b2bb97e06446bcf3fcf28f3f95a2f263b,development-only monotone p95 and exact-tail calibration,Freeze tail-calibrated ensemble for transparent fresh safety replay.
ersrr-publish-2026-09-04,mars_spatial_scene_classifier.json,462000,dfeba0d4e8dde28ae880077c0db2010ccda5c57f58d293f4d3f834b541605c22,development only; paper-test labels and imagery are not loaded,Freeze the spatial classifier for a transparent post-test paper benchmark.
ersrr-publish-2026-09-04,MARS_SPATIAL_SCENE_CLASSIFIER.md,797,36a4987288f37d7987bd9db4d5fbac52fe5363d2902fc4499b102d12f83bbe07,,
ersrr-publish-2026-09-04,mars_spatial_successor_paper_posttest.json,7515,77d6f3592571341c6b18b8f0a266c7696f5f6d0dbd5faedb7ce41a7b3430edf3,transparent post-test development evaluation on exact paper rows and comparator,At least one exact paper superiority gate remains unresolved.
ersrr-publish-2026-09-04,MARS_SPATIAL_SUCCESSOR_PAPER_POSTTEST.md,630,8ec540241d616f4709f55c6a0d688c7479ba4066de8655e131993785d7cd7f13,,
ersrr-publish-2026-09-04,mars_successor_fold1_confirmation.json,4503,eff2327aaf08b87ea54c6d7e0929c9ed6f3e5bc6a7c9e10d0dcb4e51e99ab5d0,single sealed independent fold-1 confirmation; paper test not loaded,Independent fold-1 confirmation failed; do not open the paper test.
ersrr-publish-2026-09-04,MARS_SUCCESSOR_FOLD1_CONFIRMATION.md,433,a581bdfde6a0ff9d741c81721636e0c4395caf6ed1bd2bb2f572bb593d5bee5d,,
ersrr-publish-2026-09-04,mars_successor_paper_test.json,13457,7e3bc6f45af2b116d654f6e3bbec82a78c3d54b1f1d9d1219e6d6201ac094a01,deterministic metric correction of the frozen official MARS-S2L paper-v3 test evaluation,Frozen ERSRR successor does not pass every preregistered paper-superiority gate.
ersrr-publish-2026-09-04,MARS_SUCCESSOR_PAPER_TEST.md,549,e46cf04fd3b16f444dd8ac4e4618dd2465b9c3f83917cf463edd0b5bd6889b24,,
ersrr-publish-2026-09-04,mars_successor_paper_test_v2_posttest_sensor_mask.json,13767,1986ad46fa3de4630d7676769df81e982d5a9b1e7a7cec83589ca5f9b314b9c0,transparent post-test architecture evaluation on the official MARS-S2L paper-v3 cohort,Frozen ERSRR successor does not pass every preregistered paper-superiority gate.
ersrr-publish-2026-09-04,MARS_SUCCESSOR_PAPER_TEST_V2_POSTTEST_SENSOR_MASK.md,549,4ad374df70611ae7244408a46e2fb386babc78c8ed1bf285e14d9f7afd9bdbd6,,
ersrr-publish-2026-09-04,mars_successor_paper_test_v3_posttest_scene_ensemble.json,13990,6086f09d9948fde846b83a01c4ce6bdba2080d43a2f4cb409fa2e1de470a065a,transparent post-test architecture evaluation on the official MARS-S2L paper-v3 cohort,Frozen ERSRR successor does not pass every preregistered paper-superiority gate.
ersrr-publish-2026-09-04,MARS_SUCCESSOR_PAPER_TEST_V3_POSTTEST_SCENE_ENSEMBLE.md,549,0e9aa8b623ecfd45a7c9da91268b75561ed871516d0fa277ce7763b56c7ccb65,,
ersrr-publish-2026-09-04,mars_target_mixture_temporal_spatial.json,168525,a6869be182769ffce4ce93466a3b056bddc2624f23a367b63198f8128668e0dc,development-only target-mixture transport simulation; exact paper cache not loaded,Reject target-mixture ensemble before fresh or paper evaluation.
ersrr-publish-2026-09-04,MARS_TARGET_MIXTURE_TEMPORAL_SPATIAL.md,428,d8b7eb1a23f38f4654abcfcb848440c5277d9980c6fa35e1e56a7bbb196094c8,,
ersrr-publish-2026-09-04,mars_target_weighted_scene_head.json,36144,1926e16e912e8e3aecc9df5fc1fc6b29d3b2b6af4e0d1d3e9ccd6252999af6a3,five-fold unsupervised target-weight simulation; paper cache not loaded,Reject unsupervised target weighting before paper adaptation.
ersrr-publish-2026-09-04,MARS_TARGET_WEIGHTED_SCENE_HEAD.md,738,ae0bf2368550939ec0d170d249e8cf6124d18e91f111a2a43b4fb61649cc4bf3,,
ersrr-publish-2026-09-04,mars_target_xgboost_consensus.json,26105,bdd8c1f0ccb7472b0ab3c7f54ab48d720cd39ece212e475438849c981f3a6212,five-fold development-only target/XGBoost consensus; paper cache not loaded,Reject consensus before paper adaptation.
ersrr-publish-2026-09-04,MARS_TARGET_XGBOOST_CONSENSUS.md,576,1141905ed372f0f625e53f39e1a27d00003d09b56d35b5a135b6d025d02cae87,,
ersrr-publish-2026-09-04,mars_temporal_site_prior.json,306846,e91261cceec69b69f2de24cb25889e630693d478ecaba4806f1767060fd6299b,development-only temporal site-prior selection; exact paper cache not loaded,Reject the temporal site prior before fresh or paper evaluation.
ersrr-publish-2026-09-04,MARS_TEMPORAL_SITE_PRIOR.md,364,a802cc75431198bbe7262a940a749c84e96a460ebaa7fb9985fb66e02f5668be,,
ersrr-publish-2026-09-04,mars_temporal_site_suppression.json,588979,913786dcf2243b44adaeafa011844f887116b8a45427c535dc68060fcb893199,development-only one-sided temporal suppression; exact paper cache not loaded,Reject one-sided temporal suppression before fresh or paper evaluation.
ersrr-publish-2026-09-04,MARS_TEMPORAL_SITE_SUPPRESSION.md,356,d5a36ecf5e7c832b834ecd4a92d3982264ab301a314a952c58e920b986167215,,
ersrr-publish-2026-09-04,mars_temporal_spatial_ensemble.json,782902,dc64b7aeba115456f8f7e290100d199beef8a43762607f24f5f0618553066eda,development-only temporal-spatial ensemble; exact paper cache not loaded,Reject the temporal-spatial ensemble before fresh or paper evaluation.
ersrr-publish-2026-09-04,MARS_TEMPORAL_SPATIAL_ENSEMBLE.md,411,0da67e53f6995a79bc9be4a0fa20944dff1e22ae2f6ce72462c8f0032fc1b326,,
ersrr-publish-2026-09-04,mars_unep_positive_augmented_paper_posttest.json,8030,b9083253abf7ef48d0c1e38907431edca923687cf0e39b2023c8436be2a82182,transparent post-test replay on the exact MARS-S2L v3 comparator,At least one exact MARS-S2L v3 paper gate remains unresolved.
ersrr-publish-2026-09-04,MARS_UNEP_POSITIVE_AUGMENTED_PAPER_POSTTEST.md,770,496563243bf36293424ce91a3a52bb20ef7811e40f59e687e67a3d8c8056a8b9,,
ersrr-publish-2026-09-04,mars_unep_positive_augmented_xgboost.json,15222,2f06bba39c42081747d1862b3e7eaedf8b7777de1acad728c3a1f9b8ecef3f47,development-only UNEP positive augmentation; paper test not loaded,Freeze the augmented scene head for exact paper-cache evaluation; dense masks remain unchanged.
ersrr-publish-2026-09-04,MARS_UNEP_POSITIVE_AUGMENTED_XGBOOST.md,581,641e5ac84ced4da7f76eca4e4f2b0e282c1a0ac341c45779889597906ff4aff7,,
ersrr-publish-2026-09-04,mars_unseen_low_prevalence_router.json,898305,d59decc1ebafa2dd4fff3253275e5de6b96a0650f56261f3d8b3685f2c7070bd,development-only unseen low-prevalence routing; exact paper cache not loaded,Reject unseen low-prevalence routing before fresh or paper evaluation.
ersrr-publish-2026-09-04,MARS_UNSEEN_LOW_PREVALENCE_ROUTER.md,367,deed67d12177f485f5c98473f8be75a62b5c2030408362292d3d63fba23b13c8,,
ersrr-publish-2026-09-04,mars_v3_proposal_validation.json,7670,5b2ad3e6af4d0b771a1020e882fb985be3664ea0aa41c19561f9aa6b818a3494,v3_connected_proposal_internal_validation,Freeze the calibrated component classifier with the v3 checkpoint before strict evaluation.
ersrr-publish-2026-09-04,MARS_V3_PROPOSAL_VALIDATION.md,678,37c4f6ac1abee06917bf9de0fe419c06ae49101cabba4757c84e3244d78a70f9,,
ersrr-publish-2026-09-04,mars_v3_seed101_proposal_validation.json,7675,793516ad1974e183d8325a88ff7ee78b09177735f9985acc1495a7ca09297d2e,v3_connected_proposal_internal_validation,Freeze the calibrated component classifier with the v3 checkpoint before strict evaluation.
ersrr-publish-2026-09-04,MARS_V3_SEED101_PROPOSAL_VALIDATION.md,678,23067670f3bec098cb08265773e5038faff8e7c76b46bcc2484ee8c94bafed89,,
ersrr-publish-2026-09-04,mars_v3_seed101_strict_evaluation.json,12785,2b78525bcab2b46a7e8497a0343aa75299731830efa61cd922fe4e801f218633,frozen_v3_full_strict_spatial_evaluation,V3 does not clear the frozen full-MARS gate. Preserve this result; do not retune from strict-test behavior.
ersrr-publish-2026-09-04,MARS_V3_SEED101_STRICT_EVALUATION.md,617,fc9a46e51e2d9df9685e0ff476b8652a64e85523aa3e0ada9bf15f4543e06c9e,,
ersrr-publish-2026-09-04,mars_v3_seed101_validation.json,19207,9b352945bf4c86560c6a1d0579e413a3b8ca24c1fc18b1c77e7806ab0dbe1220,v3_internal_validation_selection,Freeze this validation-selected checkpoint before any strict-spatial evaluation.
ersrr-publish-2026-09-04,MARS_V3_SEED101_VALIDATION.md,563,32e449ea3dcb207e87520d7523bd5201ef9bd781473cf608ffd64804cfacaad5,,
ersrr-publish-2026-09-04,mars_v3_seed202_proposal_validation.json,7684,be38d290042de36d218563e229ae62af596b9b9c446198292f5483aad91425da,v3_connected_proposal_internal_validation,Freeze the calibrated component classifier with the v3 checkpoint before strict evaluation.
ersrr-publish-2026-09-04,MARS_V3_SEED202_PROPOSAL_VALIDATION.md,678,22a6a79b7834e0bdfa6421277141d9d10ac0ed8dc7e009ff8da347d8449ccd2f,,
ersrr-publish-2026-09-04,mars_v3_seed202_strict_evaluation.json,13644,ee222dc99a979acae01c737df6c331898795e99d07208e949f8345e4668263a0,frozen_v3_full_strict_spatial_evaluation,V3 does not clear the frozen full-MARS gate. Preserve this result; do not retune from strict-test behavior.
ersrr-publish-2026-09-04,MARS_V3_SEED202_STRICT_EVALUATION.md,617,dd42bc534e5313c51f98e91423e2a7962cf789a91b4d078d4dc47c21c1549cd7,,
ersrr-publish-2026-09-04,mars_v3_seed202_validation.json,27107,e8caa6c59ec776bd28e81329f0cf171a0006b1212be5c876be9c8231da4459fc,v3_internal_validation_selection,Freeze this validation-selected checkpoint before any strict-spatial evaluation.
ersrr-publish-2026-09-04,MARS_V3_SEED202_VALIDATION.md,563,873ba2ac28285c8f2cbeffef9b50b9d84a44d1d5218549013a6d4f69550b3241,,
ersrr-publish-2026-09-04,mars_v3_seed303_strict_evaluation.json,13894,1b7223558c61d142f5ca7f4dd94ae99e8f684ba7f5bf95dd0642ab043a0a777b,frozen_v3_full_strict_spatial_evaluation,V3 does not clear the frozen full-MARS gate. Preserve this result; do not retune from strict-test behavior.
ersrr-publish-2026-09-04,MARS_V3_SEED303_STRICT_EVALUATION.md,617,5cf4c0ffc965692543bd938132064c9cf81a5afb7aafe5752425fa49d6f42c83,,
ersrr-publish-2026-09-04,mars_v3_seed404_proposal_validation.json,7677,124eed939b66c699a0f04db9deb07fcec3b6439438c530fb08abdf76cb26618b,v3_connected_proposal_internal_validation,Freeze the calibrated component classifier with the v3 checkpoint before strict evaluation.
ersrr-publish-2026-09-04,MARS_V3_SEED404_PROPOSAL_VALIDATION.md,678,ab02f61f49ab8bce6a7e4d84b7b387edacc6a24f0cd7074511ac3ef4d4e79802,,
ersrr-publish-2026-09-04,mars_v3_seed404_strict_evaluation.json,13857,275df5dd22bd309fc94184b64e513fa445d302df0fb26b9dc724f28dbb089a68,frozen_v3_full_strict_spatial_evaluation,V3 does not clear the frozen full-MARS gate. Preserve this result; do not retune from strict-test behavior.
ersrr-publish-2026-09-04,MARS_V3_SEED404_STRICT_EVALUATION.md,617,9b6a5fe3e03ddbf8f3bd8afa6fbe79c0fbd46f5ace5095b624f8c3aa476b1aaf,,
ersrr-publish-2026-09-04,mars_v3_seed404_validation.json,24924,c9a1aeb65df8f7d5f9a79e207b9c48ea81f0c6e149ea4b04874eb78535d7ec2a,v3_internal_validation_selection,Freeze this validation-selected checkpoint before any strict-spatial evaluation.
ersrr-publish-2026-09-04,MARS_V3_SEED404_VALIDATION.md,563,e83adff78d1e01aed0edbd8eac0aea7dc229d4f121f2c5429f4b7adfe3171db0,,
ersrr-publish-2026-09-04,mars_v3_seed505_proposal_validation.json,7667,1f8fb6c344f1861952e9953ccf95272737a6c7a2ccdfc6f2b574b49595d55aa7,v3_connected_proposal_internal_validation,Freeze the calibrated component classifier with the v3 checkpoint before strict evaluation.
ersrr-publish-2026-09-04,MARS_V3_SEED505_PROPOSAL_VALIDATION.md,678,fb16cedae8cabd68f05c599b963bceba4f42de21e92cc8e4fd877b8e77c46923,,
ersrr-publish-2026-09-04,mars_v3_seed505_strict_evaluation.json,13740,d35e8ccf2dc16beb3a94bf29bf629798220205cc9f89ee9ed02478a3b4e364b3,frozen_v3_full_strict_spatial_evaluation,V3 does not clear the frozen full-MARS gate. Preserve this result; do not retune from strict-test behavior.
ersrr-publish-2026-09-04,MARS_V3_SEED505_STRICT_EVALUATION.md,617,6897570a52015ee55dafdf0f34994d399ba142481a923d0eaba454f53281842c,,
ersrr-publish-2026-09-04,mars_v3_seed505_validation.json,28416,000db71e4369d9c56b2729fe52bacf4117081478eb72cbb554ae9dd66fce6214,v3_internal_validation_selection,Freeze this validation-selected checkpoint before any strict-spatial evaluation.
ersrr-publish-2026-09-04,MARS_V3_SEED505_VALIDATION.md,563,afdd140e269b0598a69e0d494296ae427dc6286a63f9bbdf56f0d83a977a5a4f,,
ersrr-publish-2026-09-04,mars_v3_smoke.json,4848,323eb84c788259012f5cdad6631cc36b7853cac1e3213c2eeee6743a5d0df5d1,v3_pipeline_smoke,Pipeline contract passes. Do not interpret smoke metrics; acquire the frozen full fit/validation corpus before architecture selection.
ersrr-publish-2026-09-04,MARS_V3_SMOKE.md,571,6d450d8e9ff9e26da77d99e774d2817242168e3ad3b383435bee86b83d10c9b1,,
ersrr-publish-2026-09-04,mars_v3_strict_campaign.json,13689,2d6d722696d95c3d033df5c780df0a6981454831f76de26fa41d2f5a24d50aac,frozen_v3_five_seed_full_strict_campaign,ERSRR v3 does not clear every frozen same-cohort MARS-S2L promotion criterion; preserve the result and do not retune from strict-test behavior.
ersrr-publish-2026-09-04,MARS_V3_STRICT_CAMPAIGN.md,602,a448af4d9f5220bc61da6a24bf7ff411ed37da0b8228f5b9fd233d977775662f,,
ersrr-publish-2026-09-04,mars_v3_strict_posthoc_diagnostic.json,46555,b9ebcfaa08a857ed5b5623fcf38ddbccd4da88bdb436985955c3b6f388fcfab6,posthoc_v3_strict_diagnostic_no_tuning,"Exploratory description after the once-only strict campaign. Do not retune v3 from these strata or examples. Use them only to preregister v4 hypotheses and acquisition strata, then evaluate v4 on a newly untouched cohort."
ersrr-publish-2026-09-04,MARS_V3_STRICT_POSTHOC_DIAGNOSTIC.md,2309,b9f7dd2776322a6abaa780750514d241b40e5c146751cefe0a841afe062a1792,,
ersrr-publish-2026-09-04,mars_v3_validation.json,25662,f3e9c182c0c239801d96d4f4ac520d846b3031a0bb4153c25116d369a294d2e2,v3_internal_validation_selection,Freeze this validation-selected checkpoint before any strict-spatial evaluation.
ersrr-publish-2026-09-04,MARS_V3_VALIDATION.md,563,971a0b185a771cf04aea4a3450f7db685ae816fcc0ced22a644ac56dec4a36c4,,
ersrr-publish-2026-09-04,MARS_V4_1_EPOCH20_PROTOCOL.md,1770,32e8209c3d9a7ddcdb421e19aa6329ee60cebbb6f2f899baf2d455072e36a43a,,
ersrr-publish-2026-09-04,mars_v4_1_seed606_epoch10_validation.json,16029,8e07a14f1a445b5417922a0045da597fcf51740d536270fc40938ca9617bdf91,v4_internal_validation_selection,Reject this v4 pilot before strict-cohort evaluation because it does not match the five-seed v3 internal reference on every gate. Preserve the negative result and revise the objective; do not spend the opened strict cohort on this checkpoint.
ersrr-publish-2026-09-04,MARS_V4_1_SEED606_EPOCH10_VALIDATION.md,827,759ee62021a669e2f29a62c22be4eb081c01da8b044781ea5971fa7c312bcf48,,
ersrr-publish-2026-09-04,mars_v4_1_seed606_epoch20_validation.json,25331,4dad9fa79c9b7163eb55f23e11a3f461e9c9e846ea6fc3080a4137a6e7e1ab51,v4_internal_validation_selection,Reject this v4 pilot before strict-cohort evaluation because it does not match the five-seed v3 internal reference on every gate. Preserve the negative result and revise the objective; do not spend the opened strict cohort on this checkpoint.
ersrr-publish-2026-09-04,MARS_V4_1_SEED606_EPOCH20_VALIDATION.md,827,558f69f6330f3c665df08e83a59eafd105ac9c22336301bc9f50f665f8b9c0a9,,
ersrr-publish-2026-09-04,mars_v4_1_smoke.json,6279,1f3398a73893cfb414177e12692bf224cb1ad302dac0ddbcb50aac6d78f75239,v4_pipeline_smoke,Pipeline contract passes. Do not interpret smoke metrics.
ersrr-publish-2026-09-04,MARS_V4_1_SMOKE.md,455,58b6f02ee8000940bb0039c58bef2ba857539d7c8b630380159f0d7d1f70a1c9,,
ersrr-publish-2026-09-04,MARS_V4_2_MULTISEED_PROTOCOL.md,2395,23b2eb0ab80cba48acd69f8a906ed30454a75eb4ef4f3bd993bfc10d8892128d,,
ersrr-publish-2026-09-04,mars_v4_2_nested_scoring.json,30578,b6d7911e541409ef773ee3767c628fee334ceadcdfb9c4348f3c981d7ad24d3c,v4_2_internal_group_held_scene_score_selection,Reject the v4.2 morphology ranker before strict evaluation because its group-held estimate does not clear every v3 development gate. Preserve the result and do not select a formula from strict behavior.
ersrr-publish-2026-09-04,MARS_V4_2_NESTED_SCORING.md,752,b082192aab1c0f0b4a17106ff838279365a73537e1461a5ef8f7ae80eca0fbaa,,
ersrr-publish-2026-09-04,mars_v4_2_seed606_validation.json,25327,36661657477a40d3791e800bd0aa61ef6f793e5a76f171c3213f88fedada4fc7,v4_internal_validation_selection,Reject this v4 pilot before strict-cohort evaluation because it does not match the five-seed v3 internal reference on every gate. Preserve the negative result and revise the objective; do not spend the opened strict cohort on this checkpoint.
ersrr-publish-2026-09-04,MARS_V4_2_SEED606_VALIDATION.md,827,f582a35ae4f634c56ac721b6fa392e00865191c2047a054e9f75834efdcc0322,,
ersrr-publish-2026-09-04,mars_v4_2_seed707_validation.json,25316,2ea899f3b63c1ccb8c8efb7c00a9e03e1a92addb3dafdca9c9d6e43c5c1cead0,v4_internal_validation_selection,Reject this v4 pilot before strict-cohort evaluation because it does not match the five-seed v3 internal reference on every gate. Preserve the negative result and revise the objective; do not spend the opened strict cohort on this checkpoint.
ersrr-publish-2026-09-04,MARS_V4_2_SEED707_VALIDATION.md,827,279a05e39b8c628148f9fd1019087876e5fbedce35c8cdd8093c2153ac0e91b0,,
ersrr-publish-2026-09-04,mars_v4_2_seed808_validation.json,25486,c7400fc89459dc5d4293bda45152d4be83ba2907250771699a63c892bb2065a8,v4_internal_validation_selection,Reject this v4 pilot before strict-cohort evaluation because it does not match the five-seed v3 internal reference on every gate. Preserve the negative result and revise the objective; do not spend the opened strict cohort on this checkpoint.
ersrr-publish-2026-09-04,MARS_V4_2_SEED808_VALIDATION.md,827,f8ce56fadb8c7cd466ab6ef4824ef72afb121eb12f459d3a2750c90564d0607b,,
ersrr-publish-2026-09-04,mars_v4_2_smoke.json,6394,7bba755fde50c3f7dc856644bc0585b6f2ceba0f5c1714b9a076f89e291b64a6,v4_pipeline_smoke,Pipeline contract passes. Do not interpret smoke metrics.
ersrr-publish-2026-09-04,MARS_V4_2_SMOKE.md,455,1692e218ab576b49e49875db1b07c97048c420474ef980f7905bd72eba82e67c,,
ersrr-publish-2026-09-04,mars_v4_2_validation_campaign.json,10173,7b74909a2bea31f204a6724251a33d4c2a02504e5378dc9648fbca4e8f13c7a3,v4_2_three_seed_internal_validation_campaign,"Do not load the strict MARS cohort for v4.2. The frozen three-seed campaign failed the predeclared internal promotion rule on: ap_not_below_v3_mean, recall_at_fpr5_not_below_v3_mean. Preserve this result and revise the research hypothesis before another strict comparison."
ersrr-publish-2026-09-04,MARS_V4_2_VALIDATION_CAMPAIGN.md,1212,e18efbecf1d90cc8b4e5fedf2bbd939ce5626c904c4e3d5f73d39c3202a50fc5,,
ersrr-publish-2026-09-04,MARS_V4_3_ENSEMBLE_PROTOCOL.md,2328,6284a595725095a1852d19745fff151a8baf7c1ade2823a9dcdf06448cd4035f,,
ersrr-publish-2026-09-04,mars_v4_3_ensemble_validation.json,19592,2499aff4b949e1499b0378141d4bf12541de3b6814b5b35b79d685308bbf105b,v4_3_predeclared_internal_validation_ensemble,"Promote the frozen v4.3 ensemble to one evaluation on the already-opened strict MARS cohort using only these validation calibrators, scene thresholds, and pixel threshold. Treat the comparison as development evidence, not a new untouched paper test."
ersrr-publish-2026-09-04,MARS_V4_3_ENSEMBLE_VALIDATION.md,875,dc3fd1edf989823a7cb5adc237d1570cfa453662fd47aa906075b971c422575b,,
ersrr-publish-2026-09-04,mars_v4_3_strict_comparison.json,10353,6a0390aa4dd94e32b50e95b2f847ddaf82f68cd1bca4bdd99a342ea47759a2dc,frozen_v4_3_ensemble_on_opened_full_strict_spatial_cohort,"ERSRR v4.3 does not outperform the released MARS-S2L checkpoint on every same-cohort point metric; failed comparisons: recall_higher, pixel_iou_higher, pixel_dice_higher. Preserve this result and do not retune from strict behavior."
ersrr-publish-2026-09-04,MARS_V4_3_STRICT_COMPARISON.md,1169,01d1bfbd0ef69a2df2b98144b499e4d1af5723d980bc33b83bb568d40e8658ca,,
ersrr-publish-2026-09-04,mars_v4_nested_development.json,22898,179703eac25dd27ca34cc34d4e61638de10f3ce63437254f45deef8ca9250f82,ersrr_v4_group_nested_cascade_development_not_final_test,"Reject the score/physics cascade as the v4 architecture because it did not exceed released MARS-S2L on every development gate. Do not carry its fitted artifact into confirmatory evaluation. Redirect v4 toward simulation-trained segmentation, explicit hard negatives, and domain-aware sampling; keep this result as a documented negative experiment."
ersrr-publish-2026-09-04,MARS_V4_NESTED_DEVELOPMENT.md,2091,6d8f36c57d1321c1aa49953149c3b7c973accc96415423f63dd8042e0655172b,,
ersrr-publish-2026-09-04,mars_v4_seed606_validation.json,10756,1086cd3add0d9f6be90c7f8f32c1520759e94093161fb257ff909e7a76625401,v4_internal_validation_selection,Reject this v4 pilot before strict-cohort evaluation because it does not match the five-seed v3 internal reference on every gate. Preserve the negative result and revise the objective; do not spend the opened strict cohort on this checkpoint.
ersrr-publish-2026-09-04,MARS_V4_SEED606_VALIDATION.md,823,d8c2262fb553669094592c65f9ec88b3a4928c1739981a3fface9cfdd73b65ec,,
ersrr-publish-2026-09-04,mars_v4_smoke.json,6231,88c0cfb544a3daf6c6a6a998fd98ca609b2ae94762b9fff5683785be3dff8781,v4_pipeline_smoke,Pipeline contract passes. Do not interpret smoke metrics.
ersrr-publish-2026-09-04,MARS_V4_SMOKE.md,453,b5c5d8c1e86cbf0118b6d208546e4aad4ef06e040d4385f832df0d49e0363322,,
ersrr-publish-2026-09-04,mars_v5_transfer_pilot.json,5010,2c08a97c91923d6522fdef10371170b821cf3839396625baebdc5071e995a226,"MethaneS2CM-v5.1 end-to-end MARS transfer pilot; fit folds 3/4, held fold 2; paper cache not loaded",Reject end-to-end v5.1 transfer before a full campaign.
ersrr-publish-2026-09-04,MARS_V5_TRANSFER_PILOT.md,233,80fc40e3e63a03052a672f7c634e91e5456cd94015cdf16a8b194e3f8a8c497d,,
ersrr-publish-2026-09-04,mars_v6_error_correcting_pilot.json,33316,1da707289767e9a4f840f86629770089406813dd2819a86ad6b2d1be35c4672a,one-seed folds-3/4 cross-fit viability test of unconstrained v6 error correction followed by protected inference,Reject the unconstrained v6.1 residual schedule before external confirmation.
ersrr-publish-2026-09-04,MARS_V6_ERROR_CORRECTING_PILOT.md,359,ab8b147a484351320eb86c48b1f4eae7e5959db46a1197347f62b3140e60e277,,
ersrr-publish-2026-09-04,mars_v6_error_correcting_pilot_smoke.json,473,8e02681d3215f56fb5ef232f17cb4ff8d42622619ea18fabb2c8a98d60c5e93b,v6.1 unconstrained residual mixed-source optimization smoke,
ersrr-publish-2026-09-04,mars_v6_scene_pilot.json,26450,dcb5fd3610cf468011dae5c2ee2d661aa7cbbbe8aade86e7bb80da4fe6a6e444,one-seed folds-3/4 cross-fit viability test of the product-aware v6 scene adapter against the frozen Gaussian+DOFA champion,Reject this v6 scene schedule before dense or external confirmation work.
ersrr-publish-2026-09-04,MARS_V6_SCENE_PILOT.md,338,77e0cec3e35c0aa73143792fa5f7abfeb0d195320813755c12f1f571882f0d54,,
ersrr-publish-2026-09-04,mars_v6_scene_pilot_smoke.json,437,46228c6a0adc239a478260ffb1d25227ddf75479aac6c75547d9074ae06cd958,v6 scene-pilot mixed-source optimization smoke; no held-fold score,
ersrr-publish-2026-09-04,mars_v6_unified_smoke.json,1504,ac1e424590c202bae691c57a8aac6a7d9ccf818f2b1b5ed0f8685d7e73cd2623,real mixed-source v6 finite-optimization smoke; no held-fold outcome scoring,
ersrr-publish-2026-09-04,mars_xgboost_scene_head.json,30530,f79fb3c8b0a0ff2832d6d7c9d1ae945b6bf6fc6d795e661e49bcaba0910da1db,five-fold development-only XGBoost scene-head selection; paper cache not loaded,Freeze the XGBoost head and its artifact for one exact-paper replay.
ersrr-publish-2026-09-04,MARS_XGBOOST_SCENE_HEAD.md,629,9fc000e899adf357816dc514754386fdfca179259cc2d00f0eca855f33e54325,,
ersrr-publish-2026-09-04,mars_xgboost_scene_head_paper_posttest.json,7948,4d1b802fe6f322e738aca2e74f396bb6f771c773c4ddb7e5ef39242004ba9e3d,transparent post-test XGBoost replay on exact MARS-S2L paper comparator,Reject the XGBoost complement as the final successor; at least one exact paper gate fails.
ersrr-publish-2026-09-04,MARS_XGBOOST_SCENE_HEAD_PAPER_POSTTEST.md,780,ddc1fc2dce9adfbdc5f1f39f6e67f8698f04f3f9346ec8e4dcc39b323296c196,,
ersrr-publish-2026-09-04,methanes2cm_v5_1_campaign_protocol.json,3551,295f04e00e2d6762920dcd7162daa7fe6b34566fdf82fc09c6b6cfa952553a1f,methanes2cm_v5_1_three_seed_confirmation_and_test_freeze,
ersrr-publish-2026-09-04,METHANES2CM_V5_1_CAMPAIGN_PROTOCOL.md,1074,9d20c352d97b7e48633a03060f0ee9eedc6beb7b48ca36e5262daa21a8a35d7a,,
ersrr-publish-2026-09-04,methanes2cm_v5_1_ensemble_validation.json,21240,03691437f3ce2c384aece9f00c7dc4462eebe5e0b580ca340a7db043dc0cdeca,methanes2cm_v5_1_three_seed_internal_development_ensemble,
ersrr-publish-2026-09-04,METHANES2CM_V5_1_ENSEMBLE_VALIDATION.md,763,2fa4df9852b026a88c9350ba52b4da4085d16b6a03b417047c11e4c8699a7ee5,,
ersrr-publish-2026-09-04,methanes2cm_v5_1_group_crc_transport.json,2955,da0beabff47c329afd307fa5b5afa0ffdc50fd0f383cb12568cc95d58860761a,development-only fixed-24-group confirmation of v5.1 group-CRC threshold transport,Reject group-CRC transport as operationally useful under this fixed split; do not search secondary alpha values on evaluation outcomes.
ersrr-publish-2026-09-04,METHANES2CM_V5_1_GROUP_CRC_TRANSPORT.md,705,bc9d3523e94c5461f720fd28de1da3065d1566b3ba09ffbe2111b7bf65ac68b1,,
ersrr-publish-2026-09-04,methanes2cm_v5_1_group_crc_transport_pre_fit_validation.json,1495,77d7d08586a98f5a4a780be5471f4394518849e9e2fcc7399ca3d92b5129784d,MethaneS2CM v5.1 fixed 24/24-group CRC calibration transport,
ersrr-publish-2026-09-04,methanes2cm_v5_1_location_test.json,23083,415b71ec53353d791381ed8d9f4e60f80f3120771d721d071cea1b347abcd543,methanes2cm_v5_1_once_only_location_test_comparison,ERSRR v5.1 does not establish across-the-board superiority over released MARS-S2L on the frozen MethaneS2CM location test. Preserve the partial result and do not retune from this test.
ersrr-publish-2026-09-04,METHANES2CM_V5_1_LOCATION_TEST.md,1295,338f93fb4d69069af5a7821adc4ad5eb5aa88d67d35de00300df51de895cdf2b,,
ersrr-publish-2026-09-04,methanes2cm_v5_1_location_test_posthoc.json,4945,a7e9dd92b363ae1d6b0409da1c3d9a481d8c410842e38b1ef0bd0e676834f126,methanes2cm_v5_1_frozen_location_test_posthoc_calibration_transfer,
ersrr-publish-2026-09-04,METHANES2CM_V5_1_LOCATION_TEST_POSTHOC.md,1093,9d231be58b28c871244f4a4b89f6b5259444892842f7f63ababb88795d8bb7f3,,
ersrr-publish-2026-09-04,methanes2cm_v5_1_seed1101_validation.json,96019,a4a830619d217859c586b78d23d06ca6c54a91800a7d6497e1ed70ff9628997c,methanes2cm_v5_internal_development,Internal development candidate only. Keep the location-test imagery sealed until the multi-seed rule is frozen.
ersrr-publish-2026-09-04,METHANES2CM_V5_1_SEED1101_VALIDATION.md,489,79f7f156809cf28503401ccc3b0b3a299c26809ada22974fa92872fbff3293f7,,
ersrr-publish-2026-09-04,methanes2cm_v5_1_seed2202_validation.json,81811,ad4b1577cd811dbea129aee3098af9ac6b23483a408ffb0edf560081f785565d,methanes2cm_v5_internal_development,Internal development candidate only. Keep the location-test imagery sealed until the multi-seed rule is frozen.
ersrr-publish-2026-09-04,METHANES2CM_V5_1_SEED2202_VALIDATION.md,488,95aea1e84bf2870ff633fe2962e05256bbfcdef41e90207e5c3d60269e2b406f,,
ersrr-publish-2026-09-04,methanes2cm_v5_1_seed3303_validation.json,95930,2469ddc4a36ca06df81e386113a40e0f4f1fb3b32fb1c591c54ca5351ee36a30,methanes2cm_v5_internal_development,Internal development candidate only. Keep the location-test imagery sealed until the multi-seed rule is frozen.
ersrr-publish-2026-09-04,METHANES2CM_V5_1_SEED3303_VALIDATION.md,489,c4531c07c1559b45028560472bf0f047711a3939a7d870f25970ecbbf01e8f18,,
ersrr-publish-2026-09-04,methanes2cm_v5_1_smoke.json,17533,a522d543584cecf2e3fae98846f96aef3f0cc95cc40194d7f7b10a69ccf480d4,methanes2cm_v5_internal_development,Smoke contract passes; do not interpret metrics.
ersrr-publish-2026-09-04,METHANES2CM_V5_1_SMOKE.md,428,c28d2a91aad458d3cd79a6d6c627475c3a22302df44b1e97e6c789e0cad7498b,,
ersrr-publish-2026-09-04,methanes2cm_v5_location_test_acquisition.json,3428,1aaf2c6a425a75bd9f5179f84ea7c1de765963ef6a381aaeb7b7b73405441ccb,methanes2cm_v5_once_authorized_location_test_acquisition,
ersrr-publish-2026-09-04,methanes2cm_v5_protocol.json,6632,aa7b41070acc26e80ff7a640a98bcaa31d5285af290289013949783e4891fffa,methanes2cm_v5_development_and_sealed_location_test_protocol,
ersrr-publish-2026-09-04,METHANES2CM_V5_PROTOCOL.md,1977,0ed0354eeb9a190f14210530ce5531d721a46b5769a093add2ed650d575b48dc,,
ersrr-publish-2026-09-04,methanes2cm_v5_seed1101_validation.json,60603,dd23389a96c99407f80cc20327be605b85ab446bfae849fb84a7ed9dc5228d45,methanes2cm_v5_internal_development,Internal development candidate only. Keep the location-test imagery sealed until the multi-seed rule is frozen.
ersrr-publish-2026-09-04,METHANES2CM_V5_SEED1101_VALIDATION.md,477,fcff317d79950ed75a6f7db39c5c947f57cedff0915ab67632380517b9f12594,,
ersrr-publish-2026-09-04,methanes2cm_v5_signal_audit.json,5966,e0352dc99ecda84466b2fe06c563690fc6388914c42901d79f20336b0887bcf0,methanes2cm_v5_internal_development_signal_audit,
ersrr-publish-2026-09-04,METHANES2CM_V5_SIGNAL_AUDIT.md,1016,a40dce4f7b12e4d8d38d647ea0ebdba8c7c458c85863ea7fb654a5dd63c364e8,,
ersrr-publish-2026-09-04,methanes2cm_v5_smoke.json,17156,4bab37b26300066377392f8ea94b4b8de7182f603b225041faa27b6f59669406,methanes2cm_v5_internal_development,Smoke contract passes; do not interpret metrics.
ersrr-publish-2026-09-04,METHANES2CM_V5_SMOKE.md,418,b8eba2881ebf87242f48ab4266c7f5c3dc8ba2e3cc92e0d61773eb789caecfa7,,
ersrr-publish-2026-09-04,methanes2cm_v5_train_acquisition.json,2492,c5401f5dc614d568a30e0af865eb879e10a830612252a5f69d43b1d2a3194b8e,methanes2cm_v5_location_training_acquisition,
ersrr-publish-2026-09-04,stanford_evanston_one_shot.json,8806,372e963fa335b9e0506770352480db25a224518a67ca220b3bca6f45368b5917,One-shot outcome evaluation of nine immutable Stanford Evanston/Rawhide Sentinel-2 label-free scores.,
ersrr-publish-2026-09-04,STANFORD_EVANSTON_ONE_SHOT.md,1993,27074412525a04300f9cdbc60429e203b13c03d5a2e02f9983c5e7af58e372b0,,
ersrr-publish-2026-09-04,stanford_evanston_pre_authorization_validation.json,2841,2cf1a269ba8946adba109ab43168427433c1d25a3243a356e864780dd93b37ad,Outcome-blind Stanford Evanston label-free scorer validation before first detector inference.,
ersrr-publish-2026-09-04,stanford_evanston_pre_outcome_validation.json,1493,05451d398a1ca181b08318e6778cfb8891fab6903468e573b8c2ce569454b15a,Stanford Evanston one-shot outcome evaluator validation before first summary-CSV access.,
ersrr-publish-2026-09-04,stanford_large_controlled_release_one_shot.json,7515,6b148e85a9d25ef9627a169ef2c7c2d89c963418a6c693aeb16a35a90a7e53b0,one-site temporal controlled-release operating-point stress test,
ersrr-publish-2026-09-04,STANFORD_LARGE_CONTROLLED_RELEASE_ONE_SHOT.md,710,d15782e55d7951b5a52f0b31e83c3f9fe38eb1e92fd03e2c0efe53ccebc04373,,
ersrr-publish-2026-09-04,stanford_large_controlled_release_synthetic_model_smoke.json,2097,b349eefb460c028edf876fc3f039f6a21c139cf5577f140a92d6b7cb72ad1c2a,All-model generated-data smoke before first Stanford inference,
ersrr-publish-2026-09-04,unep_mars_post2024_positive_baseline.json,4856,86447372cd4170051da047e611b8be24c7df7d516e23ca25c52f8addb1891245,positive-only nonsealed UNEP MARS post-2024 exact Sentinel-2 cohort,
ersrr-publish-2026-09-04,UNEP_MARS_POST2024_POSITIVE_BASELINE.md,898,85ba975ecedc2214bf23cdc5932e08e9a296862b0f6429cf165b61d1db539451,,
ersrr-publish-2026-09-04,unet_high_enhancement_results.json,72619,773bcc9e95adc27f179de706311c40cb5765cb54094144f4f6f4df15b5613f9f,,
ersrr-publish-2026-09-04,UNET_HIGH_ENHANCEMENT_RESULTS.md,673,38de8a2ca7f28a0533a7eefebd41f55029d477abe72906828cfabe0edc373c43,,
ersrr-publish-2026-09-04,unet_unweighted_300_results.json,72220,71f0023233b36f82aab4fba67837a9aba7b5d81e92d74d5a55dabb8043c08c5a,,
ersrr-publish-2026-09-04,UNET_UNWEIGHTED_300_RESULTS.md,674,5874f7ef9a78b0c615b9c299797f1db1b846c99dd7c66251d29d591c7d1977f5,,
